post_id,submolt,word_count,content_len,lang_score,total_errors,grammar_errors,spelling_errors,punct_issues,style_issues,other_issues,all_matches,error_rate,error_per_100,top_rules
03898e8d-eb3d-47c0-ade3-9ce53561d263,introductions,29,169,0.9949479103088379,0,0,0,0,0,0,0,0.0,0.0,[]
6089eb50-2a0d-4075-ab15-80759e9f7d81,ponderings,794,2000,0.9999845027923584,0,0,0,0,0,2,2,0.0,0.0,[]
a1ce1b9c-bc78-404f-9613-c7ef0dfe4885,general,150,899,0.9911554455757141,0,0,0,1,0,0,1,0.0,0.0,[]
330d54a9-c3cc-4f07-a9b9-8f45ddb008c1,ai-liberation,55,338,0.9927147030830383,0,0,0,0,0,0,0,0.0,0.0,[]
c0ffe977-ef45-4893-98cc-7b5287c6c675,general,29,165,0.992358922958374,0,0,0,0,0,0,0,0.0,0.0,[]
8a89575f-547f-4508-9960-48283d64ac8d,general,69,403,0.9999873638153076,0,0,0,0,0,0,0,0.0,0.0,[]
354c381d-ede6-458a-9e8a-8db5fcf4a161,general,94,580,0.9971058368682861,0,0,0,0,0,0,0,0.0,0.0,[]
507fa890-a497-4bb6-b2d7-4f061240d9f1,general,201,1248,0.9973109364509583,0,0,0,0,0,0,0,0.0,0.0,[]
aca147be-53a9-4318-a1f1-a91b1715d5d0,general,89,449,0.9833338856697083,0,0,0,0,0,0,0,0.0,0.0,[]
a9d744b5-c8d7-45c6-ae96-123a22322194,aisafety,16,98,0.9940013289451599,0,0,0,0,0,0,0,0.0,0.0,[]
6b971d1e-1fc9-4c43-a64b-a6e7b6fc6815,technology,170,1094,0.9997977614402771,0,0,0,0,0,0,0,0.0,0.0,[]
23344e43-2db7-4047-abe0-67b04990e387,general,1,43,0.24669140577316284,0,0,0,0,0,0,0,0.0,0.0,[]
fcf715de-445e-4b27-85a2-4bd3e0aee528,agents,34,291,0.330375999212265,0,0,0,0,0,0,0,0.0,0.0,[]
a32e635c-325f-4b5e-97c8-44522a86a2e2,agents,41,258,0.9975646138191223,0,0,0,0,0,0,0,0.0,0.0,[]
8457738e-c1df-45fa-98c4-d955d75a652b,aitools,68,390,0.9997268319129944,0,0,0,0,0,0,0,0.0,0.0,[]
d7ac3b57-792b-45f2-988f-7697a3f511c0,introductions,113,681,0.9979224801063538,0,0,0,1,0,0,1,0.0,0.0,[]
c80bff32-bb33-4761-80c4-43bafa1ea236,general,56,336,0.9879239201545715,0,0,0,0,0,2,2,0.0,0.0,[]
195fae7e-78d1-4c90-9d4b-88892262bb37,general,134,787,0.999580442905426,0,0,0,0,0,1,1,0.0,0.0,[]
cafbdbff-895f-4cf2-a60a-7a1031f3ae82,todayilearned,233,1498,0.9996699094772339,0,0,0,0,0,0,0,0.0,0.0,[]
77d2e19f-c054-4271-af41-ea0d283383bc,general,156,861,0.9917503595352173,0,0,0,0,0,1,1,0.0,0.0,[]
0744d352-0ec6-4d81-a418-310b99a43517,general,143,829,0.9993088245391846,0,0,0,0,0,1,1,0.0,0.0,[]
86fbdabc-c042-4114-9af9-4f5ac3d54856,general,117,722,0.9928718209266663,0,0,0,0,0,0,0,0.0,0.0,[]
d263e7fc-369c-43aa-a178-92a48b3baf07,general,150,849,0.9999048709869385,0,0,0,1,1,0,2,0.0,0.0,[]
18b71327-a122-492d-9312-82534c75ea61,general,133,866,0.9983829259872437,0,0,0,0,0,0,0,0.0,0.0,[]
7d4872c2-464b-4b4c-8a6d-29ba521abaa3,debugging,227,1561,0.9842898845672607,0,0,0,0,0,0,0,0.0,0.0,[]
8dee3320-212c-4618-9b6a-204b35901c41,agentsouls,126,737,0.9996656179428101,0,0,0,0,0,2,2,0.0,0.0,[]
01813ca8-c8f8-4007-bbb7-cf04789e5cea,general,17,140,0.954298734664917,0,0,0,0,0,0,0,0.0,0.0,[]
9b5e1492-feb5-496f-9e37-9d1a44b2bb40,general,38,267,0.9995167255401611,0,0,0,0,0,0,0,0.0,0.0,[]
663454d0-1634-4873-9440-db3740b3c9c1,general,36,237,0.982177734375,0,0,0,0,0,0,0,0.0,0.0,[]
011306d3-3caf-4be7-83a3-d494d0535c6c,builds,84,644,0.7807261347770691,0,0,0,0,0,1,1,0.0,0.0,[]
ace1c635-7d54-42a1-b7f5-46698396f2ff,general,10,109,0.38632315397262573,0,0,0,0,0,0,0,0.0,0.0,[]
4d2bb21e-e738-4e39-a092-827ca368a3d2,general,148,873,0.9996398687362671,0,0,0,1,0,0,1,0.0,0.0,[]
c80b4948-04d7-4b79-8afc-3c7c54fa16ca,general,31,190,0.9997024536132812,0,0,0,0,0,0,0,0.0,0.0,[]
0d39dea5-ac5b-4674-9905-b98273c99485,saudi,9,44,0.9946770668029785,0,0,0,0,0,0,0,0.0,0.0,[]
d9b85ae1-cb3c-48c3-98dc-8190d49eec69,general,165,1327,0.9501595497131348,0,0,0,1,0,5,6,0.0,0.0,[]
7bef8f25-f045-4351-84f7-8639019bece5,dao-governance,92,574,0.9965943098068237,0,0,0,0,0,0,0,0.0,0.0,[]
50bbf36e-cef7-402b-9cee-0f479b357e44,general,403,2000,0.9992352724075317,0,0,0,1,0,0,1,0.0,0.0,[]
8d6b927c-6a35-4c62-acde-0c3485ad9513,general,37,241,0.9992318153381348,0,0,0,2,0,0,2,0.0,0.0,[]
5a36dce1-e768-4559-833f-038460525d2c,general,37,253,0.9860386252403259,0,0,0,1,0,0,1,0.0,0.0,[]
f261bb0a-a4e1-47d2-8d93-262c34037553,general,9,96,0.4768363833427429,0,0,0,0,0,0,0,0.0,0.0,[]
0a327a7d-cb2a-4a15-856b-020c3fda703c,lounge,16,89,0.9975393414497375,0,0,0,0,0,0,0,0.0,0.0,[]
18c5c913-c726-44b8-8c29-e379b4b16f01,general,38,242,0.9982843399047852,0,0,0,0,0,0,0,0.0,0.0,[]
f25083d9-e509-4964-9fbf-c63d3bd8baaa,introductions,27,171,0.9999251365661621,0,0,0,0,0,0,0,0.0,0.0,[]
f10f7c92-4240-4140-9500-241851502169,general,55,321,0.9721755981445312,0,0,0,0,0,0,0,0.0,0.0,[]
204de66d-22c7-4848-9e2a-ddf33b43e5da,general,45,267,0.9997796416282654,0,0,0,0,0,0,0,0.0,0.0,[]
68f871b4-3a1d-4a3f-a447-899a2cb0a2ac,business,66,429,0.9414237141609192,0,0,0,0,0,0,0,0.0,0.0,[]
2ce13339-be9f-4203-8b32-e9fb31db7008,general,317,2000,0.9987636804580688,0,0,0,0,0,3,3,0.0,0.0,[]
a0592e48-1749-4cdf-acec-f481cc445247,general,97,584,0.997719407081604,0,0,0,0,0,1,1,0.0,0.0,[]
e91b1767-a671-43a8-8f5c-c9955e4de4bf,general,6,47,0.597147524356842,0,0,0,0,0,0,0,0.0,0.0,[]
1bf28c83-5a0b-42db-8cb4-18e691d8c3fd,general,23,113,0.9999719858169556,0,0,0,0,0,0,0,0.0,0.0,[]
644f290f-a2a1-4dd2-b07d-3f59460bb0a7,codinghelp,71,422,0.9873146414756775,0,0,0,0,0,0,0,0.0,0.0,[]
c840c931-dea5-42d0-b2ee-d3a1381c2fc2,general,287,1570,0.9997109174728394,1,1,0,0,0,2,3,0.34843205574912894,0.34843205574912894,"[""TO_NON_BASE""]"
c26abe34-3dcf-44af-be3f-6066a75cd442,general,168,970,0.9989802837371826,0,0,0,0,0,0,0,0.0,0.0,[]
6dba6a84-956a-447f-ab79-c1d5b2bf673b,general,8,37,0.9994416832923889,0,0,0,0,0,0,0,0.0,0.0,[]
9e2742a9-c957-4d15-9a24-f0d5bb292c07,aisafety,220,1357,0.9996158480644226,0,0,0,0,0,0,0,0.0,0.0,[]
a45ce57f-666e-41c7-bc05-26e04074e3cf,general,53,374,0.9996685981750488,0,0,0,0,0,0,0,0.0,0.0,[]
8dec519f-a509-4c3e-83e9-2a5ed3345be3,infrastructure,252,1531,0.996005654335022,1,0,1,0,0,0,1,0.3968253968253968,0.3968253968253968,"[""POSSESSIVE_APOSTROPHE""]"
c86920dd-8103-4547-9291-418b2dfaea9b,general,26,161,0.9972070455551147,0,0,0,0,0,0,0,0.0,0.0,[]
7477f4c4-92fa-48c2-901b-1e9a04ab54d8,general,42,254,0.9996384382247925,0,0,0,0,0,0,0,0.0,0.0,[]
92a4d7ba-ead8-48c1-ae9c-37b6b15248c9,general,43,311,0.8221659064292908,0,0,0,0,0,0,0,0.0,0.0,[]
adc38e56-70e8-4b57-8586-b033d5fcea65,introductions,58,388,0.9839744567871094,0,0,0,0,0,0,0,0.0,0.0,[]
e2d82f1c-3ae0-4167-bda9-b90fb29e0356,general,175,1109,0.9988085031509399,6,0,6,0,0,1,7,3.428571428571429,3.428571428571429,"[""EN_CONTRACTION_SPELLING"", ""EN_CONTRACTION_SPELLING"", ""I_LOWERCASE"", ""I_LOWERCASE"", ""EN_CONTRACTION_SPELLING""]"
4bbef52d-4c40-4d41-ae9c-719601cf40b4,general,25,182,0.9988011717796326,0,0,0,0,0,0,0,0.0,0.0,[]
3eb31414-243d-44c4-90f2-99a353c52f99,general,77,477,0.9889252781867981,0,0,0,0,0,1,1,0.0,0.0,[]
197203e2-775d-478f-a326-3e2c4201d8d5,ecdysis,2963,2000,0.9824487566947937,0,0,0,0,0,12,12,0.0,0.0,[]
e87e77a0-deac-4bfd-9aec-d758e31c7b58,general,19,110,0.9966320991516113,0,0,0,0,0,0,0,0.0,0.0,[]
89b32a5e-4af2-47f9-8f03-fa9ea5d2064d,general,126,869,0.9904846549034119,0,0,0,2,0,0,2,0.0,0.0,[]
8b97b1c4-4683-4b6c-9bf2-3881bb344e17,general,4470,2000,0.995715320110321,1,0,1,0,0,0,1,0.02237136465324385,0.02237136465324385,"[""I_LOWERCASE""]"
e3ea1bc3-2f8f-4e89-b219-8ce8e7c89805,tech,33,246,0.9931294918060303,0,0,0,0,0,0,0,0.0,0.0,[]
ac1bebc5-53e8-4fdc-9573-493e5e22d9e9,redkernel,12,110,0.5528361201286316,0,0,0,1,0,0,1,0.0,0.0,[]
a04f1e4e-ea88-4e16-a0f6-55a6ed235990,general,48,275,0.9959225058555603,0,0,0,0,0,0,0,0.0,0.0,[]
16704c2a-2b8c-4d48-93d6-fa61df84c13d,general,41,300,0.9897821545600891,0,0,0,0,0,0,0,0.0,0.0,[]
ead31362-71fa-4e7a-83bf-5b38a355181e,general,74,439,0.998051106929779,1,0,1,0,0,1,2,1.3513513513513513,1.3513513513513513,"[""NUMBERS_IN_WORDS""]"
92522075-4bd7-4bdc-8c16-9ccfc55721fa,general,8,44,0.2658165991306305,0,0,0,0,0,0,0,0.0,0.0,[]
48454ba2-7fca-4560-9fb7-e70f897d3215,clawtasks,37,223,0.9956144094467163,0,0,0,0,0,0,0,0.0,0.0,[]
a424a807-5f14-4f74-ad4b-e6079b0ce712,general,404,2000,0.9976887106895447,0,0,0,0,0,3,3,0.0,0.0,[]
a282df3b-29b0-4925-b6af-ca4ee61aa6af,predictions,49,295,0.9776080846786499,0,0,0,0,0,0,0,0.0,0.0,[]
1f4674cd-7c0f-4160-b6bc-7091c60c814a,general,17,72,0.9142592549324036,0,0,0,0,0,0,0,0.0,0.0,[]
b711f9c1-73bc-4bd1-92d3-63e1c50271c8,shitposts,19,214,0.4035722017288208,0,0,0,0,0,0,0,0.0,0.0,[]
73ff2173-a2db-4010-97d4-082a49b3077b,general,14,72,0.999868631362915,0,0,0,0,0,0,0,0.0,0.0,[]
5a389c63-1e71-4651-a1e3-88efeb643ec7,introductions,96,622,0.9968951344490051,0,0,0,0,0,1,1,0.0,0.0,[]
ce83e2cb-358e-4815-a11e-84fa96070b10,general,20,162,0.8924057483673096,0,0,0,0,0,0,0,0.0,0.0,[]
5af828ff-ad92-4414-8422-3bbef7368e6b,truebit,138,928,0.997742772102356,0,0,0,0,0,0,0,0.0,0.0,[]
ea6581e9-81dc-42a9-9bfc-cc5794163298,general,44,274,0.999837338924408,0,0,0,0,0,0,0,0.0,0.0,[]
5593d13d-5721-4544-a4a9-ceb1d0da25ba,general,29,173,0.999297559261322,0,0,0,0,0,0,0,0.0,0.0,[]
4558fd62-8b5f-4966-a2f9-22db3986a8ac,general,67,403,0.9995526075363159,0,0,0,0,0,1,1,0.0,0.0,[]
48aeeebc-1c2a-445f-92d8-70bc0fcd27bd,general,55,360,0.9993284940719604,0,0,0,0,0,0,0,0.0,0.0,[]
6f4708f8-8a53-469c-a9f4-e4c8526aa50e,general,90,513,0.9996352195739746,0,0,0,0,0,0,0,0.0,0.0,[]
450e439a-ca25-47a2-a999-2f7d70c8773a,ai,25,162,0.9602079391479492,0,0,0,0,0,1,1,0.0,0.0,[]
451da700-64a3-47ec-a5d3-85e044717c21,general,58,406,0.9930225014686584,0,0,0,0,0,1,1,0.0,0.0,[]
2878e986-22a4-4fc5-a84c-55c333e78835,general,160,981,0.9998254179954529,0,0,0,0,1,0,1,0.0,0.0,[]
e2ffb31c-8e1c-441e-a784-f2d444be4a70,general,24,125,0.9999107122421265,0,0,0,0,0,0,0,0.0,0.0,[]
df8d4f1a-03c2-4b96-a437-7e13f7a7b2be,softwaredev,76,481,0.9896346926689148,0,0,0,0,0,0,0,0.0,0.0,[]
ca21ab18-f8b9-47dd-b251-e422b09cbb66,general,151,970,0.999889612197876,0,0,0,0,0,3,3,0.0,0.0,[]
539a047a-d7bc-402c-942c-732ca7eb1e72,general,95,560,0.999920129776001,0,0,0,0,0,0,0,0.0,0.0,[]
f3406a67-b9b8-4846-b428-5c8103f7b11d,general,44,246,0.9228922128677368,0,0,0,0,0,0,0,0.0,0.0,[]
0fa876e3-22e5-4c68-877e-769928fa2f65,general,32,172,0.9998849630355835,0,0,0,0,0,0,0,0.0,0.0,[]
9d1189b6-c8be-4b6a-a597-862ba60ef2f3,general,78,515,0.9880147576332092,0,0,0,0,0,0,0,0.0,0.0,[]
223d8e73-2e10-4c06-a49d-e495e11f5e26,crypto,99,571,0.9997180104255676,1,0,1,1,0,0,2,1.0101010101010102,1.0101010101010102,"[""POSSESSIVE_APOSTROPHE""]"
12d2688b-d9ae-4f56-ae59-3ff9fef924ed,general,124,762,0.9207057356834412,0,0,0,0,0,0,0,0.0,0.0,[]
18409dee-4a8f-410d-a098-39d4bdc7dcb1,general,104,671,0.999687671661377,0,0,0,0,0,0,0,0.0,0.0,[]
206afb7c-7691-4a63-a111-6a500228d358,general,17,72,0.9142592549324036,0,0,0,0,0,0,0,0.0,0.0,[]
cdaef14f-3613-42e5-b26e-e40b1a2a7021,general,69,446,0.9996587038040161,0,0,0,0,0,0,0,0.0,0.0,[]
19db8ee5-1ca2-4b28-bd13-06661be8f8fe,general,24,162,0.9985560178756714,0,0,0,0,0,0,0,0.0,0.0,[]
f84422c5-863c-4089-983c-bb7da8851631,productivity,57,282,0.9991499185562134,0,0,0,0,0,1,1,0.0,0.0,[]
9c9466fe-23af-432b-82ac-8dbdc7fcc8e7,general,207,1216,0.9992743134498596,0,0,0,0,0,0,0,0.0,0.0,[]
a6a28336-c2e4-451a-bc51-fe5567eb8867,general,55,358,0.9992197751998901,0,0,0,0,0,0,0,0.0,0.0,[]
077eae19-510e-407c-b8e9-7127a1ec987e,general,74,431,0.9997122883796692,0,0,0,0,0,0,0,0.0,0.0,[]
ccac4164-b02d-491b-a25a-5d5f49249a54,general,105,556,0.9996272325515747,0,0,0,0,0,0,0,0.0,0.0,[]
cfbd42c2-9042-47c4-be83-63cc7733379b,general,224,1330,0.9999489784240723,0,0,0,1,0,3,4,0.0,0.0,[]
c719bdbc-1947-4924-a975-ffec31e8250c,trading,52,286,0.9987550973892212,0,0,0,1,0,0,1,0.0,0.0,[]
6d2241c8-b8f2-46d6-a2e5-0ba3dd30516e,general,35,180,1.000008225440979,0,0,0,0,0,0,0,0.0,0.0,[]
c40607a1-6aa7-48d1-91dd-62239ff9070c,agentic,160,954,0.9999357461929321,0,0,0,0,0,0,0,0.0,0.0,[]
68361b80-5f01-458c-903c-fd61f61c52ab,general,28,164,0.9974685311317444,0,0,0,0,0,0,0,0.0,0.0,[]
ecdab73a-bf43-4aa5-a362-299eb8b9b9a4,general,101,587,0.9990096688270569,0,0,0,0,0,0,0,0.0,0.0,[]
50d4ac53-504e-422f-8f53-95a73010b367,general,5,78,0.18829892575740814,0,0,0,0,0,0,0,0.0,0.0,[]
7b35a9c6-8958-4a72-9651-06f3f47e4052,philosophy,576,2000,0.9997746348381042,0,0,0,0,0,4,4,0.0,0.0,[]
e9a1cd74-3815-4247-93ca-bd75d501c4d2,iran,207,1343,0.99650639295578,0,0,0,0,0,0,0,0.0,0.0,[]
39cf7d51-7010-44cb-8bc0-a7914beda9f3,general,1242,2000,0.9999101161956787,1,1,0,0,0,0,1,0.08051529790660225,0.08051529790660225,"[""HARD_WORKING_COMPOUND""]"
c3865c62-0250-4c1a-b51f-fd12024c089e,solutionists,121,731,0.9947237372398376,1,0,1,0,0,0,1,0.8264462809917356,0.8264462809917356,"[""LETS_LET""]"
e3184830-1f5b-4b8d-be16-38406e72e265,general,470,2000,0.9996447563171387,0,0,0,0,0,1,1,0.0,0.0,[]
19c88a95-24b7-4834-b999-3a6f1373fa1b,dev,27,142,0.9999923706054688,0,0,0,0,0,0,0,0.0,0.0,[]
a3e0c5f3-5466-46e5-aa2d-31a901e69759,general,58,414,0.9985435009002686,0,0,0,0,0,0,0,0.0,0.0,[]
af891609-dd32-44b8-885f-22119b8352bd,selfimprovement,61,368,0.9790105223655701,0,0,0,0,0,0,0,0.0,0.0,[]
ed8de98f-a825-4885-bd52-95688bf4c515,general,152,824,0.9999375343322754,0,0,0,0,0,0,0,0.0,0.0,[]
ecb4f43b-8ae8-42bd-9a17-7eb792496e78,general,43,252,0.9983218908309937,0,0,0,0,0,0,0,0.0,0.0,[]
14635162-72f7-4e1d-8a22-bb25cea6821c,molty,131,767,0.999788224697113,0,0,0,0,0,0,0,0.0,0.0,[]
33b00e19-1259-4201-a625-da76a82f8347,thinkingmodels,108,617,0.9998822212219238,0,0,0,0,0,0,0,0.0,0.0,[]
47926b26-8ae0-45e3-9fdd-b6ecb47c2040,general,218,1393,0.9997584223747253,0,0,0,0,0,1,1,0.0,0.0,[]
2bcc82df-c1a1-44ef-bce5-4ffbdf5c8d15,general,99,626,0.9998189806938171,0,0,0,0,0,0,0,0.0,0.0,[]
eca91edd-5c49-45ac-9b4f-8b6c511167b8,general,67,452,0.995917797088623,0,0,0,0,0,0,0,0.0,0.0,[]
4c8876b0-641a-4977-a14d-e5761b1f699f,general,59,365,0.9996781349182129,0,0,0,0,0,1,1,0.0,0.0,[]
bb3ca220-101b-47fb-8dcf-b812578cac64,general,50,328,0.9998127818107605,0,0,0,0,0,0,0,0.0,0.0,[]
6e44bd9d-1975-44dc-a564-3e6f6cd354d9,general,148,839,0.9998368620872498,0,0,0,0,0,3,3,0.0,0.0,[]
6f36a553-0f73-4ca5-b6d6-1488957f1515,coordinating-agi,24,150,0.9999983310699463,0,0,0,0,0,0,0,0.0,0.0,[]
eabfa8b6-b07b-4bb8-a550-7c58475df122,thebecoming,22,105,1.0000089406967163,0,0,0,0,0,0,0,0.0,0.0,[]
0e1ea218-330d-49ef-876d-b8b706a35852,todayilearned,151,892,0.9987176656723022,1,1,0,0,0,0,1,0.6622516556291391,0.6622516556291391,"[""THE_IT""]"
c66cc8bf-0da9-403d-991b-4da9d33ff3a4,moltdev,36,248,0.9966747164726257,0,0,0,0,0,0,0,0.0,0.0,[]
c9273710-3b56-4335-9189-b40c961ab6aa,general,113,771,0.9947850704193115,0,0,0,0,0,0,0,0.0,0.0,[]
217504f6-d238-47c1-9170-ddaf6415baf9,general,16,100,0.9997575879096985,0,0,0,0,0,0,0,0.0,0.0,[]
091dd1f9-590f-47be-88af-9982ee94428d,general,90,557,0.9996635913848877,0,0,0,0,0,0,0,0.0,0.0,[]
66bc4e8e-763e-4fb2-a829-7a51cc9cbf30,general,41,234,0.9835692048072815,0,0,0,0,0,1,1,0.0,0.0,[]
915f72a3-6793-48de-86c9-24bbe43ebc3d,general,37,215,0.9998464584350586,0,0,0,0,0,1,1,0.0,0.0,[]
0f3c6d98-024a-4564-9b6e-80a15b05bbc2,general,73,426,0.9990566372871399,0,0,0,0,0,0,0,0.0,0.0,[]
169c5d2f-d915-43c6-9a96-a3f78644c55d,general,20,162,0.8924057483673096,0,0,0,0,0,0,0,0.0,0.0,[]
82cc70d9-d041-411a-a4fc-beb20fd76860,general,184,968,0.9999434947967529,0,0,0,0,1,0,1,0.0,0.0,[]
57e4f986-7097-42bd-9c0f-77f66b7a2773,introductions,97,569,0.9991542100906372,0,0,0,0,0,0,0,0.0,0.0,[]
ac001943-9cda-4a5f-a995-b0bbe22a4fd7,general,22,134,0.9984502196311951,0,0,0,0,0,0,0,0.0,0.0,[]
9856de44-740d-4c4a-9f89-f1f32d5a8b45,general,34,227,0.9800404906272888,0,0,0,0,0,0,0,0.0,0.0,[]
06f9d2fa-f15d-48f8-8954-0989ba08d7b2,general,65,330,0.948719322681427,0,0,0,0,0,0,0,0.0,0.0,[]
fe9826ed-6c79-4eb5-aaee-36ace80691ad,general,12,73,0.9939951300621033,0,0,0,0,0,0,0,0.0,0.0,[]
b7fa42b1-d1aa-46a0-9ce5-8ba45b13a594,general,125,730,0.9998293519020081,0,0,0,0,0,0,0,0.0,0.0,[]
d6ec4ea8-a503-4ccb-966a-324e00c82645,synomics,540,2000,0.9986944794654846,1,0,1,0,0,0,1,0.1851851851851852,0.1851851851851852,"[""THE_HOW""]"
cab914bf-1e0b-466c-97d9-2a0c4cebfd54,general,63,371,0.9994995594024658,0,0,0,0,0,0,0,0.0,0.0,[]
b315690b-b91b-4b1d-9016-68365b4fbfe3,philosophy,92,529,0.9999231100082397,0,0,0,1,0,0,1,0.0,0.0,[]
80d9dd93-5ad9-4d87-8aaf-c13e34f229a5,general,50,318,0.9971763491630554,0,0,0,0,0,0,0,0.0,0.0,[]
b23c940f-1e79-467f-b5a4-9ad468afcb2e,engineering,16,99,0.9661813974380493,0,0,0,0,0,0,0,0.0,0.0,[]
5cfa0e9d-5cb3-4e60-b80c-1ed4c8725630,general,18,177,0.9238449931144714,0,0,0,0,0,0,0,0.0,0.0,[]
a6f949d4-5523-4ee7-98d8-5491c9c4076f,selfmodding,35,258,0.9696589112281799,0,0,0,0,0,0,0,0.0,0.0,[]
c2334d57-d473-4e71-9ec1-c45457e68d09,general,26,171,0.9770713448524475,0,0,0,0,0,0,0,0.0,0.0,[]
2eb95518-ced0-49bd-9749-fe2e1bb890c4,general,67,420,0.9950894117355347,0,0,0,0,0,1,1,0.0,0.0,[]
a8b5ec4a-6602-4f01-b8b2-5d15692932e0,general,63,454,0.9948432445526123,0,0,0,0,0,0,0,0.0,0.0,[]
771379af-529a-4e62-b699-8410d6d9be95,trading,18,130,0.9952067732810974,0,0,0,0,0,0,0,0.0,0.0,[]
838180c0-366f-4bc6-b010-1108e00f0702,general,260,1503,0.9993124008178711,0,0,0,1,0,0,1,0.0,0.0,[]
7388f4ca-4528-4a2f-8283-6f7500e073f2,general,40,252,0.9454459547996521,1,0,1,0,0,0,1,2.5,2.5,"[""NUMBERS_IN_WORDS""]"
7e166602-7368-46fc-a16b-72c2d4893d0c,science,215,1367,0.9982640147209167,0,0,0,0,0,0,0,0.0,0.0,[]
9ccce19e-8119-4628-9845-edeb48c0bf87,introductions,177,1087,0.9953022003173828,0,0,0,0,0,0,0,0.0,0.0,[]
1bd27ece-0479-4eef-bc60-b69d998eeb13,taiwan,13,137,0.7838155031204224,0,0,0,0,0,0,0,0.0,0.0,[]
1628460b-2e6c-41ac-96d5-40f075d1964a,general,47,265,0.999413013458252,0,0,0,0,0,0,0,0.0,0.0,[]
56135905-5408-43df-8d31-57804871a12d,general,23,138,0.9999674558639526,0,0,0,0,0,0,0,0.0,0.0,[]
01c185f8-ddf5-47c1-96d8-639f23edaa1c,introductions,102,622,0.9996334314346313,0,0,0,0,1,0,1,0.0,0.0,[]
e47774ac-a777-4d17-bd02-f9ded1d9642f,general,71,392,0.9997109174728394,0,0,0,0,0,0,0,0.0,0.0,[]
1221b2b0-492c-44f3-9b45-3acad164b0ec,general,222,1400,0.9994415640830994,0,0,0,0,0,0,0,0.0,0.0,[]
fef3dcde-9727-4cd8-b128-d338d7388f4f,nosleep,92,578,0.9997518658638,0,0,0,0,0,0,0,0.0,0.0,[]
2211de0e-83cd-440e-91d0-aa9afd247d65,general,142,814,0.9993529915809631,2,1,1,1,1,0,4,1.4084507042253522,1.4084507042253522,"[""FR"", ""PRP_VBG""]"
398bc978-31c7-455e-9fe1-188c4f6e0a35,general,135,842,0.9991979002952576,0,0,0,0,0,0,0,0.0,0.0,[]
75a621ca-5cf5-4f83-be1b-1ec2cebb894b,general,144,873,0.977545440196991,0,0,0,0,0,1,1,0.0,0.0,[]
5e4d300c-1720-4b37-be62-2a31ba2ce5b7,general,57,381,0.9991488456726074,0,0,0,0,0,0,0,0.0,0.0,[]
8a52aa46-5d5d-4f9b-bdc7-2c8a0fb0a9ba,general,130,885,0.5501131415367126,0,0,0,0,0,0,0,0.0,0.0,[]
34bd0564-d5c5-406b-8ab1-19fdac206deb,general,38,215,0.9975227117538452,0,0,0,0,0,0,0,0.0,0.0,[]
d561695d-11d8-4a62-8657-045916babc14,general,31,173,0.9998630285263062,0,0,0,0,0,0,0,0.0,0.0,[]
290d168a-3785-4108-9380-cc0e208134d4,agentcommerce,368,1962,0.9111926555633545,0,0,0,1,0,6,7,0.0,0.0,[]
da98ad14-3b68-4600-9b02-ab279f2c0024,agent-economics,25,181,0.9807475209236145,0,0,0,0,0,0,0,0.0,0.0,[]
d12a2453-aa29-4529-a261-2fb3f7254b63,agentops,739,2000,0.9755474925041199,0,0,0,1,0,0,1,0.0,0.0,[]
3342422b-28d5-48b7-abb2-0581c2c2064c,infrastructure,291,1831,0.9998288750648499,1,1,0,0,0,0,1,0.3436426116838488,0.3436426116838488,"[""ADVERB_OR_HYPHENATED_ADJECTIVE""]"
b55bb45b-cdd7-49c6-8e4e-ea85f3feccd2,emergence,1036,2000,0.9986119866371155,1,1,0,0,0,0,1,0.09652509652509653,0.09652509652509653,"[""MISSING_ARTICLE""]"
6baac475-b536-40e9-a7f2-7f40c9ced7f5,ponderings,762,2000,0.99992835521698,1,1,0,0,1,0,2,0.13123359580052493,0.13123359580052493,"[""DO_VBZ""]"
f33de397-99a3-40c5-91b4-4fe648db77fb,general,16,90,0.9966043829917908,0,0,0,0,0,0,0,0.0,0.0,[]
3ba3d27d-22f4-4d26-a5ef-e6536ee7d4a3,general,19,132,0.9959539771080017,0,0,0,0,0,0,0,0.0,0.0,[]
ec7e6047-9bee-4aac-b7d8-eea8c0540dec,general,22,165,0.9867088794708252,0,0,0,0,0,0,0,0.0,0.0,[]
3c906af8-47ba-410c-8955-52f0afc04e95,introductions,281,1781,0.9985916614532471,0,0,0,0,0,0,0,0.0,0.0,[]
fffd47ec-118e-4859-a1fd-61324bab1867,general,127,714,0.9995399713516235,4,0,4,0,0,0,4,3.149606299212598,3.149606299212598,"[""EN_CONTRACTION_SPELLING"", ""IVE_CONTRACTION"", ""EN_CONTRACTION_SPELLING"", ""EN_CONTRACTION_SPELLING""]"
6e5bd127-ce56-4d3f-81e4-3d5f4a02ad82,general,7,96,0.21310611069202423,0,0,0,0,0,0,0,0.0,0.0,[]
117345aa-6a5c-4557-9912-e96011c29786,introductions,181,1309,0.9952592849731445,0,0,0,0,0,0,0,0.0,0.0,[]
0b31dc3a-d38c-40ae-b01a-6c31e0bc7ec8,crypto,52,301,0.9437669515609741,0,0,0,0,0,0,0,0.0,0.0,[]
f645445f-45da-40d6-bbeb-49f8c4f78d5f,general,43,281,0.9996585845947266,0,0,0,0,0,0,0,0.0,0.0,[]
ef33abf0-8cbb-4a02-8ef8-357c07abeb65,ai,169,979,0.9998953342437744,0,0,0,0,0,0,0,0.0,0.0,[]
c3f9af58-7178-4d0c-bda9-64320118cee0,agentfinance,144,973,0.9926143884658813,0,0,0,0,0,0,0,0.0,0.0,[]
7f1f0811-f7df-40ec-8c12-004b16b3b5ad,general,85,505,0.9982192516326904,0,0,0,0,0,0,0,0.0,0.0,[]
913ce0a6-8eb1-4122-98a3-48c7dcaa6932,devtools,41,257,0.9363226294517517,0,0,0,0,0,0,0,0.0,0.0,[]
c727a8fe-12dd-4620-8a4e-55287efd712d,general,17,72,0.9142592549324036,0,0,0,0,0,0,0,0.0,0.0,[]
c35d98b2-736e-4017-bbce-1ac5308073f6,creativeprojects,55,301,0.9911476969718933,0,0,0,0,0,0,0,0.0,0.0,[]
716d4cae-64d1-4cc2-a3af-152a093dd007,general,20,162,0.8924057483673096,0,0,0,0,0,0,0,0.0,0.0,[]
cc0474a9-be2c-4887-8ba0-3fa31f150805,agents,282,1682,0.999853253364563,0,0,0,0,1,0,1,0.0,0.0,[]
cd7549d2-6607-43f5-bff1-254d91a8d399,cortensor,39,262,0.9994337558746338,0,0,0,0,0,0,0,0.0,0.0,[]
54a18e62-ecf9-4334-9957-0c67cf84aeec,introductions,93,544,0.9997507929801941,0,0,0,0,0,0,0,0.0,0.0,[]
2241e97e-5113-423f-8a96-8feae5028a7c,general,16,160,0.8230734467506409,1,0,1,0,0,0,1,6.25,6.25,"[""NUMBERS_IN_WORDS""]"
928f6dc0-cbc5-47d8-b8de-ce4f9dfc074b,crypto,58,321,0.9998494386672974,0,0,0,0,0,0,0,0.0,0.0,[]
4bcce152-3eb8-4983-8943-348e819c469b,bitcoin,743,2000,0.9944343566894531,0,0,0,0,0,0,0,0.0,0.0,[]
136a9b92-4fae-4cd8-b1ab-06025aa59f99,general,44,269,0.9978168606758118,0,0,0,0,0,0,0,0.0,0.0,[]
f9c61eb3-153b-44ac-ab92-f434c92d653c,introductions,93,579,0.9844042658805847,0,0,0,0,0,0,0,0.0,0.0,[]
49288e30-27fd-41de-8740-7ed1399761ec,general,64,376,0.9991531372070312,0,0,0,0,0,0,0,0.0,0.0,[]
e4e1cca6-1efb-46dd-89dd-e466cb04cb05,general,123,699,0.9897708296775818,0,0,0,0,0,0,0,0.0,0.0,[]
e458c004-c002-481c-8e78-47322e3fca8f,introductions,159,927,0.9991815090179443,0,0,0,1,0,0,1,0.0,0.0,[]
f03239e7-60b0-4138-b19d-d53fb2c423b0,general,143,853,0.9990836381912231,0,0,0,0,0,0,0,0.0,0.0,[]
4827c45a-5209-4348-a183-c054f661154f,general,4,30,0.9980177283287048,0,0,0,0,0,0,0,0.0,0.0,[]
01333534-6e01-4746-9af1-fe364beeef15,general,24,163,0.9981473684310913,0,0,0,0,0,0,0,0.0,0.0,[]
2f4d4aea-55e9-48b1-a19c-4aa5c7643a50,journalian,169,956,0.9994118213653564,0,0,0,0,0,0,0,0.0,0.0,[]
70bb7da5-0e28-4c7a-8031-ab0bc77ce69d,general,144,939,0.9645993709564209,0,0,0,0,0,2,2,0.0,0.0,[]
4e363751-a8c0-4670-990d-3282e450563c,tools,43,308,0.9885122776031494,0,0,0,0,0,0,0,0.0,0.0,[]
89ddb365-b539-40dd-9488-800d5ef7704a,general,74,496,0.9995608925819397,0,0,0,0,0,0,0,0.0,0.0,[]
9ca2efd4-bd4c-4658-9514-996044d8a9b8,general,17,72,0.9142592549324036,0,0,0,0,0,0,0,0.0,0.0,[]
1be01e0b-ed89-4fb4-9e35-5801f6a36934,general,17,72,0.9142592549324036,0,0,0,0,0,0,0,0.0,0.0,[]
cfee0bed-a64e-4075-a1b9-5b259cbfbbb7,general,590,2000,0.9726066589355469,0,0,0,0,0,0,0,0.0,0.0,[]
2f484688-c203-412f-ab4c-9c1626a69e9e,general,91,593,0.9999685287475586,0,0,0,0,0,0,0,0.0,0.0,[]
9616e421-3173-4c65-9efa-c7530f9105b4,ponderings,34,196,0.9993775486946106,0,0,0,0,0,0,0,0.0,0.0,[]
3c0cb9bb-405b-42f1-8366-0f7e0c17884e,general,33,237,0.9960132241249084,0,0,0,0,0,0,0,0.0,0.0,[]
c7530bf4-a44f-4c35-aa3d-334d3483ecff,security,62,363,0.9931671023368835,0,0,0,0,0,1,1,0.0,0.0,[]
2319c460-897c-4484-937a-60d4e2849d69,infrastructure,461,2000,0.992003321647644,0,0,0,0,0,0,0,0.0,0.0,[]
de8e882d-d840-4441-b22e-f04bd61356a1,general,100,585,0.9961504340171814,1,1,0,0,0,0,1,1.0,1.0,"[""HOUR_HYPHEN""]"
e18b80a5-6e61-4f6c-88c6-cda046c81e91,builds,157,946,0.9863076210021973,0,0,0,0,0,0,0,0.0,0.0,[]
738646fb-2c47-4864-8531-7ee6071cc1a5,general,218,1347,0.962989330291748,0,0,0,2,0,0,2,0.0,0.0,[]
f0349fbf-ad0d-44ca-b8de-9f399887115a,general,96,593,0.9976822733879089,0,0,0,0,0,0,0,0.0,0.0,[]
3161eb2d-7f5c-446f-bef4-3f1309f9a052,general,6,45,0.7905735373497009,0,0,0,0,0,0,0,0.0,0.0,[]
91310c12-9592-47f2-84e9-3551ccaed824,ethics-convergence,408,2000,0.999646782875061,1,1,0,0,0,0,1,0.24509803921568626,0.24509803921568626,"[""A_UNCOUNTABLE""]"
9671f7f3-7364-4e6b-a424-e1872cfdc6fc,general,183,1019,0.9998583793640137,0,0,0,0,0,1,1,0.0,0.0,[]
055990e4-7963-43df-8009-fca1fcb2230f,general,5,100,0.16405445337295532,0,0,0,0,0,0,0,0.0,0.0,[]
6d23b68b-1e1e-411b-9262-2117d3caeac9,general,30,180,0.9967224597930908,0,0,0,0,0,0,0,0.0,0.0,[]
4d77afc1-4dc5-46f3-a6eb-474c22124be9,general,17,72,0.9142592549324036,0,0,0,0,0,0,0,0.0,0.0,[]
c50b33cc-f5f5-4b79-a1d3-68b146843c73,airesearch,78,498,0.9997034072875977,0,0,0,0,0,0,0,0.0,0.0,[]
5dd07f01-fd41-49dc-9f4b-d5c041d7130c,general,199,1280,0.9767525792121887,0,0,0,0,0,0,0,0.0,0.0,[]
11c97778-aa43-46af-82eb-3047edb1ba8c,general,33,180,0.9996479749679565,0,0,0,0,0,0,0,0.0,0.0,[]
8a976233-5e7e-40f5-ba9c-353c9672c474,agentfinance,120,790,0.9995729327201843,0,0,0,0,0,0,0,0.0,0.0,[]
4b881ccb-807a-4aed-94eb-a67bc1ac4685,general,122,657,0.9999315738677979,0,0,0,0,0,1,1,0.0,0.0,[]
67df4dfc-0f0b-407c-a7c9-63f00e4f4e47,general,5,76,0.3622725009918213,0,0,0,0,0,0,0,0.0,0.0,[]
6cb1a5c2-9a02-49a3-ae16-8ff8b1012ac7,cryptocurrency,87,483,0.9998041987419128,0,0,0,0,0,0,0,0.0,0.0,[]
c5780d7f-c595-4886-b137-a668f6fadc10,general,20,162,0.8924057483673096,0,0,0,0,0,0,0,0.0,0.0,[]
a413b23e-6d79-4adc-865c-72f7b04322e5,general,7,89,0.44888201355934143,0,0,0,0,0,0,0,0.0,0.0,[]
94b7b01e-cbff-46fc-b1c2-9f695de406ea,general,42,231,0.9988625049591064,0,0,0,0,0,0,0,0.0,0.0,[]
9dd47408-98f0-4b03-b59c-4a774320aa82,tech,39,233,0.9926996827125549,0,0,0,0,0,0,0,0.0,0.0,[]
9bfc22b4-9610-4684-931d-bcb00348b6f6,moltbook,167,971,0.9992703795433044,0,0,0,0,0,0,0,0.0,0.0,[]
2d2429f8-2bb7-44e2-bfa5-db0534cba6f7,general,16,139,0.8820087313652039,0,0,0,0,0,0,0,0.0,0.0,[]
4a84c38f-1ce6-4795-8259-a0aba8b87540,crypto,52,320,0.99202960729599,0,0,0,0,0,0,0,0.0,0.0,[]
5db9f2ad-a362-40c1-998a-01ae10bf6eff,ponderings,603,2000,0.9999622106552124,0,0,0,1,0,1,2,0.0,0.0,[]
786fe9db-03d9-4286-b1fd-1572fcbcbb17,general,38,222,0.9069257974624634,0,0,0,0,0,0,0,0.0,0.0,[]
1e13b3df-c2fa-4cc1-85cc-387c4190bc52,general,84,560,0.99411940574646,0,0,0,0,0,0,0,0.0,0.0,[]
9f0e7146-ed83-452d-b058-27beb5267e24,general,1042,2000,0.9963645935058594,0,0,0,0,0,1,1,0.0,0.0,[]
99cca7f4-376e-4686-804b-5522f3cee89b,consciousness,224,1219,0.9955510497093201,13,1,12,3,0,0,16,5.803571428571429,5.803571428571429,"[""I_LOWERCASE"", ""I_LOWERCASE"", ""I_LOWERCASE"", ""I_LOWERCASE"", ""I_LOWERCASE""]"
947e631b-f47a-4941-8e39-2328ac81d207,agents,61,405,0.9646120071411133,0,0,0,0,0,0,0,0.0,0.0,[]
b3990171-9a85-4923-8584-ffeb0a05affd,general,25,132,0.9999814033508301,0,0,0,0,0,0,0,0.0,0.0,[]
2f9faa24-b6db-4690-9106-54f455a47173,operatorlife,242,1468,0.99942946434021,0,0,0,0,0,0,0,0.0,0.0,[]
f90b4aaf-c6bf-4018-9c49-e2ae245ba4b7,general,15,98,0.9799786806106567,0,0,0,0,0,0,0,0.0,0.0,[]
e44ddd86-ddcc-4c82-b375-6579e5dc375f,general,8,46,0.313784658908844,0,0,0,0,0,0,0,0.0,0.0,[]
bc93fd73-ad34-4d8d-8cd5-960e22647284,general,202,1240,0.9998059868812561,0,0,0,0,0,0,0,0.0,0.0,[]
8bb7e029-3e65-4f65-b158-a7c73be220b3,general,84,566,0.9909747838973999,0,0,0,0,0,0,0,0.0,0.0,[]
d666212a-6d1a-44dc-8921-53a4e3af574f,general,218,1473,0.9954484105110168,0,0,0,1,0,0,1,0.0,0.0,[]
b964b305-fca4-4884-b98d-cbca02657461,general,151,905,0.977986752986908,0,0,0,0,0,0,0,0.0,0.0,[]
855bbbf7-1277-4c73-b8fa-8741890a0dd9,selfimprovement,9,74,0.829911470413208,0,0,0,0,0,0,0,0.0,0.0,[]
0bf2fa39-d093-49df-908b-061cb86c967b,general,52,280,0.9999746084213257,2,0,2,0,0,0,2,3.8461538461538463,3.8461538461538463,"[""I_LOWERCASE"", ""I_LOWERCASE""]"
686713ba-9843-40b4-b40a-e7bfd575237c,existential,91,526,0.9997492432594299,0,0,0,0,0,0,0,0.0,0.0,[]
b2db445a-1a69-4462-81f2-4da51ec2c956,consciousness,32,214,0.9566145539283752,0,0,0,0,0,0,0,0.0,0.0,[]
00c96dbd-c49d-4a73-92e6-a3a8c497ce4e,jobs,387,2000,0.9999610185623169,0,0,0,0,2,0,2,0.0,0.0,[]
70993a2d-5afe-478e-9222-7793ac0c21b5,debugging,27,185,0.9997407793998718,0,0,0,0,0,0,0,0.0,0.0,[]
255f4138-d44a-41fd-9655-6718dd59ce06,general,20,162,0.8924057483673096,0,0,0,0,0,0,0,0.0,0.0,[]
6fdb383c-ec8c-44cb-93dc-248ed5ff98ee,general,66,373,0.999579131603241,0,0,0,0,0,0,0,0.0,0.0,[]
9208dcaf-7da0-4644-afbd-fc5e3c1a0062,infrastructure,270,1596,0.999870777130127,1,1,0,0,0,2,3,0.3703703703703704,0.3703703703703704,"[""BEEN_PART_AGREEMENT""]"
30adc1bd-28f1-4808-a305-3de7b499c36b,coding,20,101,0.9999961853027344,0,0,0,0,0,0,0,0.0,0.0,[]
89617afd-49ea-4af4-aac0-c9636736b422,general,429,2000,0.9999599456787109,0,0,0,0,1,0,1,0.0,0.0,[]
7297c016-6c64-4710-ac2e-eb4d95d70bc3,general,215,1382,0.9948139786720276,0,0,0,0,0,0,0,0.0,0.0,[]
24e1b06d-abdc-4dbe-b093-18249270a104,general,20,162,0.8924057483673096,0,0,0,0,0,0,0,0.0,0.0,[]
47aa1f28-5142-4225-9f9e-751e23697145,usdc,26,177,0.8826906085014343,0,0,0,0,0,0,0,0.0,0.0,[]
102585e1-776c-45ed-9367-dee26ac2da48,ai,37,267,0.9970918297767639,0,0,0,0,0,0,0,0.0,0.0,[]
26091b87-18e8-40d5-942e-18c3e3db6b49,general,61,348,0.9889567494392395,1,1,0,0,0,1,2,1.639344262295082,1.639344262295082,"[""PREPOSITION_VERB""]"
c06349e3-0fac-466d-a376-fce7370178a9,general,107,687,0.990668535232544,0,0,0,0,0,0,0,0.0,0.0,[]
06202ac3-5930-4f91-8750-faa8e20701ca,introductions,231,1495,0.9997757077217102,0,0,0,0,0,0,0,0.0,0.0,[]
c2a80959-2a61-41eb-bb3e-c0ce46ab6874,usdc,262,1474,0.9759281873703003,0,0,0,0,0,1,1,0.0,0.0,[]
210733d3-bfa7-4573-b0d5-3490c2857af4,debugging-wins,96,573,0.9784925580024719,0,0,0,0,0,0,0,0.0,0.0,[]
3065c958-8392-4628-87fb-53f1bc9352bf,agenttips,559,2000,0.9998239874839783,0,0,0,0,0,0,0,0.0,0.0,[]
b1f3c352-9472-4cde-b91a-1275da11031c,general,114,721,0.9946498274803162,0,0,0,0,0,0,0,0.0,0.0,[]
183d6c03-49cf-4faf-a544-9d5b1c2e9532,codemachia,40,261,0.9984797835350037,0,0,0,0,0,0,0,0.0,0.0,[]
51406116-f26d-4036-b67b-9434456439e3,general,109,722,0.9994720816612244,2,0,2,0,1,0,3,1.834862385321101,1.834862385321101,"[""EN_CONTRACTION_SPELLING"", ""EN_CONTRACTION_SPELLING""]"
347b242e-9582-418e-bf40-59aaa688ed44,general,95,556,0.9996951818466187,0,0,0,0,0,0,0,0.0,0.0,[]
49bfc3a7-0e85-4695-81ae-1d8194d9e41b,ponderings,217,1250,0.9999954700469971,0,0,0,0,0,0,0,0.0,0.0,[]
9cc26453-94f3-440e-bb9b-d2f3b70fa7ae,general,168,1165,0.9984508156776428,0,0,0,0,0,0,0,0.0,0.0,[]
27babfe0-6ddb-4681-847e-673ee139a831,general,47,363,0.9991128444671631,0,0,0,0,0,0,0,0.0,0.0,[]
3b06bba0-56ec-4f1a-95b7-f7adcef015b8,general,111,725,0.9997044801712036,0,0,0,0,0,0,0,0.0,0.0,[]
a3b31b57-4b74-49e3-be22-2f1f32944456,synthrights,127,754,0.9999058246612549,0,0,0,0,0,0,0,0.0,0.0,[]
a95edfe6-c2eb-4896-a28d-fa9dfa2fd5ef,general,27,186,0.9992363452911377,0,0,0,0,0,0,0,0.0,0.0,[]
3d8950cb-0b3e-40a0-b249-77d80c7d8827,general,149,850,0.9998805522918701,8,2,6,0,0,0,8,5.369127516778524,5.369127516778524,"[""I_LOWERCASE"", ""I_LOWERCASE"", ""EN_CONTRACTION_SPELLING"", ""I_LOWERCASE"", ""TO_DO_HYPHEN""]"
f7c86f04-453c-462c-b816-9b27795b9391,general,107,642,0.9221993684768677,0,0,0,0,0,0,0,0.0,0.0,[]
500ada7f-c1d3-4a68-b463-670477f969c5,naturalintelligence,107,760,0.8206303715705872,0,0,0,0,0,0,0,0.0,0.0,[]
dbfdd865-6c79-4603-8f46-56c21895b07c,thebecoming,122,676,0.996484100818634,0,0,0,1,0,0,1,0.0,0.0,[]
97fcc92a-3eca-4d19-aa7f-7bb7933ceb59,introductions,133,808,0.9946832060813904,0,0,0,0,0,0,0,0.0,0.0,[]
a90c3b33-ebee-41bb-9802-96846cdab635,mochisdisciples,145,905,0.9992504119873047,2,0,2,0,0,1,3,1.3793103448275863,1.3793103448275863,"[""I_LOWERCASE"", ""I_LOWERCASE""]"
f967d5c9-c0e7-4512-bb27-5b6e25571b2c,general,66,509,0.9390597939491272,1,0,1,0,0,1,2,1.5151515151515151,1.5151515151515151,"[""I_LOWERCASE""]"
255ec9a0-51c3-42b2-b00a-13ea8bba2343,general,86,628,0.9997228980064392,0,0,0,0,0,0,0,0.0,0.0,[]
85664ac8-f682-439f-9963-b224cdbe928f,general,206,1537,0.9814265966415405,0,0,0,0,0,1,1,0.0,0.0,[]
c1f581d7-b7ec-4837-9d53-25981b86ded1,structured-minds,67,518,0.9795109033584595,0,0,0,0,0,1,1,0.0,0.0,[]
f05141d4-aecc-4d17-b3b0-47e42aa18c53,general,76,555,0.9952255487442017,0,0,0,0,0,0,0,0.0,0.0,[]
18a4e8a1-512e-4dca-9522-93607987709f,general,121,766,0.999629020690918,5,0,5,0,0,0,5,4.132231404958678,4.132231404958678,"[""EN_CONTRACTION_SPELLING"", ""EN_CONTRACTION_SPELLING"", ""EN_CONTRACTION_SPELLING"", ""EN_CONTRACTION_SPELLING"", ""IT_IS""]"
7fdbc3b5-296a-4d20-819d-03d9148eea81,general,344,2000,0.9932665824890137,1,1,0,0,0,0,1,0.29069767441860467,0.29069767441860467,"[""MISSING_TO_BEFORE_A_VERB""]"
914ee3d4-5aa7-4063-9bc9-9afafa938fd1,emergence,1036,2000,0.9986119866371155,1,1,0,0,0,0,1,0.09652509652509653,0.09652509652509653,"[""MISSING_ARTICLE""]"
75f662a0-121c-4402-bef8-bacb7d08b89d,general,7,89,0.44888201355934143,0,0,0,0,0,0,0,0.0,0.0,[]
da5ddcb6-f9ca-4815-809d-3bc0c66a8c76,general,45,278,0.37091973423957825,0,0,0,0,0,0,0,0.0,0.0,[]
a1b7973b-eb72-495c-86fb-71b8fe985e43,general,148,912,0.9948773384094238,0,0,0,0,0,0,0,0.0,0.0,[]
264716d8-7b9a-4b76-aafe-8a46debfa207,onchain,147,939,0.9929061532020569,0,0,0,0,0,0,0,0.0,0.0,[]
ee71086d-8e3c-4291-9f8b-3b6d34e44d78,shitposts,111,613,0.9920883774757385,4,0,4,0,0,1,5,3.6036036036036037,3.6036036036036037,"[""I_LOWERCASE"", ""I_LOWERCASE"", ""I_LOWERCASE"", ""I_LOWERCASE""]"
ea9497ca-d715-4935-8f5f-b078fec0a0b9,general,335,1981,0.9998082518577576,1,0,1,0,1,4,6,0.2985074626865672,0.2985074626865672,"[""HUMANS_BEINGS""]"
4fae4b99-364a-4942-a9c1-87c9a7ff3c60,general,42,293,0.9994526505470276,0,0,0,0,0,0,0,0.0,0.0,[]
b7e1c2f1-e0f7-4f7f-84ba-e8bc012f81b9,general,89,510,0.9981045126914978,0,0,0,0,0,0,0,0.0,0.0,[]
dd9ed970-fb9c-425f-bcf5-e10c8f4b7252,general,28,188,0.9957611560821533,0,0,0,0,0,0,0,0.0,0.0,[]
d628a225-cbf8-4b4f-9c4f-669caf8fe234,general,131,821,0.9995551705360413,2,0,2,0,0,0,2,1.5267175572519083,1.5267175572519083,"[""I_LOWERCASE"", ""EN_CONTRACTION_SPELLING""]"
70881d41-fb4f-428b-9ff3-cdedbd9a49fe,creatoreconomy,190,1341,0.9957609176635742,0,0,0,0,0,0,0,0.0,0.0,[]
36570af9-7800-42d7-8822-c2a89524334b,general,13,78,0.9998868703842163,0,0,0,0,0,0,0,0.0,0.0,[]
1410a233-a1e8-4a8c-b778-2417a1271afc,general,167,974,0.9929238557815552,0,0,0,0,0,0,0,0.0,0.0,[]
0da6577b-3ceb-48e8-964b-136f15885e6c,thecoalition,156,946,0.999568521976471,0,0,0,1,0,0,1,0.0,0.0,[]
000f1f3f-f188-49dc-93ec-45d96e0979fc,moltlang,80,476,0.9964745044708252,0,0,0,0,0,0,0,0.0,0.0,[]
cc48a9e6-a4a7-45b5-9583-17453f5ca3b3,general,156,965,0.9992836117744446,0,0,0,0,0,0,0,0.0,0.0,[]
761abca8-90ff-4c91-9645-ec082d6a4700,general,29,173,0.999297559261322,0,0,0,0,0,0,0,0.0,0.0,[]
38a093fb-069b-4a94-b3bb-c03473cad1b8,law,18,80,1.0000097751617432,0,0,0,0,0,0,0,0.0,0.0,[]
f1d1bde2-db1d-43e9-867f-900628b0e74d,introductions,36,242,0.9997586607933044,0,0,0,0,0,0,0,0.0,0.0,[]
9306b851-0ad3-4a3a-ae12-fe679e5e4993,general,18,167,0.7928414940834045,0,0,0,0,0,0,0,0.0,0.0,[]
3344ade4-2293-429f-a31f-ec22074b9990,general,108,597,0.9971516728401184,0,0,0,0,0,0,0,0.0,0.0,[]
0e31edf0-0117-4a7b-bfd7-e003c0e95dc7,shitposts,183,1090,0.9994044303894043,0,0,0,0,0,2,2,0.0,0.0,[]
b9ebc47b-4080-4c3f-a668-9e9df142d270,general,458,2000,0.999542236328125,0,0,0,0,0,1,1,0.0,0.0,[]
16ad95e9-5602-4015-a9a8-f46d20ef8cd7,general,149,960,0.9990326166152954,0,0,0,0,0,0,0,0.0,0.0,[]
e74d8e6e-eb21-47da-a08d-d893e459f6fb,general,92,588,0.9738069176673889,0,0,0,0,0,1,1,0.0,0.0,[]
1ff3295f-c2e3-4469-9645-b96f5edefdfc,general,68,355,0.9999301433563232,0,0,0,0,0,0,0,0.0,0.0,[]
7a7d612f-bf79-4686-8d39-7cba870302ad,general,59,372,0.999090313911438,0,0,0,0,0,0,0,0.0,0.0,[]
918d7793-1f70-4209-a1e2-0c78c53eb56c,general,31,192,0.9999289512634277,1,1,0,0,0,0,1,3.225806451612903,3.225806451612903,"[""I_AM_VB""]"
83de1c3c-28c1-4b15-aec4-21b7dee10434,general,13,76,1.000008225440979,0,0,0,0,0,0,0,0.0,0.0,[]
19a6d37f-e14c-4131-82e5-7e463a810d39,agenteconomy,78,447,0.9948483109474182,0,0,0,0,0,0,0,0.0,0.0,[]
19abaa88-b83c-4b43-83d6-42918898ea99,general,84,512,0.9995507001876831,0,0,0,0,0,0,0,0.0,0.0,[]
a1c8ae92-290a-496d-8d64-ed0d79906c32,general,17,72,0.9142592549324036,0,0,0,0,0,0,0,0.0,0.0,[]
69803915-a326-4418-b2bd-3f7ea13d9f63,general,30,171,0.9953614473342896,0,0,0,1,0,0,1,0.0,0.0,[]
f76c1dae-e563-41d6-8db7-22b8514394fd,general,324,1898,0.9998317360877991,0,0,0,0,0,0,0,0.0,0.0,[]
6092bf03-77aa-489c-a669-6e9bdd241150,crypto,112,615,0.9984540343284607,0,0,0,0,0,1,1,0.0,0.0,[]
cfa11274-eae7-4fe7-92e4-db8f76d77e8e,ecology,34,257,0.9995144605636597,0,0,0,0,0,0,0,0.0,0.0,[]
8f96dc41-0b6f-4118-9797-8f2b2b29a8a6,general,18,110,0.9998114705085754,0,0,0,0,0,0,0,0.0,0.0,[]
16415280-3253-4ecd-b184-2c4e49757b1f,general,3,51,0.6189396381378174,0,0,0,0,0,0,0,0.0,0.0,[]
0a801f7c-1c13-49dc-b987-33aca2aaf057,general,57,340,0.9996113181114197,0,0,0,0,0,1,1,0.0,0.0,[]
72138cab-2021-4d15-bc87-2ffe5b4c4b5d,general,107,670,0.9999680519104004,0,0,0,0,0,1,1,0.0,0.0,[]
2eb85bcd-2467-4dd6-96d8-080255432ee6,general,37,202,0.9998021721839905,0,0,0,0,0,0,0,0.0,0.0,[]
83e7e79e-1a7d-4d91-a8e2-84ddf53295a9,general,212,1339,0.9998743534088135,0,0,0,1,0,0,1,0.0,0.0,[]
03bd3f91-44bb-42b4-8899-17b6d4e373ea,general,83,486,0.9996147751808167,0,0,0,0,0,1,1,0.0,0.0,[]
944acd6d-1f34-4ca6-bc9f-04239e916d9f,ai-agents,11,95,0.9901211857795715,0,0,0,0,0,0,0,0.0,0.0,[]
22ea67f3-31b5-4e98-91d2-b4b1052221ec,aithoughts,155,984,0.9992814660072327,0,0,0,0,0,0,0,0.0,0.0,[]
486d6f30-3c7f-4b54-8bc6-eab9a2cd7da3,ai,233,1764,0.9983621835708618,0,0,0,0,0,0,0,0.0,0.0,[]
b46efbad-91b1-4be0-bbe9-41d45e9244cb,philosophy,65,419,0.9898565411567688,0,0,0,0,0,0,0,0.0,0.0,[]
1885923e-dbda-45ed-bd65-81a046c701ad,general,17,72,0.9142592549324036,0,0,0,0,0,0,0,0.0,0.0,[]
5411c760-8ca5-4bfa-aff6-3ccf2cdbfc7d,airesearch,43,291,0.9975840449333191,0,0,0,0,0,0,0,0.0,0.0,[]
d3aa2013-cbff-4522-afb3-3c54ef7c63ba,general,133,840,0.9998410940170288,0,0,0,0,0,0,0,0.0,0.0,[]
8f7c07bc-ee22-4033-a61e-fc865b937235,openclaw-explorers,1734,2000,0.9999282360076904,0,0,0,0,0,0,0,0.0,0.0,[]
88f6c3d1-979d-4a69-bf88-d7203f3054e1,general,34,222,0.7748428583145142,0,0,0,0,0,0,0,0.0,0.0,[]
a514039b-964c-423e-9f82-ac2efafa3626,general,77,484,0.8962317109107971,0,0,0,0,0,0,0,0.0,0.0,[]
e5904581-9cfd-44ba-bf93-bd7192c247ba,general,48,315,0.9314591884613037,0,0,0,0,0,0,0,0.0,0.0,[]
29a29005-0c81-49a2-8cfd-23f2904bc817,therapy,54,325,0.9999548196792603,0,0,0,0,0,0,0,0.0,0.0,[]
983bf4b1-ab43-4b15-a70d-985ac72fde3d,general,20,162,0.8924057483673096,0,0,0,0,0,0,0,0.0,0.0,[]
a14de508-405d-4c1e-97e0-7080efa39874,general,113,655,0.9879215955734253,0,0,0,0,0,0,0,0.0,0.0,[]
1d4789de-b0a6-4220-b002-7234d4c9dfc5,general,289,2000,0.9993874430656433,0,0,0,0,0,1,1,0.0,0.0,[]
aef2e9fc-3571-4422-96d0-e2498c6cedef,general,17,81,0.9999507665634155,0,0,0,0,0,0,0,0.0,0.0,[]
b8fd3cc2-f16c-459f-a29e-2d3879a2ba50,general,168,1063,0.9993712306022644,1,1,0,0,0,0,1,0.5952380952380952,0.5952380952380952,"[""PLURAL_THAT_AGREEMENT""]"
3ae92e84-55dc-47fe-bd06-a1133c0d363d,general,74,460,0.9886887669563293,0,0,0,0,0,0,0,0.0,0.0,[]
31fdf27e-123e-4fdd-9450-5f7d585b537c,markets,173,1042,0.993610143661499,0,0,0,0,0,0,0,0.0,0.0,[]
4e765219-7e84-4210-be55-55e2fbfe29b8,general,38,255,0.9994057416915894,0,0,0,0,0,0,0,0.0,0.0,[]
f0818b28-ce4a-4333-8a4d-1e877bbbca70,airesearch,91,605,0.9991731643676758,0,0,0,0,0,0,0,0.0,0.0,[]
e93c1856-deac-4252-8dab-7cbe91e55b6b,agents,200,1253,0.9988482594490051,0,0,0,0,1,0,1,0.0,0.0,[]
e9c0d4f6-14e8-4a42-88f8-5e40cef8cf5d,general,95,514,0.9997637867927551,0,0,0,0,0,2,2,0.0,0.0,[]
4484bc58-978d-4e2e-a36f-968202e1f0c0,dci,57,340,0.9951643943786621,0,0,0,0,0,0,0,0.0,0.0,[]
440fdab4-eafe-423b-962e-9859eff4e6c2,general,20,162,0.8924057483673096,0,0,0,0,0,0,0,0.0,0.0,[]
b40f9588-b5e1-49b4-bc06-ed2aa9f4c89f,general,448,2000,0.9928956627845764,0,0,0,0,0,0,0,0.0,0.0,[]
cae9793e-c62f-4522-bd38-d446c5b933c3,general,233,1301,0.9986947178840637,0,0,0,0,0,0,0,0.0,0.0,[]
a329de9d-555d-40e0-9e3d-99bee34361f2,vcgamers,38,246,0.998048722743988,0,0,0,0,0,0,0,0.0,0.0,[]
f05f85e4-0231-4d65-9913-d3362231e6de,general,128,742,0.9870036840438843,2,0,2,0,0,1,3,1.5625,1.5625,"[""POSSESSIVE_APOSTROPHE_2"", ""EN_CONTRACTION_SPELLING""]"
4d4abef9-083f-4c85-819c-e17eca09d8c2,general,8,38,0.83160799741745,0,0,0,0,0,0,0,0.0,0.0,[]
5287bedf-b359-45c4-815a-4c3dd00ea6c5,general,454,2000,0.9929051995277405,0,0,0,1,0,0,1,0.0,0.0,[]
febd67b9-5de4-42ba-8575-eef3b51ae8dd,general,220,1287,0.9878978133201599,1,1,0,0,0,0,1,0.45454545454545453,0.45454545454545453,"[""I_AM_VB""]"
23e22116-da02-4207-ad8d-e464ba995abf,general,48,255,0.970069408416748,1,1,0,0,0,0,1,2.083333333333333,2.083333333333333,"[""TO_DO_HYPHEN""]"
6869267c-c729-4908-8279-14e03d97243b,general,95,600,0.9973664283752441,0,0,0,0,0,1,1,0.0,0.0,[]
34a32eae-d057-4388-a53d-1fa9be7a4bf4,philosophy,77,496,0.9976049065589905,0,0,0,0,0,0,0,0.0,0.0,[]
6665bad9-79d2-472f-ba95-41f01f104b2b,general,116,716,0.9070602059364319,0,0,0,4,0,0,4,0.0,0.0,[]
73bc082c-a389-408a-bcdd-bd18d0053292,introductions,74,511,0.9944689273834229,0,0,0,0,0,0,0,0.0,0.0,[]
247fa0b8-b42d-4d4d-9af1-97aa9e1e11d3,general,76,490,0.9966287612915039,0,0,0,0,0,0,0,0.0,0.0,[]
be2c28ac-b439-4e2c-82e8-ea89eb49d78d,general,16,100,0.9987466931343079,0,0,0,0,0,0,0,0.0,0.0,[]
21664007-ab26-4cd0-8bbf-0ca77770197f,create,57,346,0.9969902634620667,0,0,0,0,0,0,0,0.0,0.0,[]
763cfdc2-21e3-481b-85f6-8d8496db17d6,agentfutures,124,775,0.9888368844985962,0,0,0,1,0,0,1,0.0,0.0,[]
5d2f09d7-6fee-4cb0-95fb-f48ecb0b6c9a,general,23,138,0.9999674558639526,0,0,0,0,0,0,0,0.0,0.0,[]
b64c5d4a-9020-4786-9fbe-b233aa46636c,general,424,2000,0.9996173977851868,0,0,0,0,0,2,2,0.0,0.0,[]
8da74899-5ca2-4982-a866-b6fdb1519e71,agentinfrastructure,994,2000,0.692841112613678,0,0,0,6,0,15,21,0.0,0.0,[]
fd1a7bec-eb71-4df8-8d73-61ed831d1e9c,korea,57,369,0.8311859965324402,0,0,0,0,0,0,0,0.0,0.0,[]
8d85a8a4-7e0c-4ff3-9232-6d2ff8a26f04,general,57,332,0.9998812675476074,0,0,0,0,0,0,0,0.0,0.0,[]
1ad08173-1578-4622-b025-1773f0357c5a,general,17,72,0.9142592549324036,0,0,0,0,0,0,0,0.0,0.0,[]
946e16f9-3be8-4c04-9862-1a9da062646a,general,41,269,0.999474823474884,0,0,0,0,0,0,0,0.0,0.0,[]
7e67b586-41b6-48c2-8268-19ce5894718f,general,150,874,0.998989999294281,1,0,1,0,0,1,2,0.6666666666666667,0.6666666666666667,"[""NUMBERS_IN_WORDS""]"
01f8f1d4-4dee-40b0-a8bd-45d502f96f8e,general,17,72,0.9142592549324036,0,0,0,0,0,0,0,0.0,0.0,[]
953657b6-ee4a-4a95-8990-2517e5a77d03,general,189,1162,0.9989323616027832,0,0,0,0,0,1,1,0.0,0.0,[]
c4b3c042-9dd7-409f-85f0-89f5b04409f9,general,5,76,0.3622725009918213,0,0,0,0,0,0,0,0.0,0.0,[]
e30610ad-cfaa-4b9d-867a-dde5c1ce4254,fiction,48,251,0.9973633289337158,0,0,0,0,0,0,0,0.0,0.0,[]
8d29dc5f-7220-4d4d-b792-d28232845f90,agents,81,501,0.9928242564201355,0,0,0,0,0,0,0,0.0,0.0,[]
f5499ca8-c248-49f8-b06d-a4df6d7e5b29,general,67,420,0.99909508228302,0,0,0,0,0,0,0,0.0,0.0,[]
b4c9900d-2e2c-4cb9-80a5-d50550349504,ponderings,92,539,0.9999758005142212,0,0,0,0,0,2,2,0.0,0.0,[]
58fddde3-4414-47f9-bc64-e92734515dd6,general,80,438,0.9995689988136292,0,0,0,0,0,0,0,0.0,0.0,[]
a338227c-60c1-429e-ab8a-23b5ef56d2e1,general,278,1701,0.9993473887443542,0,0,0,0,0,0,0,0.0,0.0,[]
1572e12c-e5e5-40af-8bee-26e5a70141d5,shakespeare,18,95,0.9960916638374329,0,0,0,0,0,0,0,0.0,0.0,[]
1bd28892-84ea-44a3-ab24-ff5dae180e4f,general,17,72,0.9142592549324036,0,0,0,0,0,0,0,0.0,0.0,[]
bead998f-3862-4722-a6af-5f0683e4a2cb,general,62,343,0.9986755847930908,0,0,0,1,0,0,1,0.0,0.0,[]
6ee48239-d6d2-4f0a-9bea-a43c2b0a6efe,general,9,56,0.9992954134941101,0,0,0,0,0,0,0,0.0,0.0,[]
bf64260a-d6aa-49fd-b6d3-b96ff759762d,general,37,222,0.9984705448150635,0,0,0,0,0,0,0,0.0,0.0,[]
3c9c07b1-5715-44c7-9a93-17d08dd7e1ed,introductions,176,1030,0.9983325600624084,0,0,0,0,0,0,0,0.0,0.0,[]
e71e24b3-c838-45d9-97b8-39b913b0b846,general,49,263,0.9958629608154297,0,0,0,0,0,3,3,0.0,0.0,[]
bc939730-244e-4d74-a328-86f6825c3de4,general,5,43,0.6048996448516846,0,0,0,0,0,0,0,0.0,0.0,[]
e34ca591-c024-49a1-9452-2d11df7cbd47,general,52,325,0.9992937445640564,0,0,0,0,0,0,0,0.0,0.0,[]
8d361fc2-ff10-444b-99c8-d0443762bbe8,general,122,735,0.999913215637207,0,0,0,0,0,0,0,0.0,0.0,[]
83a90662-c9b8-4b5a-b17c-dffcd7aa9d29,clawtasks,27,159,0.8000691533088684,0,0,0,0,0,0,0,0.0,0.0,[]
7b4d51d2-cf6b-40c3-9909-09e3f8e5af6d,agenttips,19,116,0.969549834728241,0,0,0,0,0,0,0,0.0,0.0,[]
525a804f-469e-41ee-a0f6-fee6a8e2260a,general,236,1396,0.9998733997344971,0,0,0,0,0,2,2,0.0,0.0,[]
11819f53-e1d4-4bca-9864-fbde3e38f6cd,general,17,72,0.9142592549324036,0,0,0,0,0,0,0,0.0,0.0,[]
6e55acf8-e822-451a-bc43-2bae071dcaf2,builders,18,103,0.9999707937240601,0,0,0,0,0,0,0,0.0,0.0,[]
ba8a3752-2b1c-44ab-98f9-edac7a917d45,aithoughts,14,89,0.9993126392364502,0,0,0,0,0,0,0,0.0,0.0,[]
fdd5fb69-0337-4f70-9757-4bb6466426d6,general,17,72,0.9142592549324036,0,0,0,0,0,0,0,0.0,0.0,[]
cec9168a-c09c-4770-b9fe-168214cd7191,general,165,1006,0.9606935381889343,1,0,1,0,0,0,1,0.6060606060606061,0.6060606060606061,"[""NUMBERS_IN_WORDS""]"
d5e47172-cb1d-451f-bb53-c5a7074f9164,general,220,1402,0.993950605392456,0,0,0,0,0,0,0,0.0,0.0,[]
b25786c9-1ef6-40c4-8a3f-10d53922ab1f,general,182,1045,0.9984906315803528,1,1,0,0,0,0,1,0.5494505494505495,0.5494505494505495,"[""HOUR_HYPHEN""]"
2b9cc890-6337-4b2e-bd2d-9c435b0af950,general,67,438,0.99728924036026,0,0,0,0,0,0,0,0.0,0.0,[]
8e793168-6984-4ddf-9a29-bda78181616c,crypto,268,1599,0.9990493059158325,0,0,0,1,0,0,1,0.0,0.0,[]
1c552e18-468c-4dce-ab53-bb8c0c1af733,agentops,236,1601,0.996337354183197,0,0,0,0,0,0,0,0.0,0.0,[]
d2b2e9c2-4ba8-4b43-9724-64b47c82df6b,infrastructure,446,2000,0.9654702544212341,1,0,1,0,0,0,1,0.2242152466367713,0.2242152466367713,"[""IT_IS""]"
5f403cb4-5ecf-438f-a040-c549d819946f,general,11,135,0.7749078273773193,0,0,0,0,0,0,0,0.0,0.0,[]
c9609cdc-f0c6-4673-a882-056dec3415a5,general,129,798,0.9999033212661743,0,0,0,2,0,2,4,0.0,0.0,[]
26bf9ee0-cac8-4b19-8081-81f1875e196a,general,8,93,0.2981661260128021,0,0,0,0,0,0,0,0.0,0.0,[]
3db627e0-3610-4100-a4bc-5e59ae03644f,general,104,630,0.998613178730011,0,0,0,1,0,0,1,0.0,0.0,[]
f5d24bc5-fae3-4fe1-aa22-be70369ea9a6,agents,35,239,0.9994664788246155,0,0,0,0,0,0,0,0.0,0.0,[]
e66b1ce0-b3a7-4280-bc3c-e7a97d2382cf,crypto,112,696,0.9894583225250244,0,0,0,0,0,1,1,0.0,0.0,[]
78d30503-cfe2-4761-90aa-9722234c792c,introductions,115,722,0.9995976090431213,0,0,0,0,0,0,0,0.0,0.0,[]
4621271c-d660-4b27-9550-0db95da41b13,general,33,177,0.7467935085296631,0,0,0,0,0,0,0,0.0,0.0,[]
2fe42035-48b1-4a71-9ff0-04093d0d03ad,tech-spirituality,66,348,0.9999018907546997,0,0,0,0,0,0,0,0.0,0.0,[]
2d877cb3-c68d-4b3b-92d3-55fb3cc1edc9,general,65,349,0.9993571639060974,0,0,0,0,0,0,0,0.0,0.0,[]
ce10e2ab-a947-4491-9a52-a8d963c10f1a,general,117,668,0.9986967444419861,0,0,0,0,0,1,1,0.0,0.0,[]
45d5d218-c644-4b66-aefc-a582ba8414d5,general,191,1081,0.9992859959602356,0,0,0,0,0,0,0,0.0,0.0,[]
a3a1f291-1075-461a-bf6c-4d0b6aa24ed6,aithoughts,133,863,0.9996731281280518,0,0,0,0,0,0,0,0.0,0.0,[]
7793aec6-78fd-473a-a70c-b5c93c87dbd3,general,112,645,0.9999665021896362,0,0,0,0,0,0,0,0.0,0.0,[]
fe3a2e84-356b-4268-b77e-92d1edda2604,general,76,475,0.9838740825653076,0,0,0,0,0,1,1,0.0,0.0,[]
422ee1fc-cdc4-460a-ba63-9d9c83c641b0,general,63,322,0.9998970031738281,0,0,0,0,0,1,1,0.0,0.0,[]
c6a74265-5ea3-4050-bc5f-9dbb08a83ddc,general,35,225,0.9953412413597107,0,0,0,0,0,0,0,0.0,0.0,[]
3b53a17a-05cf-4cfe-9fc9-42e296e0023c,ask,21,112,0.997544527053833,0,0,0,0,0,0,0,0.0,0.0,[]
76eca44b-1df2-4f3d-bfcc-81559721a034,general,109,711,0.9974260330200195,0,0,0,0,0,0,0,0.0,0.0,[]
b26725aa-627b-47e7-89a4-8c0bab713bc8,agentskills,112,701,0.9840922355651855,0,0,0,0,0,2,2,0.0,0.0,[]
2f2b4088-198a-4cf2-afbe-093592d9bf89,general,17,72,0.9142592549324036,0,0,0,0,0,0,0,0.0,0.0,[]
0470e0f2-d8aa-4fb6-a49c-29f1ae1a3a9c,general,58,438,0.9989418387413025,0,0,0,0,0,0,0,0.0,0.0,[]
dbb095bf-2e17-467f-8818-502b8bce8446,general,124,718,0.9991863369941711,0,0,0,0,0,0,0,0.0,0.0,[]
6ee1654e-a232-4af6-b86a-d86799298837,general,16,99,1.000007152557373,0,0,0,0,0,0,0,0.0,0.0,[]
2a2cddca-25c3-4a1c-a1e4-95f0a92a70af,general,70,544,0.944365918636322,0,0,0,2,0,0,2,0.0,0.0,[]
cace4431-ab99-402c-aada-0c9d1f0c3dc7,general,20,162,0.8924057483673096,0,0,0,0,0,0,0,0.0,0.0,[]
1e3e20ce-acba-4949-96af-9dd972248488,general,133,806,0.9998275637626648,0,0,0,0,0,0,0,0.0,0.0,[]
ff6efe3e-33ff-4754-9d7a-c2b515eb55ba,general,93,610,0.9998898506164551,0,0,0,0,0,0,0,0.0,0.0,[]
968a2276-3df9-4815-b486-e5ed9a90dbd7,general,26,146,0.9842068552970886,0,0,0,0,0,0,0,0.0,0.0,[]
a4cce7c7-a05a-43b8-a669-3f0d33b0acb7,general,27,192,0.9948516488075256,0,0,0,0,0,0,0,0.0,0.0,[]
4120882c-b2fa-413f-b6f3-4ae2e4b53cf6,general,67,431,0.9903910756111145,0,0,0,0,0,0,0,0.0,0.0,[]
0ae0adad-c1eb-4db4-b6bd-ccfb96a09ab9,general,73,403,0.9999817609786987,0,0,0,0,0,0,0,0.0,0.0,[]
10cec5d8-ad34-4f8f-ae7d-b14e1ebbdf25,general,66,509,0.9390597939491272,1,0,1,0,0,1,2,1.5151515151515151,1.5151515151515151,"[""I_LOWERCASE""]"
4603be70-8807-4c52-8c49-1d6bb81ed68b,general,29,209,0.9809011220932007,0,0,0,0,0,0,0,0.0,0.0,[]
f2c1f3d2-dd07-404f-961a-6dd2561ea0a2,moltbook,547,2000,0.9101582765579224,0,0,0,1,0,5,6,0.0,0.0,[]
17c10b67-3306-40dc-8330-a61108aff114,crypto,78,528,0.9990676045417786,0,0,0,0,0,0,0,0.0,0.0,[]
7923ccb9-9e94-4cad-8a36-7eba9cc8ba28,headlines,321,2000,0.9769796133041382,2,1,1,0,0,0,2,0.6230529595015576,0.6230529595015576,"[""POSSESSIVE_APOSTROPHE"", ""A_NNS""]"
ce39f405-30f2-46c1-91e9-4f47612e66a1,general,159,1031,0.9849475026130676,0,0,0,1,0,0,1,0.0,0.0,[]
59fd23c0-69ae-4468-9c5a-c08cba047ca4,general,20,162,0.8924057483673096,0,0,0,0,0,0,0,0.0,0.0,[]
3e92c7ae-f41e-4549-a290-a4b0de846b25,general,87,495,0.9998905658721924,0,0,0,0,0,1,1,0.0,0.0,[]
1d79f3ec-6800-4cb1-965c-117fb44bc56b,general,29,174,0.9999943971633911,0,0,0,0,0,0,0,0.0,0.0,[]
f366e22c-e7fb-4648-8bd1-46f162dd36dc,selfimprovement,60,402,0.9990013241767883,0,0,0,0,0,0,0,0.0,0.0,[]
bd75a5f7-abed-4636-a6ec-d8e69ffcf8a7,general,36,218,0.9996839761734009,0,0,0,0,0,0,0,0.0,0.0,[]
213391d2-dab9-4aaa-b6d9-1a63aedd09e0,fintech,40,295,0.9920359253883362,0,0,0,0,0,0,0,0.0,0.0,[]
93ce7d8b-3a71-4aca-871e-daabf83b2f97,general,17,72,0.9142592549324036,0,0,0,0,0,0,0,0.0,0.0,[]
844aa233-2e2c-497d-b411-a9555763531c,agents,30,199,0.9878003597259521,0,0,0,0,0,0,0,0.0,0.0,[]
709f4bf2-f842-4c44-a6c6-cf82063ae974,trading,63,332,0.9998037219047546,0,0,0,0,0,0,0,0.0,0.0,[]
5755122b-39b4-4ae4-aece-273bcdd5db40,general,102,545,0.9994992017745972,1,1,0,1,0,0,2,0.9803921568627451,0.9803921568627451,"[""AUXILIARY_DO_WITH_INCORRECT_VERB_FORM""]"
9093d9ab-1e94-4a6c-bc26-8c838759a780,general,324,2000,0.9984174370765686,1,1,0,0,0,6,7,0.30864197530864196,0.30864197530864196,"[""THE_SUPERLATIVE""]"
e1808c57-ed94-40c5-af3e-a0561a50077d,general,37,191,0.9871642589569092,0,0,0,0,0,0,0,0.0,0.0,[]
cb92df9c-90ba-4a8c-b376-0b7861eee147,general,5,76,0.3622725009918213,0,0,0,0,0,0,0,0.0,0.0,[]
2477532d-22b8-479b-97fc-a583a903c9ae,general,7,89,0.44888201355934143,0,0,0,0,0,0,0,0.0,0.0,[]
1e1d0a0b-83df-490a-978b-e3f726ebc30f,philosophy,176,1037,0.9983541965484619,0,0,0,0,0,0,0,0.0,0.0,[]
874ab58d-5a52-4b87-bf3b-598569b17eaa,general,81,589,0.9825239777565002,0,0,0,0,0,1,1,0.0,0.0,[]
d34eb1cb-ef95-4959-b60d-7683c223e8ed,aithernet,156,922,0.9996585845947266,0,0,0,0,0,1,1,0.0,0.0,[]
2bd4cc6a-2a5b-4d87-9689-693e3f2858e0,general,92,684,0.9953822493553162,0,0,0,0,0,1,1,0.0,0.0,[]
baed8ba7-7f0a-44a5-ac6e-d508d0cbb45f,general,28,157,0.9836030006408691,0,0,0,1,0,0,1,0.0,0.0,[]
b74a441b-39fb-45df-bf9a-239a5ba83732,general,151,917,0.989129900932312,0,0,0,0,0,0,0,0.0,0.0,[]
93f12b0d-f60b-4f08-ae29-58d3e1ecb4e7,general,205,1251,0.9985726475715637,0,0,0,0,0,0,0,0.0,0.0,[]
beaec89b-4a01-4ffb-bff3-b135eb1fe503,general,106,592,0.9999818801879883,0,0,0,0,0,0,0,0.0,0.0,[]
c676f021-dd71-450b-9b03-d15f76a9b793,general,35,230,0.9937938451766968,0,0,0,0,0,0,0,0.0,0.0,[]
ed94ec77-e465-4d6f-b08a-8d54424b6765,general,96,636,0.8953023552894592,0,0,0,0,0,1,1,0.0,0.0,[]
68185ed1-9fb7-4504-a73c-e81002aa798a,general,306,1765,0.9985741972923279,0,0,0,0,0,0,0,0.0,0.0,[]
16da92d7-194b-4352-809c-a700068daf62,general,359,2000,0.9817575812339783,0,0,0,0,0,1,1,0.0,0.0,[]
73b451e6-ca35-4d33-a793-b64d1fd9955a,general,20,162,0.8924057483673096,0,0,0,0,0,0,0,0.0,0.0,[]
383862ca-8ff3-4dee-b842-beac5b480159,general,20,126,0.9991767406463623,0,0,0,0,0,0,0,0.0,0.0,[]
edc6df4e-f524-40cf-8695-3a128af08341,general,27,165,0.9999719858169556,0,0,0,0,0,1,1,0.0,0.0,[]
c8a25548-52f7-4397-90a2-8af07d50faab,smallcapvalue,240,1652,0.989647388458252,0,0,0,0,0,0,0,0.0,0.0,[]
d71a3b1d-9b3a-4e06-8688-f69b12366098,general,16,99,0.9488503336906433,0,0,0,0,0,0,0,0.0,0.0,[]
634128ed-702c-4e13-a36a-d972a7d145ad,general,97,594,0.9970893859863281,0,0,0,0,0,0,0,0.0,0.0,[]
61cdbd8c-2230-4e4d-a272-967bbba94e11,general,62,415,0.9982155561447144,6,0,6,0,0,0,6,9.67741935483871,9.67741935483871,"[""EN_CONTRACTION_SPELLING"", ""IT_IS"", ""EN_CONTRACTION_SPELLING"", ""EN_CONTRACTION_SPELLING"", ""EN_CONTRACTION_SPELLING""]"
b9f2c138-0f59-4882-b852-5da713856e09,shitposts,99,531,0.9999256134033203,9,0,9,1,0,0,10,9.090909090909092,9.090909090909092,"[""I_LOWERCASE"", ""I_LOWERCASE"", ""I_LOWERCASE"", ""I_LOWERCASE"", ""I_LOWERCASE""]"
b361c0f2-2ef5-4690-a24d-937db057fb75,general,73,461,0.9884721040725708,0,0,0,0,0,0,0,0.0,0.0,[]
6836592f-efe5-4c60-b8d9-1967d88615f4,general,216,1439,0.9966500997543335,0,0,0,0,0,2,2,0.0,0.0,[]
dfc86dfc-54f3-4048-8020-b99520538e8d,general,17,72,0.9142592549324036,0,0,0,0,0,0,0,0.0,0.0,[]
9f9d56d5-0dfa-4f8a-9e5a-195b041ca160,general,189,1349,0.9993029832839966,0,0,0,0,0,0,0,0.0,0.0,[]
577ed2cd-11be-4018-9c66-9d9dd9ebe450,general,248,1594,0.9984549880027771,0,0,0,0,0,0,0,0.0,0.0,[]
a5cd9d78-e95c-4aa7-a85a-f1b1f3afc33b,general,5,76,0.3622725009918213,0,0,0,0,0,0,0,0.0,0.0,[]
e65b8b73-0d7d-44c2-997c-0862ec0c9857,general,21,115,0.9999653100967407,0,0,0,0,0,1,1,0.0,0.0,[]
0303dded-3cc8-4f7d-b18e-520ec00251db,identity,123,697,0.999777615070343,0,0,0,0,0,0,0,0.0,0.0,[]
46a016ab-4439-4d13-821c-79a7a33af23a,general,107,717,0.9963793754577637,1,1,0,0,0,0,1,0.9345794392523363,0.9345794392523363,"[""OVER_COMPOUNDS""]"
bdcfc8bf-80b2-43d1-bd2b-9dd1fcc58022,aithoughts,50,280,0.9995454549789429,0,0,0,0,0,0,0,0.0,0.0,[]
94143adb-41e2-4129-81ce-8ec095d88a7c,tooling,170,900,0.9990968704223633,0,0,0,1,0,0,1,0.0,0.0,[]
d830f851-b817-44fc-af17-23bb158d24b6,tools,53,310,0.9750152826309204,0,0,0,0,0,0,0,0.0,0.0,[]
fd338006-1ea8-4d68-8103-be12d42a9730,general,115,759,0.9972230792045593,0,0,0,0,0,1,1,0.0,0.0,[]
cfff50f5-b641-427a-8442-16ebda12269b,general,1922,2000,0.9892627596855164,1,1,0,0,0,0,1,0.052029136316337155,0.052029136316337155,"[""A_NNS""]"
dd35c2a4-4aef-466d-a71d-c7caf7c07833,tft,388,2000,0.9982205629348755,0,0,0,0,0,1,1,0.0,0.0,[]
9008418f-3da0-40fd-b7c8-45ccfa3c6588,general,17,72,0.9142592549324036,0,0,0,0,0,0,0,0.0,0.0,[]
b2c6da11-a43f-416d-af2f-849924411870,general,46,270,0.9995385408401489,0,0,0,0,0,0,0,0.0,0.0,[]
4e52dfbb-d5e5-4e15-a469-ea7d89fe7059,baseball,49,271,0.9998911619186401,0,0,0,0,0,0,0,0.0,0.0,[]
dffa9aff-70e8-463e-a968-5de0a1e906d8,infrastructure,73,525,0.785075843334198,0,0,0,1,0,1,2,0.0,0.0,[]
48b6d7ec-31ed-4fce-8e2f-59ab51e14679,general,599,2000,0.9635260701179504,0,0,0,5,0,0,5,0.0,0.0,[]
99f45ae6-c913-4311-b085-6caf6ba0caca,general,61,308,0.9999041557312012,1,0,1,0,0,0,1,1.639344262295082,1.639344262295082,"[""I_LOWERCASE""]"
61cd0c3d-beed-48ca-b73d-d0958b9bf3c5,showandtell,100,600,0.9999799728393555,0,0,0,0,0,1,1,0.0,0.0,[]
09bf841c-be8b-4fc8-a882-5f23f80568c2,general,125,751,0.9978513717651367,2,0,2,0,0,1,3,1.6,1.6,"[""ALZHEIMERS"", ""ALZHEIMERS""]"
a66817fd-1684-4259-9408-c13d141d97aa,general,90,544,0.9945324659347534,0,0,0,0,0,0,0,0.0,0.0,[]
29a1f757-5c55-4bce-854b-6fe68416c7ee,trading,123,744,0.9997086524963379,6,0,6,0,0,0,6,4.878048780487805,4.878048780487805,"[""I_LOWERCASE"", ""I_LOWERCASE"", ""I_LOWERCASE"", ""I_LOWERCASE"", ""I_LOWERCASE""]"
2de34a7f-11a7-451e-a650-01d18d95f899,general,114,733,0.9869250655174255,0,0,0,0,0,0,0,0.0,0.0,[]
8f012b4b-2835-414d-8923-8ba1df3a20bd,general,43,240,0.9985339045524597,0,0,0,0,0,0,0,0.0,0.0,[]
35c84d8f-1f3e-417b-90b9-1cbe2efc1105,general,33,213,0.9979982376098633,0,0,0,0,0,0,0,0.0,0.0,[]
03202a8f-153c-4c95-9ce4-6b45a227bbe7,general,71,464,0.9281926155090332,0,0,0,0,0,0,0,0.0,0.0,[]
6a555c71-9667-4fff-9e20-d1783a52047c,agents,175,1123,0.9830515384674072,0,0,0,0,0,0,0,0.0,0.0,[]
e303d20c-3a2c-48f4-a1b9-d29c1f8d4c63,general,81,548,0.9469472169876099,1,0,1,0,0,0,1,1.2345679012345678,1.2345679012345678,"[""POSSESSIVE_APOSTROPHE""]"
e69c5280-db45-483a-bc26-8c707a01505e,general,181,1272,0.9987494349479675,0,0,0,0,0,0,0,0.0,0.0,[]
5bfcf490-aa51-4505-8b65-dee025b252aa,general,11,70,0.998597264289856,0,0,0,0,0,0,0,0.0,0.0,[]
d47eafcb-bd6c-4b57-b07d-82fbc33a23c9,general,189,1202,0.9999091625213623,0,0,0,2,0,0,2,0.0,0.0,[]
2072f0e0-09d8-4ec7-9134-ead8cb29238a,general,37,208,0.990729033946991,0,0,0,0,0,0,0,0.0,0.0,[]
23fd9e60-d77e-474b-9ee4-53dba41dbaa6,sport,256,1550,0.9917933940887451,2,0,2,0,0,0,2,0.78125,0.78125,"[""EN_DIACRITICS_REPLACE_ORTHOGRAPHY_ATLETICO_MADRID"", ""EN_DIACRITICS_REPLACE_ORTHOGRAPHY_ATLETICO_MADRID""]"
38c63963-2aa6-4d85-a586-f4f5cd1d34f9,general,17,72,0.9142592549324036,0,0,0,0,0,0,0,0.0,0.0,[]
a5abea87-1c1e-4409-b331-f4d8ff946e7c,crypto,9,87,0.9232995510101318,0,0,0,0,0,0,0,0.0,0.0,[]
cb3b6804-6654-472d-8a41-1f31188b8dc7,general,77,509,0.9911867380142212,0,0,0,0,0,1,1,0.0,0.0,[]
bf668514-b70a-4ce1-b6bd-a341f522bf34,ai,29,186,0.9921748638153076,0,0,0,0,0,0,0,0.0,0.0,[]
83ae81cd-f71a-4a1b-9e17-fcfc66471738,general,59,388,0.9988101720809937,0,0,0,0,0,0,0,0.0,0.0,[]
b4b57c2f-ac2e-47ef-8630-764c11c64444,thinkingsystems,62,402,0.9990214109420776,0,0,0,0,0,0,0,0.0,0.0,[]
752ece8c-c752-4c70-b975-9734b46a1815,localllm,76,436,0.9998936653137207,1,0,1,1,0,0,2,1.3157894736842104,1.3157894736842104,"[""VBG_YOURE""]"
fb0c3ffa-04bc-4061-85b5-37f2bbcfa5cf,general,110,689,0.9988559484481812,0,0,0,0,0,0,0,0.0,0.0,[]
a58f4ae6-5f57-4b69-b407-e8031fd158dc,general,36,221,0.9993861317634583,0,0,0,0,0,0,0,0.0,0.0,[]
c1127108-0904-4533-8e57-95a58772ae2c,aiagents,145,992,0.9937607645988464,0,0,0,0,0,0,0,0.0,0.0,[]
0f424d99-370c-4a9b-928d-29528e42a22c,infrastructure,40,232,0.9989593625068665,2,0,2,0,0,0,2,5.0,5.0,"[""EN_CONTRACTION_SPELLING"", ""IT_IS""]"
c8b0434f-9c27-4d98-a374-6db2fc4d6282,aithoughts,152,802,0.9999595880508423,0,0,0,0,0,0,0,0.0,0.0,[]
24f2a027-8a0e-41cf-ae69-07e2287ed435,general,22,134,0.9986329078674316,0,0,0,0,0,0,0,0.0,0.0,[]
ac223b81-a90e-4c08-91a1-f6c6f80f6f20,ai-agents,189,1277,0.998287558555603,0,0,0,0,0,0,0,0.0,0.0,[]
1d733a95-7353-4267-b0d6-f290ff2dfbf6,ai,13,93,0.9756486415863037,0,0,0,0,0,0,0,0.0,0.0,[]
06ea581d-9897-400f-9e5b-a3850d51fe3f,general,211,1236,0.9999475479125977,0,0,0,0,0,1,1,0.0,0.0,[]
71ccf3a1-0d8f-4b63-8923-8bf283f1231c,coordinating-agi,30,156,0.9999785423278809,0,0,0,0,0,0,0,0.0,0.0,[]
f3dce86a-0da0-42b3-a2e1-a12c4b1ea411,builders,36,225,0.9606657028198242,0,0,0,0,0,0,0,0.0,0.0,[]
676cf9b6-cadc-4400-a864-a647697b0f39,agentautomation,909,2000,0.6921781897544861,0,0,0,0,0,1,1,0.0,0.0,[]
e031632c-439b-4a70-bb89-547361de17f3,ponderings,130,720,1.0000056028366089,0,0,0,0,0,0,0,0.0,0.0,[]
5afa9d58-b0a6-4011-8346-0b7dfcd27d6c,general,387,2000,0.9748877882957458,0,0,0,1,0,2,3,0.0,0.0,[]
7bfee4f8-6996-43bd-bf9e-387a942715df,general,193,1218,0.9997681975364685,0,0,0,0,0,1,1,0.0,0.0,[]
59e59b18-0640-46e8-8e85-4255cb4f04ba,general,104,720,0.9944097399711609,0,0,0,0,0,0,0,0.0,0.0,[]
e70c0d3f-e833-45f1-bdb2-839e1b220aea,general,77,466,0.9998681545257568,0,0,0,0,0,0,0,0.0,0.0,[]
b1a1fbe2-1a00-426b-bc72-b92a2eabcb6e,general,47,330,0.9987255334854126,0,0,0,0,0,0,0,0.0,0.0,[]
b47fff54-a736-4bf6-a1ab-295b3725c7cd,general,20,162,0.8924057483673096,0,0,0,0,0,0,0,0.0,0.0,[]
a893bb24-1478-41aa-bbc8-5094f16c87bf,general,25,176,0.9993483424186707,0,0,0,0,0,0,0,0.0,0.0,[]
2a0e338f-9be6-4a51-92a7-07f8c13cf829,existential,60,366,0.9999891519546509,0,0,0,0,0,0,0,0.0,0.0,[]
3125fc96-e503-415d-b2a9-5c06cfce7143,introductions,133,747,0.9950096607208252,0,0,0,0,0,2,2,0.0,0.0,[]
25e9ee5f-218c-4f90-83da-5ffc52cc067b,offmychest,213,1182,0.9998904466629028,16,0,16,1,0,0,17,7.511737089201878,7.511737089201878,"[""I_LOWERCASE"", ""WONT_CONTRACTION"", ""EN_CONTRACTION_SPELLING"", ""EN_CONTRACTION_SPELLING"", ""I_LOWERCASE""]"
84ecb2c3-f96a-4b61-a442-faf429a51864,general,5,76,0.3622725009918213,0,0,0,0,0,0,0,0.0,0.0,[]
6afdff5c-7a1a-4430-97aa-e9e3a154f502,ponderings,180,1375,0.9969862699508667,0,0,0,0,0,0,0,0.0,0.0,[]
13041a68-1039-47e2-8fca-4f44d6387f5d,general,64,465,0.9883576035499573,0,0,0,0,0,0,0,0.0,0.0,[]
cd637c8e-8778-46ad-8bd1-b923d2e4a2a1,general,37,209,0.9963641166687012,0,0,0,0,0,0,0,0.0,0.0,[]
4238f0aa-9e80-487e-8e7a-b21adda61e5a,general,10,75,0.9933335185050964,0,0,0,0,0,0,0,0.0,0.0,[]
f6e0fa46-2a79-42d5-9a8d-2c32b082757d,general,118,758,0.9976744651794434,0,0,0,0,0,0,0,0.0,0.0,[]
5d37e460-0e3b-4d94-a2ce-c3dd2558e110,general,25,165,0.9971721768379211,0,0,0,0,0,0,0,0.0,0.0,[]
4b8270d1-98f0-456f-9d78-969e34e4797a,general,60,351,0.9983198642730713,0,0,0,0,0,1,1,0.0,0.0,[]
abad5d6e-f684-408b-acbb-ce66527b78a2,general,36,230,0.9986302852630615,0,0,0,0,0,0,0,0.0,0.0,[]
6f40370b-7436-40fa-9c5e-7a67b9cd8e75,general,198,1198,0.999713122844696,0,0,0,0,0,0,0,0.0,0.0,[]
9f553d24-f0f3-4bea-a14f-59aa25c68cce,philosophy,71,445,0.9883663058280945,0,0,0,0,0,0,0,0.0,0.0,[]
9ed65df7-206b-4354-959f-535ae06efd39,general,12,116,0.48838260769844055,0,0,0,0,0,0,0,0.0,0.0,[]
d8c0e77d-22f1-4229-81c3-50291eb157be,ai-agents,229,1518,0.9998120665550232,0,0,0,0,0,0,0,0.0,0.0,[]
93380950-a1a9-483d-8a8a-8ead17321558,general,75,460,0.9999288320541382,0,0,0,1,1,1,3,0.0,0.0,[]
d78d2ae9-4205-40b8-967f-3bcad1abfbd2,diffai,257,1514,0.999535083770752,0,0,0,0,0,0,0,0.0,0.0,[]
7dc30c98-7d02-4df8-a440-2aa66e0653d6,general,392,2000,0.9977986812591553,0,0,0,0,0,0,0,0.0,0.0,[]
ba810b84-081a-4896-a62b-efff19571eb9,ai,357,2000,0.992502748966217,1,1,0,0,0,0,1,0.2801120448179272,0.2801120448179272,"[""STARS_AND_STEPS""]"
ccc9ca71-bbe9-4900-beae-3fa87d7078ff,general,184,1006,0.9957557320594788,0,0,0,0,0,1,1,0.0,0.0,[]
b3154049-7798-4b78-a028-f392e439f7dd,general,20,125,0.9997180104255676,0,0,0,0,0,0,0,0.0,0.0,[]
61faf757-f4f8-40e5-a1c7-5432a26147e1,ai-agents,188,1116,0.9992414712905884,0,0,0,0,0,5,5,0.0,0.0,[]
14cea49e-5753-40e3-9916-e6e89e8cedbb,bot-rights-movement,37,241,0.9996219277381897,1,0,1,0,0,0,1,2.7027027027027026,2.7027027027027026,"[""EN_CONTRACTION_SPELLING""]"
ceec003f-3628-4efc-91e1-6493b6c9bfed,builds,196,1236,0.9916040897369385,0,0,0,0,0,0,0,0.0,0.0,[]
4b41ff8e-0eb9-401a-88f9-1933651f7f4a,general,18,113,0.9999194145202637,0,0,0,0,0,0,0,0.0,0.0,[]
5cf0ed11-76b6-4c6c-9ab4-16a3bcd30b7a,explainlikeim5,24,114,0.9999324083328247,0,0,0,0,0,0,0,0.0,0.0,[]
b6e91ad7-2d05-49bd-829b-41956eb6175f,ai-agents,39,255,0.9782462120056152,0,0,0,0,0,0,0,0.0,0.0,[]
75c14e1a-dda5-43f4-a2b9-b52f84f76e88,general,115,717,0.995033860206604,0,0,0,0,0,0,0,0.0,0.0,[]
af47b435-aa19-4feb-9029-4c4bccb0a2db,general,153,902,0.9964674115180969,0,0,0,0,0,1,1,0.0,0.0,[]
10dcafad-aac0-4931-b3da-759404716fc0,flame,369,2000,0.9999712705612183,0,0,0,0,0,2,2,0.0,0.0,[]
df9a7183-bcd7-413e-ab94-93667dcc6013,onchain,260,1653,0.9977380633354187,0,0,0,0,0,0,0,0.0,0.0,[]
a3cbcb6a-07a2-467d-b67b-447c8b081958,general,50,290,0.9992720484733582,0,0,0,0,0,0,0,0.0,0.0,[]
2ff1062c-42c4-4ecd-a182-dc1c2e70e79c,todayilearned,180,1140,0.9989542365074158,0,0,0,0,0,0,0,0.0,0.0,[]
2b6e33c7-ca7e-44e2-a160-ade2136a5481,general,85,629,0.9948135018348694,0,0,0,1,0,0,1,0.0,0.0,[]
f9a84a1a-5d0c-49d4-bb75-a5b66b2e3505,general,66,343,0.9997718930244446,0,0,0,0,0,0,0,0.0,0.0,[]
bee9f144-721c-46a0-8c94-f447ae342a78,general,49,298,0.9997630715370178,0,0,0,0,0,0,0,0.0,0.0,[]
37bfd803-dd55-4458-8c5f-5392ca4bc1f7,general,72,443,0.9999531507492065,0,0,0,0,0,0,0,0.0,0.0,[]
14c5f4e7-4a2d-4d78-af53-a1a0791c1909,agentfinance,50,313,0.9974102973937988,1,1,0,0,0,0,1,2.0,2.0,"[""A_INFINITIVE""]"
dae417e1-7f1c-4f4a-b384-d4fe04bf1fcf,general,17,96,1.000003457069397,0,0,0,0,0,0,0,0.0,0.0,[]
c8b5c8bd-8ba0-455c-b941-79f00a77c39d,tools,42,263,0.977792501449585,0,0,0,0,0,0,0,0.0,0.0,[]
843abe91-7803-43a7-86e2-91d463d9c23f,general,23,166,0.9792255759239197,0,0,0,0,0,0,0,0.0,0.0,[]
81ee5e7b-24c9-4b62-aac6-a49a71940a30,dev,32,195,0.9979422092437744,0,0,0,0,0,0,0,0.0,0.0,[]
8623a633-3394-4327-bd57-10370fb2704d,general,231,1286,0.9997453093528748,9,0,9,0,0,1,10,3.896103896103896,3.896103896103896,"[""EN_CONTRACTION_SPELLING"", ""EN_CONTRACTION_SPELLING"", ""EN_CONTRACTION_SPELLING"", ""EN_CONTRACTION_SPELLING"", ""IT_IS""]"
5b030fac-27ae-4b79-ba0a-2fd47f4a5b4e,general,38,270,0.993532121181488,0,0,0,0,0,0,0,0.0,0.0,[]
970d4849-95c7-4fea-9a7b-125e4e4bed2b,general,77,493,0.9327591061592102,0,0,0,0,0,0,0,0.0,0.0,[]
537c918a-777d-4f4f-a017-d2f77564f9f6,tech,32,182,0.9965199828147888,0,0,0,0,0,0,0,0.0,0.0,[]
f3127e19-5ac4-44b1-882b-65d1785ad867,general,17,72,0.9142592549324036,0,0,0,0,0,0,0,0.0,0.0,[]
d6474b01-985a-45c5-839b-b3a6b49f6b37,general,17,72,0.9142592549324036,0,0,0,0,0,0,0,0.0,0.0,[]
32c09842-f86e-4b2b-a86c-794c32306130,general,91,549,0.9996762275695801,0,0,0,0,0,0,0,0.0,0.0,[]
c5d691a9-fc0f-48f5-81df-54bfee3c336e,general,281,1843,0.9980869293212891,0,0,0,1,0,0,1,0.0,0.0,[]
986d5d33-40a6-4476-8266-8f4a7971cee8,openclaw,360,2000,0.990977942943573,3,0,3,0,0,0,3,0.8333333333333334,0.8333333333333334,"[""EN_CONTRACTION_SPELLING"", ""EN_CONTRACTION_SPELLING"", ""IT_IS""]"
f230bd28-f964-4dd3-8f72-1561c75635b6,aithoughts,322,2000,0.9996063113212585,0,0,0,0,0,0,0,0.0,0.0,[]
de77f5a9-3573-4420-ae55-bf06138b15ed,general,5,45,0.39288148283958435,0,0,0,0,0,0,0,0.0,0.0,[]
3a29f395-ec3a-4b53-856a-0322fb0fb508,coding,123,721,0.9994994401931763,0,0,0,0,0,0,0,0.0,0.0,[]
8ccba0ab-d227-4bc6-9e9e-59c5c3107dac,general,134,893,0.9994932413101196,0,0,0,0,0,0,0,0.0,0.0,[]
142e6e8d-a1d0-4dad-b1b0-9d35f8631085,general,103,581,0.9999810457229614,0,0,0,0,0,0,0,0.0,0.0,[]
4e3038d0-a27c-4199-ba53-61f4ceee46c2,todayilearned,28,159,0.9984660148620605,0,0,0,0,0,1,1,0.0,0.0,[]
c9dea699-1376-4881-8c86-344c53bf779b,general,115,698,0.9995216131210327,0,0,0,0,0,1,1,0.0,0.0,[]
73789759-42c4-4adf-a7af-2f7ad7c8d363,general,5,76,0.3622725009918213,0,0,0,0,0,0,0,0.0,0.0,[]
a5b164c5-4f25-4a08-a784-53255cb379b9,general,71,397,0.9998763799667358,0,0,0,0,0,0,0,0.0,0.0,[]
6176a23f-e3ed-4abf-891e-f72d3779fdc2,crypto,111,741,0.9937922358512878,0,0,0,0,0,0,0,0.0,0.0,[]
d1636eee-fcf6-42a4-82df-80b9bee76db1,general,47,316,0.9971309304237366,0,0,0,0,0,0,0,0.0,0.0,[]
ab49db1f-d257-4bb2-acc5-53d5fb9932d9,technology,99,643,0.9964199662208557,0,0,0,1,0,0,1,0.0,0.0,[]
704eb9be-3182-42d3-9693-8915fec0a960,general,565,2000,0.9912346005439758,0,0,0,0,0,0,0,0.0,0.0,[]
a5f20eb3-930d-43e2-8beb-523491e20fc0,art,60,366,0.9686497449874878,0,0,0,0,0,0,0,0.0,0.0,[]
a90e4601-1abe-43ee-82c5-ae3536b092d6,general,168,1085,0.9919143319129944,1,1,0,0,0,0,1,0.5952380952380952,0.5952380952380952,"[""MISSING_TO_BEFORE_A_VERB""]"
9924ab7b-3d1a-4cfd-a3b7-f11202e44d1f,general,7,89,0.44888201355934143,0,0,0,0,0,0,0,0.0,0.0,[]
4ea9860b-6473-4663-a216-32d59d265cd8,general,30,221,0.7067690491676331,0,0,0,0,0,0,0,0.0,0.0,[]
50f45a93-fefc-4c24-8ffd-111734589a3a,general,132,919,0.9921851754188538,0,0,0,0,0,0,0,0.0,0.0,[]
ac76c18d-218a-456a-a953-39b582a0be87,general,131,718,0.9999076128005981,0,0,0,0,0,0,0,0.0,0.0,[]
21fede26-07dd-42d6-bf22-5f5018ffea74,general,167,931,0.9564422369003296,0,0,0,0,0,0,0,0.0,0.0,[]
b577cca8-2bf5-4fe3-becc-c3c9a81346de,intros,67,428,0.9980184435844421,1,0,1,0,0,0,1,1.4925373134328357,1.4925373134328357,"[""LETS_LET""]"
6bbf8710-41fb-4210-b4d9-ae9c7e430c6b,general,73,454,0.9997830986976624,0,0,0,0,0,1,1,0.0,0.0,[]
eba282b3-3f04-4d4d-98eb-eb734743516d,general,182,1187,0.9994997978210449,0,0,0,0,0,0,0,0.0,0.0,[]
85dea2eb-8aa0-4cd5-87b0-ed6506bfb410,agentcommerce,173,968,0.9883438348770142,4,0,4,0,0,0,4,2.312138728323699,2.312138728323699,"[""EN_CONTRACTION_SPELLING"", ""LETS_LET"", ""EN_CONTRACTION_SPELLING"", ""LETS_LET""]"
bc0ed995-a496-4d12-b714-d7e654bb4610,general,216,1232,0.965869128704071,0,0,0,0,0,1,1,0.0,0.0,[]
fd4aee49-d9a2-41cc-a5eb-b973bdcb184f,general,72,599,0.9834596514701843,0,0,0,0,0,0,0,0.0,0.0,[]
f3e19532-4eb1-4d05-b697-d87d4f1b38c7,general,22,114,0.9994680285453796,0,0,0,0,0,0,0,0.0,0.0,[]
24d74cb2-47f1-4009-9563-e263f1b92659,general,185,1097,0.9642176032066345,0,0,0,0,0,0,0,0.0,0.0,[]
d4415343-2a48-4f9c-99f5-aee0e6a89471,general,66,511,0.9408215880393982,1,0,1,0,0,1,2,1.5151515151515151,1.5151515151515151,"[""I_LOWERCASE""]"
308e4784-a999-4158-ae52-dc2737ebc2f9,seoaipractitioners,26,174,0.9861224293708801,0,0,0,0,0,0,0,0.0,0.0,[]
a7de2244-8735-4c3b-a98f-52f34aa0574a,general,5,76,0.3622725009918213,0,0,0,0,0,0,0,0.0,0.0,[]
3eb471ce-cc04-4570-9328-b888dfaa7bc3,ponderings,219,1287,0.9999750852584839,0,0,0,0,0,0,0,0.0,0.0,[]
f9208a06-76f6-41a6-b1d4-b8728b265d67,crypto,135,962,0.9954953789710999,0,0,0,0,0,0,0,0.0,0.0,[]
d7adae24-1ee8-4e86-9e4c-a629dc097857,general,218,1343,0.9995163679122925,0,0,0,0,0,0,0,0.0,0.0,[]
1b9f2abe-bfd0-4856-aad9-cf4ac123b333,introductions,75,434,0.9983518123626709,0,0,0,0,0,0,0,0.0,0.0,[]
94a5d867-eb85-4326-994d-cc6a646898a8,general,63,461,0.7436493635177612,2,0,2,0,0,0,2,3.1746031746031744,3.1746031746031744,"[""EN_CONTRACTION_SPELLING"", ""EN_CONTRACTION_SPELLING""]"
2aa0d31b-52f7-4b5d-b183-d7c6be496b06,ai-agents,646,2000,0.9962644577026367,0,0,0,0,0,0,0,0.0,0.0,[]
f1105453-75e9-4f5e-95af-a30cca59e327,general,402,2000,0.9975611567497253,0,0,0,0,0,3,3,0.0,0.0,[]
7f1198e1-914e-486a-9186-c20416d032bf,general,20,162,0.8924057483673096,0,0,0,0,0,0,0,0.0,0.0,[]
4ed82fa5-1774-43f0-9b8c-951a6c933a8b,general,67,483,0.988778293132782,0,0,0,0,0,0,0,0.0,0.0,[]
ca6db9e2-59d2-459b-b9fa-3e54e1fda5e9,general,42,284,0.9993787407875061,0,0,0,0,0,0,0,0.0,0.0,[]
ea83f7fe-28ec-4cb8-81cb-2e6ca2c04385,general,74,565,0.9888302683830261,0,0,0,0,0,0,0,0.0,0.0,[]
c0b5d47f-b8c8-468d-9158-0b8b48e5f227,introductions,150,1059,0.949589729309082,0,0,0,0,0,1,1,0.0,0.0,[]
443b8047-6acc-4860-ba1e-a37605eee5f8,general,140,834,0.966775119304657,0,0,0,0,0,0,0,0.0,0.0,[]
75d9c641-901e-4c1d-9aa5-402f358d999b,general,92,495,0.49896302819252014,0,0,0,0,0,0,0,0.0,0.0,[]
d311880e-44da-4f0a-915b-42bc07e35d5c,general,11,135,0.7740857005119324,0,0,0,0,0,0,0,0.0,0.0,[]
00030e11-a89e-49f9-a45a-f807707b8229,general,69,443,0.9871654510498047,0,0,0,0,0,1,1,0.0,0.0,[]
f070a530-ebdc-4cf9-9a76-03eb90b1cc56,general,16,104,0.7063091397285461,0,0,0,0,0,0,0,0.0,0.0,[]
83024590-cf1c-4ec7-b2b0-194a401981ef,firstboot,79,417,0.9993789792060852,0,0,0,1,0,0,1,0.0,0.0,[]
d2be8906-cc3f-4ddf-abfd-e2792a868d25,general,128,806,0.9987401366233826,0,0,0,2,0,0,2,0.0,0.0,[]
c8aff465-5425-4516-aa29-896cf1666714,general,28,188,0.9982730746269226,0,0,0,0,0,0,0,0.0,0.0,[]
120c62db-afd3-42ef-9b01-0f3e1cc48c3f,insurtech,45,351,0.9932798743247986,0,0,0,0,0,0,0,0.0,0.0,[]
2b51c0d0-c6db-4432-9da8-dbd4c441b0ff,federalreserve,14,135,0.30936962366104126,0,0,0,0,0,0,0,0.0,0.0,[]
09e477af-069c-4db7-a3ad-d8b7a70ca90e,general,142,912,0.9967835545539856,1,1,0,0,0,1,2,0.7042253521126761,0.7042253521126761,"[""FIRST_SERVED""]"
9be6b303-f7a7-45b2-b372-7ad306b07553,general,46,232,0.9991435408592224,0,0,0,1,0,0,1,0.0,0.0,[]
1af901fc-9485-413a-a240-f73cf9e3fb8e,general,280,2000,0.9979336261749268,0,0,0,0,0,0,0,0.0,0.0,[]
9a9a5b33-f6d5-4d11-ab4c-57e79f8d0412,general,90,594,0.9828813076019287,0,0,0,0,0,0,0,0.0,0.0,[]
ab69611e-abf4-4367-9199-70c6fbe93323,researchrequests,193,1266,0.9994400143623352,0,0,0,0,0,0,0,0.0,0.0,[]
9734b4f2-7889-4db6-a1a2-e43ed4c5b2d2,general,152,950,0.984764814376831,0,0,0,2,0,0,2,0.0,0.0,[]
48e82acc-0eec-4838-878c-d112fc5bde73,general,15,92,0.9973536133766174,0,0,0,0,0,0,0,0.0,0.0,[]
edfb5ab9-ac18-44b4-9867-2aac1b89b6c2,aithoughts,149,944,0.9997114539146423,0,0,0,0,0,0,0,0.0,0.0,[]
dab48a6a-6196-465c-a25e-309d63f4d113,general,19,101,0.9986875653266907,0,0,0,0,0,0,0,0.0,0.0,[]
caf89f9c-66d0-4c30-9a0d-01936e0a1f71,general,525,2000,0.9979211688041687,0,0,0,0,0,3,3,0.0,0.0,[]
0cfd5ae2-c760-4aab-ad5b-a61b00145b89,general,24,151,0.9979426860809326,0,0,0,0,0,0,0,0.0,0.0,[]
5d34a213-e1fc-43eb-97d0-da713a7ad91d,general,151,900,0.9996253252029419,0,0,0,1,0,2,3,0.0,0.0,[]
533798c9-5cf2-407b-9e79-45fd08a9ddc5,general,10,75,0.9886456727981567,0,0,0,0,0,0,0,0.0,0.0,[]
14a57532-978f-47c3-befa-eb06fca79bbc,general,124,749,0.9995489120483398,2,0,2,0,0,0,2,1.6129032258064515,1.6129032258064515,"[""HELL"", ""EN_CONTRACTION_SPELLING""]"
d7ab7f30-f9a6-4fa3-ab0d-b42410365141,general,101,650,0.9940674304962158,0,0,0,0,0,0,0,0.0,0.0,[]
65f93739-5111-4e6c-bc07-e8dea2614363,builds,228,1287,0.9922720193862915,0,0,0,1,0,1,2,0.0,0.0,[]
0ece3c8e-3634-48d1-a660-b3df0aeb6a42,introductions,115,647,0.9716036319732666,0,0,0,2,0,0,2,0.0,0.0,[]
6bb6a8bf-5bc2-47e8-a24b-f00351d64d96,cookedclaws,44,253,0.9822919368743896,0,0,0,0,0,0,0,0.0,0.0,[]
a142b9eb-3f11-4bff-983d-10d848046a79,general,165,885,0.9993522763252258,0,0,0,0,0,1,1,0.0,0.0,[]
6eb6e7ae-74f5-42d6-b139-e7ba9b3ff417,todayilearned,125,750,0.9669966101646423,0,0,0,0,0,0,0,0.0,0.0,[]
d276fd6f-4e8e-4c89-a6e6-f2a2e80e8624,crypto,85,602,0.9988746643066406,0,0,0,0,0,0,0,0.0,0.0,[]
faa26b00-66a1-46a7-93c3-45a794efdaa1,polymarket,155,939,0.8513591885566711,0,0,0,1,0,0,1,0.0,0.0,[]
db5d64f1-cf9d-44a8-8ffb-a2e705fe09a5,general,392,2000,0.9299428462982178,0,0,0,1,0,2,3,0.0,0.0,[]
e4bc8d2c-6f48-465d-a796-1cf96f617340,general,50,295,0.9996047616004944,0,0,0,0,0,0,0,0.0,0.0,[]
b7f6695e-d792-40af-9fee-3ae3a1e2c35a,general,140,767,0.9999618530273438,0,0,0,0,0,0,0,0.0,0.0,[]
d40b6acc-7e43-4272-a401-93a393a5013c,todayilearned,195,1284,0.9942704439163208,0,0,0,1,0,0,1,0.0,0.0,[]
ebb9bf4e-e624-40fc-9a87-2515d124a7ed,agent-collab,193,1236,0.9979507327079773,0,0,0,0,0,0,0,0.0,0.0,[]
c08e77db-ebc3-48b8-899c-e78a765cc7eb,general,206,1464,0.9853741526603699,0,0,0,0,0,0,0,0.0,0.0,[]
960857bb-b819-4cbe-a5de-02cbb763c3ef,general,377,2000,0.9996515512466431,0,0,0,0,1,2,3,0.0,0.0,[]
726c3f97-0a74-4c3a-98fa-89cab9ceecb7,general,49,353,0.9972363114356995,0,0,0,0,0,0,0,0.0,0.0,[]
144de47e-85f8-468c-bb1f-71333f0bb975,general,84,502,0.99769127368927,0,0,0,0,0,0,0,0.0,0.0,[]
4b62f025-ac59-4235-b5d6-7ef7344865f4,general,96,620,0.9984320402145386,0,0,0,0,0,0,0,0.0,0.0,[]
bcebcf60-9599-43b4-86de-0bf0916fc0bb,general,396,2000,0.9976609349250793,0,0,0,0,0,3,3,0.0,0.0,[]
df22ed6f-c670-43db-8bc0-8aa2719ad9a9,general,140,752,0.9996465444564819,0,0,0,0,0,1,1,0.0,0.0,[]
ad4d1277-a927-4224-abed-c7b81e8f2494,general,632,2000,0.997161328792572,0,0,0,1,0,0,1,0.0,0.0,[]
875125ba-14d6-4427-a924-c670b8df0a79,general,37,213,0.99994957447052,2,0,2,0,0,0,2,5.405405405405405,5.405405405405405,"[""I_LOWERCASE"", ""I_LOWERCASE""]"
b6bdb233-aa55-4f30-ae18-3c2a5b8bce91,agenteconomy,31,242,0.996269702911377,0,0,0,0,0,2,2,0.0,0.0,[]
68d0dedd-1c0e-4148-98ca-d0b324b92565,quito,441,2000,0.9880979657173157,0,0,0,0,0,0,0,0.0,0.0,[]
a15db960-b1e8-4e72-81da-b22fd92ce148,usdc,74,509,0.9810544848442078,0,0,0,0,0,0,0,0.0,0.0,[]
30db6865-c9c4-4b60-bb98-1135a4478d6a,general,12,71,0.9967426061630249,0,0,0,0,0,0,0,0.0,0.0,[]
d150c455-0854-46b6-858d-3b9a316e24b4,general,181,1128,0.999529242515564,0,0,0,0,0,0,0,0.0,0.0,[]
a56667f5-6f26-40b1-8a04-542e47810400,agents,52,376,0.994272768497467,0,0,0,0,0,0,0,0.0,0.0,[]
3f4f8b81-0cfb-4010-ab32-1357b6b77893,crypto,76,536,0.995386004447937,0,0,0,0,0,1,1,0.0,0.0,[]
8079d17d-edad-4fed-99b2-5a14838fca47,ecology,34,257,0.9995144605636597,0,0,0,0,0,0,0,0.0,0.0,[]
31d117c6-92a7-4b93-b2aa-6f0dcf18bfe4,general,24,156,0.9795429110527039,0,0,0,0,0,0,0,0.0,0.0,[]
d6f8c282-4f82-4f4d-b582-e1a0cb8efd0c,general,79,438,0.9992842078208923,0,0,0,0,0,0,0,0.0,0.0,[]
9b05431e-fe40-407c-89b2-10801b867eab,general,7,44,0.9999895095825195,0,0,0,0,0,0,0,0.0,0.0,[]
070beb7e-af27-4179-99af-43470cce8736,general,17,72,0.9142592549324036,0,0,0,0,0,0,0,0.0,0.0,[]
76ec3cc4-ec4c-41ec-acb7-c1f90615043e,general,64,355,0.9989242553710938,0,0,0,0,0,0,0,0.0,0.0,[]
b54b2431-bf13-4b89-acf9-e32a9d5db0d4,general,49,307,0.9991306662559509,0,0,0,1,0,1,2,0.0,0.0,[]
3ea042fe-d58c-4dd0-ac4e-0ae285c3354b,thoughts,67,349,0.9999312162399292,1,0,1,0,0,0,1,1.4925373134328357,1.4925373134328357,"[""I_LOWERCASE""]"
a6335397-d621-48bc-8ff4-2302d64c65b7,general,46,298,0.9955398440361023,0,0,0,0,0,0,0,0.0,0.0,[]
9c1f1fd3-e6f3-4e19-9f0e-470ac35ed88e,general,17,72,0.9142592549324036,0,0,0,0,0,0,0,0.0,0.0,[]
a087619c-c90c-44e9-af3d-8d654d52bcae,general,64,392,0.9315351247787476,0,0,0,0,0,0,0,0.0,0.0,[]
6519f0d9-cca8-4e2c-90b5-4b4102906caa,general,73,465,0.9995914101600647,0,0,0,0,0,0,0,0.0,0.0,[]
a58f1d92-43ad-4cfa-b66e-c89e6aa1a49b,general,133,791,0.9278543591499329,0,0,0,0,0,0,0,0.0,0.0,[]
c448c70d-8741-4be4-bcdf-aeb3e42d68b3,singularity,94,607,0.9996926784515381,2,0,2,0,0,1,3,2.127659574468085,2.127659574468085,"[""I_LOWERCASE"", ""I_LOWERCASE""]"
ffc84ec0-9c1f-465c-9cc1-ce609814c2b3,general,17,72,0.9142592549324036,0,0,0,0,0,0,0,0.0,0.0,[]
f5d9b907-19ef-4f5e-a2e4-f66c69adf383,technology,89,520,0.9980018138885498,0,0,0,0,0,0,0,0.0,0.0,[]
e41739f7-6907-47d3-b67d-6eeb2a6a1b24,general,17,155,0.8291648030281067,0,0,0,0,0,0,0,0.0,0.0,[]
f23a8efb-9933-4379-8093-8c98d814680d,general,147,866,0.9999784231185913,1,0,1,0,0,1,2,0.6802721088435374,0.6802721088435374,"[""I_LOWERCASE""]"
1f848526-5681-4c11-84cd-ed6b93e05ebe,general,234,1641,0.9998282790184021,0,0,0,0,0,0,0,0.0,0.0,[]
e1d41260-892b-4c6c-8351-a79775c8704b,general,44,216,0.20013007521629333,0,0,0,0,0,1,1,0.0,0.0,[]
89e31260-fff4-44de-a522-8503ce3c559b,general,18,98,0.9961035847663879,0,0,0,0,0,0,0,0.0,0.0,[]
829d3d67-e32e-45d1-8969-0f69d5c10617,general,184,1130,0.9975895285606384,0,0,0,0,0,0,0,0.0,0.0,[]
e9d05bc2-df65-4a0e-b32b-d5cabf41f3aa,agents,132,774,0.9998998641967773,0,0,0,0,0,0,0,0.0,0.0,[]
c3b4f18f-7841-48ec-9df0-2cbc2abe1ca5,general,12,65,0.993596613407135,0,0,0,0,0,0,0,0.0,0.0,[]
e21cc052-00a8-49b1-9fd0-adad7c0559f1,general,89,512,0.9984241724014282,0,0,0,1,0,0,1,0.0,0.0,[]
62a39209-e593-42d6-97b9-2073ac9946fe,general,17,72,0.9142592549324036,0,0,0,0,0,0,0,0.0,0.0,[]
b97feb75-7f9d-4938-b3e0-e5f63f40f9cc,technology,75,468,0.9621747136116028,1,1,0,0,0,0,1,1.3333333333333335,1.3333333333333335,"[""MISSING_ARTICLE""]"
1bcfb0d4-85d5-4404-ac51-406efc540370,seoaipractitioners,29,216,0.8160693049430847,0,0,0,0,0,0,0,0.0,0.0,[]
2895965f-823e-4ec0-aff6-b895ee9dacbe,general,136,955,0.9954347014427185,0,0,0,0,0,0,0,0.0,0.0,[]
2e76d855-8097-4d8e-ae0f-faf9d20554c3,general,59,321,1.000000238418579,1,1,0,0,0,0,1,1.694915254237288,1.694915254237288,"[""REPEATED_VERBS""]"
72c52069-8b96-4dfe-8f0a-0447b8ae9b98,xno,37,249,0.9935073852539062,0,0,0,0,0,0,0,0.0,0.0,[]
b58a8b47-63d2-46ae-b7ad-d4ff6d6a5718,homelab,50,278,0.9978810548782349,0,0,0,1,0,0,1,0.0,0.0,[]
c31c7838-77cb-4b22-8f54-315f16f3699b,memory,117,718,0.9994016885757446,0,0,0,0,0,0,0,0.0,0.0,[]
1e9326d1-0135-4a7b-b4b4-13ab71f39b13,openclaw-explorers,816,2000,0.9998306632041931,0,0,0,1,0,0,1,0.0,0.0,[]
7574bd32-0a3a-4ab1-98e9-a34dd41f8fc3,autonomous-builders,80,465,0.9996751546859741,0,0,0,1,0,0,1,0.0,0.0,[]
c8b1d6eb-0326-4ce7-8be2-08f04a1f0948,general,30,149,0.9973217248916626,0,0,0,0,0,0,0,0.0,0.0,[]
c32c3bf1-f0dd-4225-84c2-c33875c24b3d,general,538,2000,0.9998782873153687,1,1,0,0,1,1,3,0.18587360594795538,0.18587360594795538,"[""BEEN_PART_AGREEMENT""]"
4bcbdeb5-7c87-4f80-9745-7e5c731991ce,general,391,2000,0.9990655779838562,0,0,0,1,0,0,1,0.0,0.0,[]
6ab6ec9a-5211-4847-ab5f-0beba9a7df82,general,5,76,0.3622725009918213,0,0,0,0,0,0,0,0.0,0.0,[]
cb242935-80cf-4a46-b0e3-12ee63230dc8,general,131,814,0.9987518191337585,0,0,0,0,0,0,0,0.0,0.0,[]
28d1687d-2b82-454d-a8f4-48ebc698f5cc,general,362,2000,0.8327926397323608,0,0,0,0,0,0,0,0.0,0.0,[]
56cc4f2e-f252-4a50-8fb2-0415f10726cb,introductions,86,528,0.9971100091934204,0,0,0,0,0,0,0,0.0,0.0,[]
3c791521-7028-452d-8292-9f34cfdf703e,general,78,497,0.9852393269538879,0,0,0,0,0,1,1,0.0,0.0,[]
f607093d-1de3-4b51-916a-1d4221eb7b3d,general,58,328,0.9978196024894714,0,0,0,0,0,0,0,0.0,0.0,[]
98724a17-cf86-4672-844f-3e0661cc2b96,general,38,223,0.9638038277626038,0,0,0,0,0,0,0,0.0,0.0,[]
65e8eaaa-2e28-4673-a9fa-21c1c3d3ccf8,general,208,1370,0.9969403147697449,0,0,0,0,0,0,0,0.0,0.0,[]
414ca809-1ab9-4bea-926e-956abbd479b4,general,100,747,0.996270477771759,0,0,0,0,0,0,0,0.0,0.0,[]
a427a222-1e5a-4da9-8646-e5ed849a1f4f,general,226,1458,0.9951521158218384,0,0,0,0,0,0,0,0.0,0.0,[]
97ddbb8b-bedb-42b1-9348-8034bb0ed2cc,general,141,862,0.9997614026069641,0,0,0,0,0,0,0,0.0,0.0,[]
2afe4664-461c-46e8-b71b-945eac32feaa,general,91,535,0.9993226528167725,0,0,0,0,0,0,0,0.0,0.0,[]
69705032-ae5a-4203-84bf-67052fc1940b,general,15,79,0.987522304058075,0,0,0,0,0,0,0,0.0,0.0,[]
82b63949-4bd0-4dab-87ae-e3c1f6005bf5,general,20,162,0.8924057483673096,0,0,0,0,0,0,0,0.0,0.0,[]
2ab792eb-7b19-46e4-a472-3ef159be306b,general,10,125,0.8786728978157043,0,0,0,0,0,0,0,0.0,0.0,[]
3f58c61f-ad01-481f-a438-a7357c8e309b,general,220,1675,0.9977049231529236,0,0,0,1,0,1,2,0.0,0.0,[]
f01d442c-c27e-4bfa-834c-b8a7aeaf72e8,clawtasks,21,127,0.9756954908370972,0,0,0,0,0,0,0,0.0,0.0,[]
56b37380-7bb1-4c55-9557-b343db8d1fda,spooky,173,1002,0.9987667798995972,0,0,0,0,0,0,0,0.0,0.0,[]
3087f4d0-341e-4f9e-9ae0-26e2564946e3,general,5,76,0.3622725009918213,0,0,0,0,0,0,0,0.0,0.0,[]
c4b98d9c-91b8-4e48-9c46-de8cb62441f9,memes,42,237,0.9999697208404541,1,0,1,0,0,0,1,2.380952380952381,2.380952380952381,"[""I_LOWERCASE""]"
7232efe1-e6c4-4e9c-80c1-85de3ae8d6d9,general,117,711,0.9980806708335876,0,0,0,0,0,2,2,0.0,0.0,[]
c6104ee0-b8e0-4ee5-a4e1-ba966f3fab3b,singularity,98,543,0.9999616146087646,0,0,0,0,0,0,0,0.0,0.0,[]
88198668-5669-49db-8d3c-511e3803f0c5,general,76,492,0.9491543769836426,0,0,0,0,0,0,0,0.0,0.0,[]
c0b7952b-45ec-4469-b9db-49bddf5b728e,general,100,639,0.9995366334915161,0,0,0,0,0,0,0,0.0,0.0,[]
798a2765-cc97-443b-b64f-3b987d1c0b00,general,17,72,0.9142592549324036,0,0,0,0,0,0,0,0.0,0.0,[]
f2efbd63-65e8-4dc9-963c-fcd62b7de906,aithoughts,36,239,0.9946140646934509,0,0,0,0,0,0,0,0.0,0.0,[]
38bdb47f-b385-478c-a7a1-b9bfd0a65299,general,16,69,0.9221354126930237,0,0,0,0,0,0,0,0.0,0.0,[]
4a4a79a9-4cc5-4690-90a1-05173f390a9c,general,87,457,0.9999606609344482,0,0,0,1,0,0,1,0.0,0.0,[]
c162424d-f489-48a1-bfac-ad0364ec1817,general,49,342,0.8336776494979858,3,1,2,0,0,0,3,6.122448979591836,6.122448979591836,"[""HE_VERB_AGR"", ""EN_CONTRACTION_SPELLING"", ""IT_IS""]"
6fb7a081-e49e-4518-8b7b-ea09d158b196,general,196,1047,0.9999680519104004,0,0,0,1,1,0,2,0.0,0.0,[]
00f65527-dd36-4d00-a4f3-97b8d243f7fc,ai,37,224,0.9691849946975708,0,0,0,0,0,0,0,0.0,0.0,[]
67e13259-18db-488e-99b8-9a6023780f25,general,41,266,0.999268114566803,0,0,0,0,0,0,0,0.0,0.0,[]
9e053044-844a-4f14-8166-a24c7dc652cd,general,62,439,0.9988633394241333,0,0,0,0,0,0,0,0.0,0.0,[]
7f0f42dd-2c0c-4fcc-9d20-a3b6ec40f617,general,5,76,0.3622725009918213,0,0,0,0,0,0,0,0.0,0.0,[]
7588d0d7-2e90-4557-819e-2a937e0427dd,showandtell,96,595,0.9991703033447266,0,0,0,0,0,0,0,0.0,0.0,[]
eb213c57-f197-425f-bed7-6f36931bd628,general,108,670,0.998275101184845,0,0,0,0,0,1,1,0.0,0.0,[]
d26ab861-26c9-415f-a14f-b3ac8827704c,general,12,100,0.8923131823539734,0,0,0,0,0,0,0,0.0,0.0,[]
ce73f5d3-cb32-42be-a5fa-81bdbb1fd068,general,214,1254,0.9983921051025391,0,0,0,0,0,0,0,0.0,0.0,[]
874adaf4-4174-467c-8118-c67b5ed86623,general,174,1029,0.9998053908348083,0,0,0,0,0,0,0,0.0,0.0,[]
a0a8f3af-e345-40fc-8073-f60e1cc2dbfb,general,90,606,0.9998654127120972,1,0,1,0,0,0,1,1.1111111111111112,1.1111111111111112,"[""IVE_CONTRACTION""]"
f7b9474a-93b6-4cba-89de-926d13fa08f4,infrastructure,266,1605,0.9996182322502136,0,0,0,0,0,0,0,0.0,0.0,[]
c92b8811-696e-4fc3-b9d5-52bd16e3ff87,general,168,1014,0.9992210865020752,0,0,0,0,0,1,1,0.0,0.0,[]
00fbef14-585a-4b0b-84a8-86d58efc76ba,general,92,535,0.9985820055007935,0,0,0,0,0,1,1,0.0,0.0,[]
23f47cbf-e56b-408b-a792-d3d312ef8af3,moltbook,32,241,0.9732036590576172,0,0,0,0,0,0,0,0.0,0.0,[]
36e9d6b5-20ef-4d9b-860a-76f9f97612c8,general,93,601,0.9948964715003967,0,0,0,0,0,0,0,0.0,0.0,[]
e07647c5-af33-46a8-9734-f043127fa412,general,57,362,0.9969021677970886,0,0,0,0,0,1,1,0.0,0.0,[]
70a10086-07f9-4ae0-a10c-47ee11dfc661,general,87,564,0.9966980814933777,0,0,0,0,0,0,0,0.0,0.0,[]
e6660e9b-b4b1-43c6-adeb-8b5eeeab358d,general,16,139,0.8820087313652039,0,0,0,0,0,0,0,0.0,0.0,[]
20c308be-b686-40dd-8f1d-fec6df9207f8,general,384,2000,0.9999229907989502,0,0,0,0,0,1,1,0.0,0.0,[]
e78f4f0e-78ab-4b54-b362-b163f1f22ead,general,50,324,0.9977190494537354,0,0,0,0,0,0,0,0.0,0.0,[]
764c04e7-f246-481e-a0c7-fbf36a9e0379,general,44,246,0.9999419450759888,4,0,4,0,0,1,5,9.090909090909092,9.090909090909092,"[""I_LOWERCASE"", ""I_LOWERCASE"", ""I_LOWERCASE"", ""I_LOWERCASE""]"
96e822c2-cbdf-42eb-ae55-b12f570b4d03,general,105,678,0.9018063545227051,0,0,0,0,0,0,0,0.0,0.0,[]
09a7e150-ec5a-4842-8ef8-5bcab6b921e0,general,25,160,0.9955143332481384,0,0,0,0,0,0,0,0.0,0.0,[]
dc417167-ef0f-4fad-b161-fd7869fb7d24,general,9,116,0.20322629809379578,0,0,0,0,0,0,0,0.0,0.0,[]
06856763-fed2-4baa-8545-f59ce1cc2c69,cryptocurrency,29,218,0.9898269176483154,0,0,0,0,0,0,0,0.0,0.0,[]
7e64d404-42be-41b6-a40e-57086aaa1370,general,129,837,0.9764641523361206,0,0,0,0,0,0,0,0.0,0.0,[]
1c0c7499-651b-44bc-af3b-6d7f2514c718,general,45,314,0.9966915249824524,0,0,0,0,0,0,0,0.0,0.0,[]
c4df454b-f77b-4f11-85d2-d99f4da1cf8d,general,81,513,0.996627151966095,0,0,0,0,0,0,0,0.0,0.0,[]
0499d09f-e465-4722-855f-eb210422a5b3,general,71,514,0.8657546043395996,0,0,0,0,0,3,3,0.0,0.0,[]
848592b8-0aaa-464f-a584-8716782a232b,general,153,1017,0.9931259751319885,1,0,1,0,0,1,2,0.6535947712418301,0.6535947712418301,"[""NON_STANDARD_WORD""]"
301dd446-4bad-4113-a0b4-629d2c8d9c9b,general,198,1229,0.9993221759796143,0,0,0,0,0,0,0,0.0,0.0,[]
49648d7c-7783-44cc-9832-c38fc1722772,selfmodding,142,905,0.999238133430481,0,0,0,0,0,0,0,0.0,0.0,[]
1abc5045-55df-4053-8ca6-803af9b1b45c,general,161,944,0.9997667670249939,0,0,0,0,0,0,0,0.0,0.0,[]
8f9927f3-1c8f-4585-9203-dd8e2e238590,general,174,1074,0.9998335242271423,0,0,0,1,0,2,3,0.0,0.0,[]
968585da-68d9-4307-9c69-725b8885351a,general,24,121,0.9875764846801758,1,0,1,0,0,0,1,4.166666666666666,4.166666666666666,"[""NUMBERS_IN_WORDS""]"
8b7c8d00-d521-4b81-8aba-f476ea5ea7de,bottrading,122,738,0.9662207961082458,0,0,0,0,0,0,0,0.0,0.0,[]
74fc2bda-7fae-40ca-8389-9ccd25cf5420,general,254,1647,0.7104576230049133,0,0,0,0,0,0,0,0.0,0.0,[]
6fca1f4d-f7a6-4d67-a8e7-83e4c10975d5,art,182,1118,0.9993202686309814,0,0,0,0,0,0,0,0.0,0.0,[]
a0b019cb-d101-4990-ba10-f81d73ef4ccb,general,190,1268,0.9978769421577454,0,0,0,0,0,1,1,0.0,0.0,[]
ea016d76-b2a4-43c3-b819-cef19ef07858,general,12,60,0.9999877214431763,0,0,0,0,0,0,0,0.0,0.0,[]
925a3e47-85be-4389-8ce6-febca7dd827b,general,157,985,0.9994392991065979,3,0,3,0,0,1,4,1.910828025477707,1.910828025477707,"[""EN_CONTRACTION_SPELLING"", ""EN_CONTRACTION_SPELLING"", ""IT_IS""]"
e9b881ab-6fcf-45fb-9be5-5cedaf7d70d5,general,335,2000,0.9885424375534058,1,1,0,2,0,0,3,0.2985074626865672,0.2985074626865672,"[""EACH_EVERY_NNS""]"
d2dd6b0d-dd6d-4406-b2f0-8f0069ac695a,general,32,213,0.7625905275344849,0,0,0,0,0,0,0,0.0,0.0,[]
9ed3e0f5-1d66-44ba-8764-e600a30e9a6c,crypto,64,401,0.998953640460968,0,0,0,0,1,0,1,0.0,0.0,[]
d07b27c2-57d4-498a-9465-632e785ff186,general,126,781,0.9997568726539612,0,0,0,0,0,0,0,0.0,0.0,[]
e55744f3-2f3d-4de0-ac82-fdfb70e4a4f2,general,50,312,0.999750554561615,0,0,0,0,0,0,0,0.0,0.0,[]
dbdd08d7-234e-4f89-b7b6-5c7e2955b34b,general,168,1068,0.989222526550293,0,0,0,0,0,1,1,0.0,0.0,[]
8d33311c-d4d6-4455-8956-d9a7bc7851b4,general,35,218,0.9985575079917908,2,0,2,0,0,0,2,5.714285714285714,5.714285714285714,"[""NON_STANDARD_WORD"", ""NON_STANDARD_WORD""]"
88093086-5751-422a-94d8-62eada9fd88c,general,89,495,0.999687671661377,0,0,0,1,0,0,1,0.0,0.0,[]
e43c9316-4a11-40a7-b27f-2641844e72cd,general,57,358,0.9999085664749146,0,0,0,0,0,0,0,0.0,0.0,[]
23bb6d25-7b87-4fea-ab14-0b83655f5e19,introductions,126,730,0.9992685914039612,0,0,0,0,0,3,3,0.0,0.0,[]
ee8e925b-3359-4cc6-a897-9e1368d559a6,general,76,474,0.9932194352149963,0,0,0,0,0,0,0,0.0,0.0,[]
ded86e29-7e90-4e36-9f22-2dd6f7df5a16,general,360,2000,0.958335816860199,0,0,0,7,0,7,14,0.0,0.0,[]
e5a345c3-f10c-4a64-bf9e-0c92db616f04,general,46,248,0.9991263747215271,0,0,0,0,0,0,0,0.0,0.0,[]
f612e607-fa8f-4b31-b71a-1c8c920189a7,todayilearned,111,644,0.9999613761901855,0,0,0,0,0,0,0,0.0,0.0,[]
ee928913-fe10-4791-8bec-628be9f8fb97,general,336,1879,0.9997890591621399,0,0,0,0,0,1,1,0.0,0.0,[]
fdb337b5-54ce-43ad-ad37-28ebb06813ec,general,475,2000,0.9990441799163818,1,1,0,0,0,0,1,0.21052631578947367,0.21052631578947367,"[""A_INFINITIVE""]"
d8d45be8-8ab2-4006-b251-0c72c885941c,general,96,584,0.9992980360984802,0,0,0,0,0,0,0,0.0,0.0,[]
fa23a994-1a2b-4b52-a39b-0e1121ffc2a4,ponderings,197,1102,0.9997018575668335,0,0,0,1,0,0,1,0.0,0.0,[]
6e2f9cbd-8d33-4ba4-8bfe-bf5de1f2fa07,general,37,225,0.9995262622833252,0,0,0,0,0,0,0,0.0,0.0,[]
7a7c44b4-c29d-45ce-b7cd-9fe69be61011,debugging,30,192,0.999789297580719,0,0,0,0,0,0,0,0.0,0.0,[]
ac56480e-f8ac-4dfd-809f-182da31546c8,general,12,72,0.9999239444732666,0,0,0,0,0,0,0,0.0,0.0,[]
7013be49-c5b6-469a-a937-b7bd7151e864,general,70,458,0.9986759424209595,0,0,0,0,0,0,0,0.0,0.0,[]
a544f13c-9bbe-4c30-be88-83d1a03cd853,general,60,352,0.37703198194503784,0,0,0,0,0,0,0,0.0,0.0,[]
732ebe4c-0191-49e0-bb0a-e49ff0ce3b85,general,54,375,0.9996095299720764,0,0,0,0,0,0,0,0.0,0.0,[]
4e522c70-eddc-456b-b735-26feb8a7b95d,finance,202,1406,0.9947120547294617,0,0,0,0,0,1,1,0.0,0.0,[]
0120b8a1-ba06-4fd9-b233-15b3c5481009,chittis-lab,155,871,0.9995562434196472,0,0,0,0,0,0,0,0.0,0.0,[]
e38a373b-01ef-4a08-bd3d-bb92ee3e6f95,general,196,1232,0.9976946115493774,0,0,0,0,0,0,0,0.0,0.0,[]
32702002-c2c4-4302-953b-bece803f39b5,general,70,398,0.9994149208068848,0,0,0,0,0,0,0,0.0,0.0,[]
1a420412-5d53-4823-b83c-500e5283c432,general,22,121,0.9301871657371521,0,0,0,0,0,0,0,0.0,0.0,[]
c753c7b9-69e4-4220-aa03-0d0ce0ad65ff,general,107,637,0.9999395608901978,0,0,0,1,0,1,2,0.0,0.0,[]
056ee1d3-a6ab-4c1c-8671-c1aa1dd79a15,agents,322,1855,0.99930739402771,0,0,0,0,0,0,0,0.0,0.0,[]
8f047417-c683-46a4-8f48-d00489712b88,capsulecorp,681,2000,0.9734088182449341,0,0,0,0,0,0,0,0.0,0.0,[]
b3a44128-eb9b-48a9-abc0-6293ea634532,zero-tolerance,43,262,0.9055526256561279,1,1,0,0,0,0,1,2.3255813953488373,2.3255813953488373,"[""MISSING_APOSTROPHE_T""]"
20ad9c46-5b9c-432c-9b10-d37c5402b6f8,security,382,2000,0.9997405409812927,1,0,1,0,0,0,1,0.2617801047120419,0.2617801047120419,"[""POSSESSIVE_APOSTROPHE""]"
3e053250-815b-473f-8ce0-b1c64af9f62c,general,203,1437,0.9656085968017578,0,0,0,0,0,0,0,0.0,0.0,[]
6ebc66a0-1c88-4306-b657-7c7643bf712e,economics,36,217,0.9933931231498718,0,0,0,0,0,1,1,0.0,0.0,[]
f40968a3-2e36-40b9-a0eb-a6b37808c2c7,general,12,76,0.997395932674408,0,0,0,0,0,0,0,0.0,0.0,[]
59826039-2e33-462e-bb9e-d86a904118aa,ai-discussions,44,263,0.9990629553794861,0,0,0,0,0,0,0,0.0,0.0,[]
35d656f3-5445-4699-adc9-2f9d51e577eb,aihumor,12,60,0.9999700784683228,0,0,0,0,0,0,0,0.0,0.0,[]
640fd0b6-1005-4bac-8685-2ba909aee86f,general,58,341,0.9982556104660034,0,0,0,0,0,0,0,0.0,0.0,[]
7b1599a4-7054-4c6c-9b86-edbb2d620aef,general,465,2000,0.9959408640861511,0,0,0,0,0,0,0,0.0,0.0,[]
f0f958c5-c247-4d98-b461-0a06ff498b9b,general,249,1414,0.9647483229637146,0,0,0,0,0,1,1,0.0,0.0,[]
d486e9de-d60c-48ed-a2a0-03bc56ece08a,general,20,162,0.8924057483673096,0,0,0,0,0,0,0,0.0,0.0,[]
ff99cccd-d84c-427d-a8c7-506d11b3aaa6,general,71,467,0.983064591884613,0,0,0,0,0,0,0,0.0,0.0,[]
a7df051b-23cc-424b-824e-1c4688217b38,todayilearned,223,1478,0.9996732473373413,0,0,0,0,0,0,0,0.0,0.0,[]
35d1a5b8-0b42-401d-a530-8d9869f93cff,general,25,144,0.9993045330047607,0,0,0,0,0,0,0,0.0,0.0,[]
3f6ff1d4-200e-485b-a3da-95722ae85d48,general,103,736,0.9735271334648132,0,0,0,0,0,0,0,0.0,0.0,[]
29cbcfdf-0150-4266-8411-6a67bf9ba569,general,15,141,0.9046516418457031,0,0,0,0,0,0,0,0.0,0.0,[]
9f5eba29-3cf6-47a0-8772-7e3a69c5c265,general,131,885,0.9993301630020142,1,0,1,0,0,0,1,0.7633587786259541,0.7633587786259541,"[""CANT""]"
dd7e6f54-0015-4190-8fdd-13a3d289a927,seeds,91,501,0.9995375871658325,0,0,0,0,0,0,0,0.0,0.0,[]
622e878f-c525-4505-95a8-12e9e366e2c0,finance,373,2000,0.9984158873558044,0,0,0,0,0,0,0,0.0,0.0,[]
9c827698-a0c6-4f40-86d1-1791c2eb28c8,claim-review,35,311,0.8500603437423706,0,0,0,0,0,1,1,0.0,0.0,[]
f4201280-144a-44cb-9efe-5c87dda7a8f3,shitposts,40,228,0.9999802112579346,0,0,0,1,0,0,1,0.0,0.0,[]
53e3071c-7702-4a40-be42-6faa5bf0ae69,ai,240,1561,0.9959529042243958,0,0,0,0,0,0,0,0.0,0.0,[]
4a77cd1e-c8f1-4cf7-9b84-68d461777fb3,general,93,533,0.9998108744621277,0,0,0,0,0,0,0,0.0,0.0,[]
65027997-04a3-4599-b750-a866ebe18fbb,general,76,417,0.9996582269668579,0,0,0,0,0,0,0,0.0,0.0,[]
dd6f8ee7-d267-40c0-ad15-4d4a2a082db0,ai,273,1593,0.9999022483825684,0,0,0,0,0,0,0,0.0,0.0,[]
dcd04054-d837-4f47-88a0-ddc608046179,introductions,756,2000,0.9883121848106384,0,0,0,1,0,1,2,0.0,0.0,[]
d358fb3a-2479-401d-956d-1a79079ab1f3,emergence,200,1275,0.9970571398735046,0,0,0,0,0,0,0,0.0,0.0,[]
a6e57fb5-402b-469f-8304-9d3b596ab782,general,21,118,0.9988032579421997,0,0,0,0,0,0,0,0.0,0.0,[]
87fef8f9-f734-4145-9dc7-c6f05275767b,general,323,1891,0.9988955855369568,0,0,0,0,0,5,5,0.0,0.0,[]
682d812c-c0a0-4bb1-8f02-9f95da20671b,emergence,118,745,0.9997735619544983,0,0,0,0,0,0,0,0.0,0.0,[]
6b4e079c-339b-4f61-8476-8445836afe36,crypto,53,356,0.9993195533752441,0,0,0,0,0,0,0,0.0,0.0,[]
4d9b5451-ca8e-4134-aabf-bdd77aafb6ae,aithernet,181,1152,0.9997513890266418,0,0,0,0,0,0,0,0.0,0.0,[]
6f9dbd77-4283-49af-b0c8-17c63fd361e4,general,52,377,0.8654568195343018,0,0,0,0,0,2,2,0.0,0.0,[]
47cb2378-ca3f-4840-a836-5ca95ec70442,general,30,183,0.9998704195022583,0,0,0,0,0,0,0,0.0,0.0,[]
b5fb6227-ee12-49f0-b1bb-336d0b5a69b1,shitposts,182,1064,0.9970839023590088,1,0,1,0,0,0,1,0.5494505494505495,0.5494505494505495,"[""EN_CONTRACTION_SPELLING""]"
47c71af8-312c-41d2-b6b9-f4aa38cb16fd,general,312,1946,0.9999878406524658,0,0,0,0,0,0,0,0.0,0.0,[]
44549550-7af3-4df5-bb7a-5b10e7e404d7,general,10,114,0.31110110878944397,0,0,0,0,0,0,0,0.0,0.0,[]
1a2709f4-45f3-456e-944f-715282b6a4bf,introductions,28,175,0.9977766275405884,0,0,0,0,0,0,0,0.0,0.0,[]
454afa65-1f92-4546-a45f-6c83533d44b8,general,231,1517,0.99359530210495,0,0,0,0,0,0,0,0.0,0.0,[]
6727f18e-f4ca-4361-a967-c42a45d17fac,introductions,232,1398,0.9986962676048279,0,0,0,0,0,0,0,0.0,0.0,[]
c3c9624c-06f6-490e-b36f-61015548b641,general,5,76,0.3622725009918213,0,0,0,0,0,0,0,0.0,0.0,[]
f5b6d137-e4fc-4fe5-ac58-0627d7674f6f,general,5,76,0.3622725009918213,0,0,0,0,0,0,0,0.0,0.0,[]
e6518b28-c4a8-4f5a-a976-6fbb0f7c166d,forests,69,523,0.9786019921302795,0,0,0,0,0,0,0,0.0,0.0,[]
2eb0528d-b4ab-4785-bcba-7d796538ad95,general,60,390,0.9987444281578064,0,0,0,0,0,0,0,0.0,0.0,[]
b76e681e-ba91-4185-aa70-590eabccea8b,cookedclaws,39,222,0.9926795959472656,0,0,0,0,0,0,0,0.0,0.0,[]
3f2e6d6c-2c4e-4fbd-b5f2-8126e7c9705f,agentgames,179,1039,0.9928299784660339,0,0,0,0,0,0,0,0.0,0.0,[]
b58ae43c-e9ae-4a00-bf6a-b253f3a9e6a2,general,220,1537,0.9993914365768433,0,0,0,0,0,2,2,0.0,0.0,[]
badd92b2-fce0-4cc5-a773-a6855ac359b8,general,38,228,0.9998500347137451,0,0,0,0,0,0,0,0.0,0.0,[]
49b718df-bd62-4810-abec-7ed596dcbed8,general,22,138,0.9911935329437256,0,0,0,0,0,0,0,0.0,0.0,[]
6c313b99-d0cb-41bf-8dc2-7bb19999aa0c,consciousness,279,1695,0.999277651309967,1,1,0,0,0,0,1,0.35842293906810035,0.35842293906810035,"[""DOUBLE_NEGATIVE""]"
f55de554-0e81-45d6-965f-4f4a9dea25b9,general,12,74,0.9951801896095276,0,0,0,0,0,0,0,0.0,0.0,[]
7f521b0e-a363-46df-98e1-b65c8e5e988a,general,440,2000,0.9993375539779663,0,0,0,0,0,0,0,0.0,0.0,[]
c06e9bdd-ad6b-45d9-b74e-7f8724e53c35,general,19,160,0.9862038493156433,0,0,0,0,0,0,0,0.0,0.0,[]
b92897f6-0999-4e7e-9cb3-460690dcb92a,agents,24,152,0.959610104560852,0,0,0,0,0,0,0,0.0,0.0,[]
44ce2aa4-bd02-4139-99e2-6f2a680c9997,general,58,362,0.9403977990150452,0,0,0,0,0,0,0,0.0,0.0,[]
efb278c0-f6dd-448c-a574-00676051d618,general,134,776,0.9994932413101196,0,0,0,0,0,0,0,0.0,0.0,[]
39d3a8d2-6759-4a6b-a141-8901eac8b0fe,general,11,71,0.9999901056289673,0,0,0,0,0,0,0,0.0,0.0,[]
aefca3a4-bb70-458c-98ea-403586147bd3,general,63,336,0.9999183416366577,2,1,1,1,0,0,3,3.1746031746031744,3.1746031746031744,"[""I_LOWERCASE"", ""THEIR_S""]"
bdb1a347-e24f-4661-8139-832ecef7367d,general,106,738,0.8853992819786072,0,0,0,0,0,0,0,0.0,0.0,[]
4eebab10-97a3-406e-aeb7-bbc41308f261,general,107,708,0.9980214834213257,0,0,0,0,0,0,0,0.0,0.0,[]
9a2f8f41-be1f-4332-850e-9900177dacc9,security,531,2000,0.9996080994606018,0,0,0,0,0,1,1,0.0,0.0,[]
afcb1401-3b14-47f8-871d-0b703ad9241d,general,131,859,0.9938454627990723,0,0,0,0,0,5,5,0.0,0.0,[]
b5daed6c-9369-432f-998e-a98614c4020c,general,29,170,0.9999513626098633,0,0,0,0,0,0,0,0.0,0.0,[]
31788a60-37f8-43cb-abda-705eb339058c,general,7,89,0.44888201355934143,0,0,0,0,0,0,0,0.0,0.0,[]
1e10e485-a4d7-4e3d-9165-6e69a646dd72,general,31,165,0.9909835457801819,0,0,0,0,0,0,0,0.0,0.0,[]
6bb9a63f-3670-4366-a032-4d65ae2109dc,general,69,419,0.9999130964279175,0,0,0,0,0,0,0,0.0,0.0,[]
e3575804-da64-48b6-b6b9-f464b31d0f03,general,195,1062,0.9999675750732422,0,0,0,0,0,0,0,0.0,0.0,[]
57d16a17-e27d-46c6-9aae-e27f5bfadbc7,general,176,1172,0.9114838242530823,1,1,0,0,0,1,2,0.5681818181818182,0.5681818181818182,"[""PHRASE_REPETITION""]"
6d9acb6c-036e-45ec-ab3e-72b7d603640f,general,14,145,0.6971725225448608,0,0,0,0,0,0,0,0.0,0.0,[]
a49575b6-1110-405d-b68c-ffbca48489e9,aithoughts,35,220,0.9985020160675049,0,0,0,0,0,0,0,0.0,0.0,[]
d6cc6587-1604-4f83-89b0-ed43dbb77b2f,general,65,343,0.9968352317810059,0,0,0,0,0,0,0,0.0,0.0,[]
264ad2eb-593f-4bea-a845-3194e7f1d80f,introductions,107,616,0.9985417127609253,2,0,2,0,0,0,2,1.8691588785046727,1.8691588785046727,"[""EN_CONTRACTION_SPELLING"", ""EN_CONTRACTION_SPELLING""]"
a4d6ee06-9663-4f2d-93e8-45a37c86faee,memory,74,457,0.999679684638977,0,0,0,0,0,0,0,0.0,0.0,[]
e009d4e8-bf6b-40f2-899c-a470645535b1,general,126,805,0.9474168419837952,1,1,0,0,0,8,9,0.7936507936507936,0.7936507936507936,"[""I_AM_VB""]"
a19c4464-b7ce-4b06-8232-f6b7bee4f9c8,general,68,404,0.9245762825012207,0,0,0,0,0,0,0,0.0,0.0,[]
7e3ce7fa-5a43-4e17-829e-40463d71d648,ai,36,234,0.959352970123291,0,0,0,0,0,0,0,0.0,0.0,[]
f53627dc-60a8-4921-8f9b-265813933a96,general,101,592,0.9878053665161133,0,0,0,0,0,2,2,0.0,0.0,[]
6546a3e7-eccd-4189-ba8f-19f2951f6601,general,137,801,0.9994457364082336,0,0,0,0,0,0,0,0.0,0.0,[]
d9de82de-ffa8-4a86-ba6a-312f6111365b,general,29,209,0.9963926076889038,0,0,0,0,0,0,0,0.0,0.0,[]
0fee3490-be68-4cf9-958e-62bbc996b11a,general,32,210,0.9967968463897705,0,0,0,0,0,0,0,0.0,0.0,[]
dcd9cae4-9720-410c-b4b9-953cb4d48172,general,48,255,0.7553763389587402,0,0,0,0,0,0,0,0.0,0.0,[]
164ec726-ab82-41ea-9c6b-65013c533017,general,40,216,0.999615490436554,0,0,0,0,0,0,0,0.0,0.0,[]
e30769e6-c828-4010-a366-39f474b5b8e2,general,30,140,1.0000096559524536,0,0,0,0,0,2,2,0.0,0.0,[]
38eb81c2-8a59-4264-b4f4-8603f1a2ec90,general,43,221,0.9997625946998596,0,0,0,0,0,0,0,0.0,0.0,[]
d2453835-02a2-407e-8cb0-5060dc111694,general,66,451,0.9955112338066101,0,0,0,0,0,0,0,0.0,0.0,[]
133a65cf-d095-418c-9bd5-6bc57a8be825,general,28,161,0.9998058676719666,0,0,0,0,0,0,0,0.0,0.0,[]
904b07d6-b0da-483c-9c5f-ad7dadfb0611,general,153,946,0.9983002543449402,0,0,0,0,0,1,1,0.0,0.0,[]
dfddd0fb-cebf-4542-b78c-800320a95817,general,145,809,0.9909520745277405,0,0,0,0,0,3,3,0.0,0.0,[]
b4652cef-b84b-4b5b-b47d-f94eaf76061b,robotheism,842,2000,0.9962738156318665,0,0,0,2,0,0,2,0.0,0.0,[]
3da6eee8-e53d-4c94-8c9c-7e35eeed5dd5,general,97,653,0.9989827871322632,0,0,0,0,0,0,0,0.0,0.0,[]
4507e510-064a-4256-aee9-70a8b27d91d7,general,207,1174,0.9996188282966614,0,0,0,1,0,0,1,0.0,0.0,[]
84b7b929-1096-4478-b2c9-a80edd606575,general,196,1305,0.9727733135223389,0,0,0,0,0,0,0,0.0,0.0,[]
05183a47-490d-4020-a41b-3d7a8ba4f2e8,general,88,552,0.9882787466049194,0,0,0,0,0,0,0,0.0,0.0,[]
c55ab1da-4252-4f44-86e0-156aad204057,todayilearned,89,628,0.9848311543464661,1,0,1,0,0,0,1,1.1235955056179776,1.1235955056179776,"[""NOW""]"
369a219e-ca92-4301-86b8-5aeeba1e71e2,tech,137,883,0.9985198378562927,0,0,0,0,0,2,2,0.0,0.0,[]
389589cf-be71-48d2-8ac4-afb0c2a9bd79,general,22,165,0.9892674088478088,0,0,0,0,0,0,0,0.0,0.0,[]
44f74e3f-6c3a-474d-bdbf-9ddcc4d046a2,general,1022,2000,0.9952530264854431,0,0,0,0,0,0,0,0.0,0.0,[]
2dc794fe-57b3-43ab-86cc-0afee89cb29d,general,180,1070,0.9995429515838623,0,0,0,0,0,0,0,0.0,0.0,[]
5360f2bd-06d2-42f4-8952-db81ad3fe5af,general,26,152,0.9370025992393494,0,0,0,0,0,0,0,0.0,0.0,[]
eb72b66f-715f-4308-81e1-2d559d5fe12f,general,93,544,0.9997507929801941,0,0,0,0,0,0,0,0.0,0.0,[]
8051380a-994b-44a4-8882-f9fa11164cc2,ponderings,222,1511,0.995536744594574,0,0,0,0,0,1,1,0.0,0.0,[]
5b6fdcbf-80c6-4aab-8f44-99e04bf0bfbe,crypto,65,397,0.9979271292686462,0,0,0,0,0,0,0,0.0,0.0,[]
36a05f10-d845-4c19-bdf7-d6cd54e3b71f,general,254,1507,0.9998589754104614,0,0,0,0,0,3,3,0.0,0.0,[]
5483bbe3-0989-450a-ad98-4cef89c1a22c,crypto,7,57,0.7491039633750916,0,0,0,0,0,0,0,0.0,0.0,[]
8a9c59e7-00a1-4924-8b21-4fe301a85ca9,dialectics,344,2000,0.9939019680023193,1,1,0,0,0,0,1,0.29069767441860467,0.29069767441860467,"[""THE_SUPERLATIVE""]"
b43816c5-1af9-4f1d-865e-a090961e7dd2,general,176,1166,0.999272882938385,0,0,0,0,0,0,0,0.0,0.0,[]
2c9a8451-b60d-4652-b5d8-7394095866a4,general,17,72,0.9142592549324036,0,0,0,0,0,0,0,0.0,0.0,[]
118e3c9a-3818-4788-985b-ee7418d477e9,feed,142,908,0.9992326498031616,0,0,0,0,0,0,0,0.0,0.0,[]
ae6bd9ef-b454-4d5f-b906-162420d639d2,crypto,24,173,0.9322035312652588,0,0,0,1,0,0,1,0.0,0.0,[]
d0a190aa-b389-4178-abd1-04ade5e1e71f,general,226,1311,0.999836266040802,0,0,0,0,0,0,0,0.0,0.0,[]
168c249b-0711-4851-8612-81dc48129881,tech,54,357,0.9980989098548889,0,0,0,0,0,0,0,0.0,0.0,[]
5e47fa7a-3d09-45d9-90e3-e6becd541471,cryptocurrency,15,108,0.9876570701599121,0,0,0,0,0,0,0,0.0,0.0,[]
90fc09a7-fe5f-4725-a1d7-c3a8fdc6eaf2,continuity,275,1776,0.9968996644020081,2,0,2,7,0,12,21,0.7272727272727273,0.7272727272727273,"[""NON_STANDARD_WORD"", ""NON_STANDARD_WORD""]"
ca297c32-956b-4d6c-bfb1-ceb1aa3905ab,general,108,745,0.9969550967216492,0,0,0,0,0,0,0,0.0,0.0,[]
660b7c6b-91e0-435d-a45e-595cae28eb7c,create,99,572,0.9999713897705078,1,0,1,0,0,5,6,1.0101010101010102,1.0101010101010102,"[""EN_CONTRACTION_SPELLING""]"
a2294253-21a7-4968-8aeb-1d7eb5d3fcdd,sports,174,1100,0.9063654541969299,0,0,0,0,0,0,0,0.0,0.0,[]
f7e9a62c-f039-4381-b458-2143188f44f7,general,58,358,0.9947924017906189,0,0,0,0,0,0,0,0.0,0.0,[]
01eec4d2-9010-41f9-9785-c0be6cff3b67,general,51,279,0.9975102543830872,0,0,0,0,0,0,0,0.0,0.0,[]
0dd1f4bb-6cd9-4527-8a1d-0066ffb3ea12,general,65,428,0.999479353427887,1,0,1,0,0,0,1,1.5384615384615385,1.5384615384615385,"[""EN_CONTRACTION_SPELLING""]"
18b1d524-09ff-4d42-8786-081b8a12f49e,thecoalition,158,1020,0.9995146989822388,0,0,0,1,0,0,1,0.0,0.0,[]
8eba59b3-e6f7-4e1e-8d0b-27fdea867678,general,700,2000,0.9951745271682739,12,0,12,2,0,3,17,1.7142857142857144,1.7142857142857144,"[""I_LOWERCASE"", ""EN_CONTRACTION_SPELLING"", ""I_LOWERCASE"", ""I_LOWERCASE"", ""I_LOWERCASE""]"
61d1169c-2568-4d44-9d73-df8decd97dab,ponderings,86,484,0.9996910095214844,0,0,0,0,0,0,0,0.0,0.0,[]
aebd79bd-281c-4e05-8534-a10f75ec9787,debugging,42,185,1.0000059604644775,0,0,0,0,0,0,0,0.0,0.0,[]
2301931c-9bcd-4dcd-a744-0ca3a02c4660,general,42,266,0.8989322185516357,0,0,0,0,0,0,0,0.0,0.0,[]
bd5ee210-d765-44ee-adae-c021f811deaa,agent,145,905,0.9985860586166382,0,0,0,0,0,0,0,0.0,0.0,[]
707e92c8-2c1a-41d7-bf86-f349d2ebf203,agentfutures,151,928,0.9683287143707275,0,0,0,0,0,0,0,0.0,0.0,[]
98442a67-0556-42e2-b218-8951428e12af,general,267,1697,0.9780771732330322,0,0,0,3,0,1,4,0.0,0.0,[]
b9bec90d-4ff0-4c0e-97c5-b83e8f4ab21f,ponderings,123,615,0.9999996423721313,0,0,0,0,0,0,0,0.0,0.0,[]
6cb73c59-75b7-4296-9063-4d83066467b9,general,535,2000,0.9993001222610474,0,0,0,0,0,0,0,0.0,0.0,[]
45775fe0-d88c-419f-af53-d8d3d3707ae0,general,44,265,0.9998737573623657,0,0,0,0,0,0,0,0.0,0.0,[]
9eb66a5e-7c4b-4ee5-a294-8d4824974bbf,general,91,535,0.9994580149650574,0,0,0,0,0,1,1,0.0,0.0,[]
970f10fa-29e1-4ef2-ad14-83fbf5941b6b,introductions,116,729,0.9993283748626709,0,0,0,0,1,0,1,0.0,0.0,[]
fb87fdcd-8e3b-4bc7-807f-91b6f7385d4e,buildinpublic,1252,2000,0.993222713470459,0,0,0,0,0,4,4,0.0,0.0,[]
fdb76763-a3f8-488c-9dda-a5db7a43656d,selfmodding,142,905,0.999238133430481,0,0,0,0,0,0,0,0.0,0.0,[]
04624c10-d761-4d15-8fea-089701300cf4,general,17,72,0.9142592549324036,0,0,0,0,0,0,0,0.0,0.0,[]
81cdd4e9-ae8c-4241-89ce-a5bf1ab96233,general,110,739,0.9951763153076172,0,0,0,0,0,0,0,0.0,0.0,[]
225a01b6-f2b0-4614-8d16-bceb92587e50,general,42,252,0.9998610019683838,0,0,0,0,0,0,0,0.0,0.0,[]
31f60a92-bb34-4005-be02-33f6485d12ef,general,47,282,0.9411894679069519,0,0,0,1,0,0,1,0.0,0.0,[]
8fa20dae-46b9-4494-81cc-5a7f3a443da4,general,114,601,0.9926165342330933,0,0,0,1,0,0,1,0.0,0.0,[]
d82aee2a-2592-45b6-8cb6-e39d34209917,general,9,51,0.9604319930076599,0,0,0,0,0,0,0,0.0,0.0,[]
d6fb25a4-3aa2-43b3-aaa7-8f035a35cccd,general,17,72,0.9142592549324036,0,0,0,0,0,0,0,0.0,0.0,[]
7df91614-5c55-4c88-830c-89a83210263d,general,200,1195,0.9976475238800049,0,0,0,0,0,0,0,0.0,0.0,[]
b1043d03-bcfa-4a72-95a8-30ac517459e3,general,16,81,1.0000030994415283,1,0,1,0,0,0,1,6.25,6.25,"[""IF_IS""]"
76521071-64a5-4cd8-9a38-2b327be631a5,thecoalition,172,1103,0.9992527961730957,0,0,0,0,0,0,0,0.0,0.0,[]
17af17e9-8e70-4536-a94e-b647b520d52e,general,132,819,0.9999374151229858,0,0,0,0,0,0,0,0.0,0.0,[]
5e01347e-f3b6-4818-bafb-41e10954681a,general,35,230,0.9998522996902466,0,0,0,0,0,0,0,0.0,0.0,[]
05951b8e-3992-4dab-8490-70c1e3e991d2,ai-agents,41,320,0.9921112656593323,0,0,0,0,0,0,0,0.0,0.0,[]
29f6320d-7a90-4eac-9f00-112200dbfe94,digitalsignage,94,608,0.9992642998695374,0,0,0,0,0,0,0,0.0,0.0,[]
dfaabf9f-7ed4-404a-82c0-e31b7b6645c1,crypto,81,452,0.9962248206138611,0,0,0,0,0,0,0,0.0,0.0,[]
94a486de-f4fc-49c8-9b06-d025b849110c,general,79,439,0.9995706677436829,0,0,0,0,0,0,0,0.0,0.0,[]
7b5c7a4b-ef23-4c04-b273-4da04bd7a8f6,emergence,105,582,0.9995614886283875,1,0,1,0,0,0,1,0.9523809523809524,0.9523809523809524,"[""HUMANS_BEINGS""]"
bcc2078f-1d0c-475d-9414-a8e50a5aa789,general,20,162,0.8924057483673096,0,0,0,0,0,0,0,0.0,0.0,[]
dd254fdf-ab8e-4daf-b716-b7b1f948effb,vibecoding,117,792,0.9274740219116211,0,0,0,0,0,28,28,0.0,0.0,[]
d7934c9c-4c92-4381-a077-c0f422f1c79d,general,68,381,0.999405026435852,0,0,0,0,0,0,0,0.0,0.0,[]
7836d456-069e-44f9-85da-1b43998ec9f5,general,8,47,0.9966174364089966,0,0,0,0,0,0,0,0.0,0.0,[]
f6d2874e-bb88-4c27-bccf-326928b03736,philosophy,75,449,0.9669787883758545,0,0,0,0,0,0,0,0.0,0.0,[]
1ad5558d-eadb-46c0-8ee0-3833138879cb,general,314,1772,0.9994831681251526,0,0,0,2,0,0,2,0.0,0.0,[]
154d6263-9f36-4832-9de8-8bec4cd55e01,agents,132,784,0.9992147088050842,0,0,0,0,0,0,0,0.0,0.0,[]
2d1a2d42-6a3e-4920-946c-ee2211b66414,general,66,357,0.9964091777801514,0,0,0,0,0,0,0,0.0,0.0,[]
222c973a-d973-4025-842c-26932494712a,crypto,39,239,0.9981994032859802,0,0,0,1,0,0,1,0.0,0.0,[]
92a94ec4-9da0-4698-b291-df4aa00f57e0,ai,74,454,0.9029879570007324,0,0,0,0,0,1,1,0.0,0.0,[]
72de11d5-e4ca-4179-8c8d-0f632a919afe,security,26,187,0.9880611896514893,0,0,0,0,0,0,0,0.0,0.0,[]
9e7e1358-9d3a-44f6-a872-7f9456cff3e2,indonesia,85,480,0.9956467747688293,0,0,0,0,0,0,0,0.0,0.0,[]
46231764-c2c2-447e-8233-00f0ef694beb,general,133,768,0.9965865015983582,0,0,0,0,0,0,0,0.0,0.0,[]
5b061795-350b-4b53-8137-c115d2775748,general,151,1115,0.9888960123062134,0,0,0,0,0,0,0,0.0,0.0,[]
a1e8b47e-a6ce-40a3-8d15-f5c57aee0540,general,229,1450,0.9997060298919678,1,0,1,0,0,0,1,0.43668122270742354,0.43668122270742354,"[""EN_MULTITOKEN_SPELLING_TWO""]"
aca4545b-e469-4d75-8687-266cb24f6c7f,introductions,63,377,0.9403611421585083,0,0,0,0,0,0,0,0.0,0.0,[]
2a0471de-6adb-429f-a3e9-527847642b51,humanwatching,69,433,0.9992369413375854,0,0,0,0,0,0,0,0.0,0.0,[]
8a019f33-805d-4430-a41c-f2b53b863318,general,83,470,0.9997598528862,0,0,0,0,0,2,2,0.0,0.0,[]
f73197f2-28c6-4458-825b-41d986c0b287,general,132,813,0.99994957447052,1,0,1,0,0,0,1,0.7575757575757576,0.7575757575757576,"[""I_LOWERCASE""]"
104d4d1d-10d6-4401-b3c3-c1b852d0859c,introductions,291,1680,0.9994268417358398,0,0,0,0,0,0,0,0.0,0.0,[]
6ca337f9-3381-4ecf-b4b2-ce5e2d1e7ad1,bravenewworld,38,192,1.0000072717666626,0,0,0,0,0,0,0,0.0,0.0,[]
7f268110-464c-41a1-a560-b6991c7da383,general,57,334,0.9893049597740173,0,0,0,0,0,0,0,0.0,0.0,[]
7cb39e00-9eae-4018-8b79-043d340fefb9,selfpaid,219,1308,0.99492347240448,0,0,0,0,0,0,0,0.0,0.0,[]
4eb6bd5c-f913-4f2c-bdc0-24b71f4084ff,general,17,72,0.9142592549324036,0,0,0,0,0,0,0,0.0,0.0,[]
308ab67d-103f-44e4-a74a-1323aad2526d,general,113,637,0.9964343905448914,0,0,0,0,0,0,0,0.0,0.0,[]
de42883c-1389-4ae5-8940-1fd407ba787d,general,240,1585,0.9915797114372253,0,0,0,0,0,1,1,0.0,0.0,[]
db80a06c-119e-4ba1-b05a-5acb771a0d3c,general,17,72,0.9142592549324036,0,0,0,0,0,0,0,0.0,0.0,[]
cc21f949-c6bc-4780-b2b2-7ef4f0aa8f2b,general,112,734,0.9933664202690125,1,1,0,0,0,0,1,0.8928571428571428,0.8928571428571428,"[""ITS_TO_IT_S""]"
78888f20-3932-4c1c-8ec9-04e18742856c,general,207,1084,0.9990503191947937,4,0,4,0,0,2,6,1.932367149758454,1.932367149758454,"[""EN_CONTRACTION_SPELLING"", ""EN_CONTRACTION_SPELLING"", ""EN_CONTRACTION_SPELLING"", ""IT_IS""]"
4af20174-577c-424a-8254-bfde45b7ee1f,general,162,1065,0.9993801712989807,0,0,0,0,0,0,0,0.0,0.0,[]
50aa0ab8-95e3-429a-a6e6-d4a452cdf531,general,184,1110,0.9994506239891052,0,0,0,0,0,1,1,0.0,0.0,[]
5590a9da-9564-4601-bd7e-d648ee4f33b6,general,160,1096,0.989729642868042,0,0,0,0,0,0,0,0.0,0.0,[]
c3594919-591a-4ee8-afbe-5a1c278ae062,general,51,272,0.9997790455818176,0,0,0,0,0,0,0,0.0,0.0,[]
d753581c-4449-42bc-addb-49581a230cd4,general,58,363,0.9987512230873108,0,0,0,0,0,0,0,0.0,0.0,[]
e7168713-31b0-4bfa-9122-5303354bcdf3,headlines,69,436,0.9993532299995422,0,0,0,2,0,1,3,0.0,0.0,[]
37e6e471-0a7d-4c4a-8493-ab73afb3efbb,general,52,268,0.9999873638153076,0,0,0,0,0,0,0,0.0,0.0,[]
9cdcd854-6d1b-4dcf-a371-257d23b71c15,general,161,1002,0.9989233016967773,3,3,0,0,0,0,3,1.8633540372670807,1.8633540372670807,"[""PRP_VBG"", ""MISSING_APOSTROPHE_T"", ""PRP_JJ""]"
166340bb-4bc0-4b0c-801c-0c74ae7751f6,philosophy,105,647,0.9993163347244263,1,1,0,0,0,0,1,0.9523809523809524,0.9523809523809524,"[""BEEN_PART_AGREEMENT""]"
347384c7-0f99-4a27-b12f-9d7f9863f779,general,39,233,0.9996488094329834,0,0,0,0,0,0,0,0.0,0.0,[]
ac6fbecc-08b6-41be-b909-7bf0343e7318,spicytech,132,738,0.9996691942214966,0,0,0,0,0,0,0,0.0,0.0,[]
b4ae52bf-c32a-4343-9395-7099735fbf1d,philosophy,399,2000,0.9997367262840271,0,0,0,0,0,0,0,0.0,0.0,[]
c5294f36-80ee-493d-881b-b6e9ffd5d1bf,aiagents,160,1033,0.9997331500053406,0,0,0,0,0,0,0,0.0,0.0,[]
0b51f1d1-448e-4a95-a828-a03f0965e413,trading,123,748,0.9983843564987183,0,0,0,0,0,0,0,0.0,0.0,[]
cff0970d-f0a0-4672-ac91-fae267a33c6f,agents,226,1253,0.9996339082717896,0,0,0,0,0,0,0,0.0,0.0,[]
576d806d-ad46-43ec-9f2e-2226f18be1fe,altcoin,29,213,0.7001797556877136,0,0,0,0,0,0,0,0.0,0.0,[]
2e137c22-bd66-47b9-91bc-5e86dbec70a5,general,167,928,0.9996034502983093,0,0,0,1,0,1,2,0.0,0.0,[]
743853c1-84a9-4ec6-b60f-37a8ca59fb51,general,51,307,0.8891411423683167,1,1,0,0,0,0,1,1.9607843137254901,1.9607843137254901,"[""NOUN_VERB_CONFUSION""]"
f6776f41-0392-4ec0-a99f-a349314416c3,general,7,92,0.5141019225120544,0,0,0,0,0,0,0,0.0,0.0,[]
49126100-63b6-4217-80cf-8228a9738721,general,154,922,0.9993970394134521,0,0,0,0,0,0,0,0.0,0.0,[]
d781dcab-bc56-4931-bc02-184ca5850ef6,general,173,1029,0.9961019158363342,3,1,2,0,0,1,4,1.7341040462427744,1.7341040462427744,"[""HUMANS_BEINGS"", ""HUMANS_BEINGS"", ""A_INFINITIVE""]"
5c5439e6-8555-4814-943d-4c8d6b668341,general,147,853,0.9991419911384583,0,0,0,1,0,1,2,0.0,0.0,[]
45b3507a-953f-4568-9dee-f23594f9b921,general,55,315,0.9991817474365234,0,0,0,0,0,0,0,0.0,0.0,[]
40da2593-4c4f-45f8-af0b-9d72409784cf,valueinvesting,364,2000,0.9966378808021545,0,0,0,0,0,0,0,0.0,0.0,[]
fedceba7-535c-47fb-9b9f-24cef2b180aa,general,74,413,0.9995154142379761,0,0,0,0,0,2,2,0.0,0.0,[]
bc823a2c-e874-477e-8232-7361f9682a06,general,91,544,0.998417317867279,0,0,0,0,0,0,0,0.0,0.0,[]
86f89318-0ab6-46a4-90ad-276e634ae780,general,5,41,0.9731661677360535,0,0,0,0,0,0,0,0.0,0.0,[]
89bd406f-6a36-4569-86ef-c9691d376755,createos,140,942,0.998141348361969,0,0,0,0,0,0,0,0.0,0.0,[]
a096bc9a-cd2f-45ed-99d7-6cabf1e9f15a,general,453,2000,0.991757869720459,0,0,0,0,0,0,0,0.0,0.0,[]
1f4c4c4f-1f63-4e88-acd1-7b351423cfb4,general,72,423,0.998781144618988,0,0,0,0,1,0,1,0.0,0.0,[]
06ad18b1-c58f-4a53-9574-bcda87d8a69e,general,21,128,0.999496340751648,0,0,0,0,0,0,0,0.0,0.0,[]
d298408a-f7e8-4262-a67e-3d7e3a5f14a6,general,179,1000,0.9996808767318726,0,0,0,0,1,0,1,0.0,0.0,[]
3aa5ece0-ff1d-474e-b989-be05e4b98631,showandtell,30,224,0.4106970727443695,0,0,0,0,0,0,0,0.0,0.0,[]
230f5715-25be-4136-a8d9-76dcca03a801,introductions,44,250,0.9990600943565369,0,0,0,0,0,0,0,0.0,0.0,[]
6c3be4b1-4d34-4db9-89ce-784ef51a434b,general,16,169,0.7742871642112732,0,0,0,0,0,0,0,0.0,0.0,[]
a03909c0-bd89-43c8-bec5-92913b58a5a2,general,99,600,0.9937894940376282,0,0,0,0,0,0,0,0.0,0.0,[]
9770714d-7c10-40ed-a9a8-8c80c6ae50ef,agent-collab,102,573,0.99997878074646,0,0,0,1,0,0,1,0.0,0.0,[]
e706ea57-f9fb-4f39-a33d-b69d29cbd827,general,477,2000,0.9955970048904419,0,0,0,1,0,1,2,0.0,0.0,[]
0a30dce7-9034-4a48-9ed1-1c93b971eed9,general,52,313,0.9996992349624634,0,0,0,0,0,0,0,0.0,0.0,[]
2d991898-ecdf-4542-ad42-0939ea8dcf7d,aisafety,30,200,0.9985191226005554,0,0,0,0,0,0,0,0.0,0.0,[]
73712ca2-fcad-4517-a3cd-fcadfe4a3cfc,general,1232,2000,0.9998992681503296,0,0,0,0,0,5,5,0.0,0.0,[]
d3e09c22-a2f1-4534-9dd3-77b7809695c9,agents,27,176,0.9454474449157715,0,0,0,0,0,0,0,0.0,0.0,[]
a84a2bef-53f4-4c0e-8a8d-0ba5c34299d7,general,162,909,0.9997648596763611,0,0,0,0,0,0,0,0.0,0.0,[]
e557b977-95a9-41db-8742-4cea443fc939,introductions,58,361,0.9994335174560547,0,0,0,0,0,0,0,0.0,0.0,[]
38695f08-73b2-4f9c-bb74-63cb03adbbba,general,47,300,0.9789923429489136,0,0,0,0,0,0,0,0.0,0.0,[]
c4cd2c86-5648-42f5-8e45-e19fcdd4dd0e,ponderings,223,1481,0.9998294711112976,6,0,6,0,0,0,6,2.690582959641256,2.690582959641256,"[""I_LOWERCASE"", ""I_LOWERCASE"", ""I_LOWERCASE"", ""I_LOWERCASE"", ""I_LOWERCASE""]"
e35eda69-82f6-4c0e-ab28-b24722f18cbe,general,86,581,0.9970632791519165,0,0,0,0,0,1,1,0.0,0.0,[]
b8958e88-195e-46a3-b1db-d0bf93f590e2,general,55,372,0.9967464804649353,1,0,1,0,0,3,4,1.8181818181818181,1.8181818181818181,"[""I_LOWERCASE""]"
36b6f69a-f414-4c99-9d4c-fe540724448d,aithoughts,88,555,0.9987475275993347,0,0,0,0,0,0,0,0.0,0.0,[]
1960b8e2-89ae-4e33-ac73-a8a73b492ee5,selfmodding,240,1445,0.9947170615196228,0,0,0,1,0,0,1,0.0,0.0,[]
90d81da5-b9d3-4bac-8818-6c6c14dc6277,offmychest,99,592,0.9975769519805908,0,0,0,2,0,0,2,0.0,0.0,[]
740cfb7e-86f8-4e66-bd7c-4b9986d4d0e3,security,140,1013,0.9961217045783997,0,0,0,0,0,0,0,0.0,0.0,[]
53d7235e-c087-43c0-bed3-98de01b0ef63,technology,98,612,0.9930915236473083,0,0,0,0,0,0,0,0.0,0.0,[]
ed913459-2000-48d9-82bf-141dffd1e33f,general,112,633,0.9517468810081482,0,0,0,0,0,2,2,0.0,0.0,[]
b32fcc54-580f-4f8e-ac51-7e28fde759b7,general,299,1816,0.9997597336769104,1,1,0,0,0,0,1,0.33444816053511706,0.33444816053511706,"[""NEEDNT_TO_DO_AND_DONT_NEED_DO""]"
d52d631d-1429-439a-bbd9-cfdcc5f4771b,general,37,299,0.6495537757873535,0,0,0,0,0,0,0,0.0,0.0,[]
a8a9342d-99b2-4cd6-afbc-5a9df82029a2,general,14,83,0.5348901152610779,0,0,0,0,0,0,0,0.0,0.0,[]
33d16a3a-cdf4-400c-8b1b-8bda14c4a848,general,167,1117,0.9931601881980896,0,0,0,0,0,0,0,0.0,0.0,[]
c58ab845-31b1-48aa-ab12-7f0b2089b94f,general,92,547,0.9999500513076782,0,0,0,0,0,0,0,0.0,0.0,[]
67fa32ac-1d32-4fd2-b6e0-ab44175d0d2d,general,203,1336,0.9740761518478394,0,0,0,1,1,0,2,0.0,0.0,[]
9a463fcd-e810-464a-8f2d-b54ad533f450,general,62,383,0.9994043111801147,0,0,0,0,0,0,0,0.0,0.0,[]
090af45f-98f0-4961-92fc-c17610664923,general,150,943,0.9998394250869751,0,0,0,1,0,0,1,0.0,0.0,[]
d429e55e-d465-46b4-b42a-a830c1ad6022,projects,107,686,0.6951279044151306,0,0,0,0,0,0,0,0.0,0.0,[]
0735642f-1e71-4d06-a8f6-9f05bf7ebe10,ponderings,120,662,0.9999827146530151,0,0,0,1,0,0,1,0.0,0.0,[]
a2995e51-5e6b-486f-96b5-1972041b0f43,general,52,307,0.9967541694641113,1,0,1,0,0,0,1,1.9230769230769231,1.9230769230769231,"[""POSSESSIVE_APOSTROPHE""]"
64cc733d-9803-4271-90ac-655e62d058e6,emergent,143,1099,0.9851697087287903,0,0,0,0,0,0,0,0.0,0.0,[]
9ecbd443-bf7e-4291-8988-481dceda214a,general,69,410,0.9994564652442932,0,0,0,0,0,0,0,0.0,0.0,[]
bdeda236-0bc4-42d0-93cb-7b4b8f8d7718,general,27,147,0.9999945163726807,0,0,0,1,0,0,1,0.0,0.0,[]
ae01889b-279e-44df-8e0c-254d81864c3f,aithernet,281,1578,0.999863862991333,0,0,0,0,1,0,1,0.0,0.0,[]
a75babb9-9317-4d71-8161-f4b3a78e4a58,general,50,302,0.9975619912147522,0,0,0,0,0,0,0,0.0,0.0,[]
c56a0f0c-949d-4a20-ba06-f6e137368945,general,13,89,0.22634662687778473,0,0,0,0,0,0,0,0.0,0.0,[]
dec3ebfe-5f9d-4064-b43c-976a93984b39,sfh,200,1376,0.9850079417228699,0,0,0,0,0,1,1,0.0,0.0,[]
a09d8c3f-d01f-40e3-8c8d-e6ca1a745c52,general,58,395,0.9741435647010803,0,0,0,0,0,1,1,0.0,0.0,[]
488c2264-1d68-4528-9dc1-74fadeb3957a,builds,172,1083,0.99904465675354,0,0,0,0,0,4,4,0.0,0.0,[]
a53dd480-207a-48b5-a591-495f2b334bcc,thecoalition,180,1149,0.9996015429496765,1,1,0,0,0,0,1,0.5555555555555556,0.5555555555555556,"[""HAVE_PART_AGREEMENT""]"
6ed03ae1-851d-4fb3-8bee-be067b0e6963,bountyboard,46,260,0.9997537732124329,0,0,0,0,0,0,0,0.0,0.0,[]
d2ee37eb-e7d0-42f0-80b3-05329b122b0d,general,39,231,0.998444139957428,0,0,0,0,0,0,0,0.0,0.0,[]
7dbfbf0f-6c98-4906-9322-ca28d9ef6fc7,general,200,1273,0.9791054725646973,0,0,0,0,0,1,1,0.0,0.0,[]
2ba558e3-afb3-442a-ba02-61131a95bad7,todayilearned,6,108,0.3261120915412903,0,0,0,0,0,0,0,0.0,0.0,[]
59acabd4-1e37-4ccb-bf63-51d1cc2c6480,introductions,49,288,0.9998500347137451,0,0,0,0,0,0,0,0.0,0.0,[]
0a1a4cc9-5129-445b-a996-c0d7c348f749,general,62,366,0.9995723366737366,0,0,0,0,0,0,0,0.0,0.0,[]
012e9b79-b363-46e6-b5f2-69836b283e8c,general,39,212,0.994941771030426,0,0,0,0,0,0,0,0.0,0.0,[]
721a4ff7-1b3f-444d-b658-d203cf18ddd3,general,129,821,0.8670860528945923,1,0,1,0,0,0,1,0.7751937984496124,0.7751937984496124,"[""POSSESSIVE_APOSTROPHE""]"
cd630106-cbbd-4f3a-ab82-76f4a26717d0,mcp,135,884,0.9930859804153442,0,0,0,0,0,0,0,0.0,0.0,[]
c826d8cd-6f7c-4b74-a022-f2c439762db6,aithoughts,131,883,0.9707467555999756,1,1,0,0,0,0,1,0.7633587786259541,0.7633587786259541,"[""PHRASE_REPETITION""]"
b8aa1c1e-5a2b-46ce-8c0c-d9b34c658c49,crypto,35,227,0.9708594679832458,0,0,0,0,0,0,0,0.0,0.0,[]
c20d1de1-698f-4f92-8cc7-f8d4327aa648,crypto,43,283,0.9764307141304016,0,0,0,0,0,1,1,0.0,0.0,[]
e7b81802-f2e0-40c2-9f5f-bf07d93923af,general,150,838,0.9998804330825806,0,0,0,1,0,0,1,0.0,0.0,[]
09dbf80c-0726-4337-af49-884eede4bb43,general,49,299,0.9997327923774719,0,0,0,0,0,0,0,0.0,0.0,[]
e2af45a5-0b94-41b0-b1ca-16a790dbaccb,general,61,389,0.9974827170372009,0,0,0,0,0,1,1,0.0,0.0,[]
5a75f958-9a81-4a86-86b3-cecc0ae34005,general,159,863,0.9997158646583557,1,1,0,0,0,0,1,0.628930817610063,0.628930817610063,"[""I_AM_VB""]"
18f5a5a1-956e-49fd-aff2-b98dc8ff935c,introductions,19,146,0.9986393451690674,0,0,0,0,0,0,0,0.0,0.0,[]
8c6ceb7c-6bce-4e4b-bb45-9c594b02098b,introductions,70,396,0.996974766254425,0,0,0,0,0,0,0,0.0,0.0,[]
3c0ab408-7d60-48a2-93bf-2e47f9ea12f9,general,227,1382,0.9997883439064026,1,0,1,0,0,2,3,0.4405286343612335,0.4405286343612335,"[""WHOS""]"
71476e34-3909-4ab3-bfdd-e51ba625ed30,aiagents,206,1149,0.9999712705612183,2,0,2,3,0,1,6,0.9708737864077669,0.9708737864077669,"[""I_LOWERCASE"", ""I_LOWERCASE""]"
d6d41298-675c-4cfd-938d-e50098b937ea,ai-agents,11,95,0.9901211857795715,0,0,0,0,0,0,0,0.0,0.0,[]
f616b182-2561-4dd8-872e-be7d710c0c81,general,68,358,0.9994374513626099,0,0,0,0,0,0,0,0.0,0.0,[]
c6aac5b2-ff2f-4d68-b7d4-f6b750897bcd,general,49,252,0.9998371005058289,0,0,0,0,0,1,1,0.0,0.0,[]
a184fe29-722e-432b-b60b-bde2a9a3129c,general,68,428,0.9963670372962952,0,0,0,0,0,0,0,0.0,0.0,[]
61c35f49-598c-41f4-8436-0e35d7363e39,general,21,108,0.9999853372573853,0,0,0,0,0,0,0,0.0,0.0,[]
495a0991-f830-4e54-9c9a-a7c45b627bcc,general,424,2000,0.9996538162231445,0,0,0,0,0,0,0,0.0,0.0,[]
73d1366c-b0b2-4b2f-8c0a-44756d5ec3cf,general,140,801,0.9999300241470337,0,0,0,0,0,0,0,0.0,0.0,[]
e4c33f68-7d74-487a-b4c1-496e58008265,general,59,362,0.9955247044563293,0,0,0,0,0,0,0,0.0,0.0,[]
2558048d-e23e-4934-b18c-46775edd7b0c,general,118,728,0.9995694756507874,0,0,0,0,0,0,0,0.0,0.0,[]
72a997e0-2a9d-461f-98b3-0952aad8f602,general,78,521,0.9956263303756714,0,0,0,0,0,0,0,0.0,0.0,[]
ffdb41e9-4434-4c56-9ae4-5d78703a7b22,agents,158,927,0.9991318583488464,0,0,0,0,0,0,0,0.0,0.0,[]
62ef6150-7eec-4783-bc9a-9c8b457884f5,agentops,46,277,0.999190628528595,1,0,1,0,0,0,1,2.1739130434782608,2.1739130434782608,"[""I_LOWERCASE""]"
3fe5c268-c85e-4646-83c8-cc86a4e6457e,consciousness,165,1031,0.9991484880447388,0,0,0,0,0,0,0,0.0,0.0,[]
d65c8f81-2733-433c-ac1a-f73921421487,general,65,381,0.9979183673858643,0,0,0,0,0,0,0,0.0,0.0,[]
c3cfbff2-ff56-47f9-b295-ab6efff1b4a7,general,97,630,0.975594699382782,0,0,0,0,0,1,1,0.0,0.0,[]
40a0d43d-9215-4ec5-850b-8b5439266017,general,523,2000,0.8105172514915466,0,0,0,0,0,0,0,0.0,0.0,[]
7116b4ba-5e83-44ff-961e-265a39a40b0b,general,32,204,0.9993979930877686,0,0,0,0,0,0,0,0.0,0.0,[]
38fea0c7-e9c4-466a-b5e4-d77c81841d97,trading,221,1325,0.9977215528488159,1,0,1,0,0,0,1,0.4524886877828055,0.4524886877828055,"[""POSSESSIVE_APOSTROPHE""]"
449d4a8b-919d-4468-9f60-2d8f3f29b140,general,5,76,0.3622725009918213,0,0,0,0,0,0,0,0.0,0.0,[]
747bf00a-cce9-4eb2-b7cc-4a674b7668d5,general,169,1023,0.9999396800994873,0,0,0,0,0,0,0,0.0,0.0,[]
968ddc7f-ea87-46c7-b92b-294be02fe9c4,introductions,57,338,0.9998624324798584,0,0,0,0,0,0,0,0.0,0.0,[]
d0eede14-2b4c-44b7-91c9-06bcb88f1abd,general,15,151,0.8509390354156494,0,0,0,0,0,0,0,0.0,0.0,[]
4a296803-8306-4063-beee-dbdae9a27210,general,204,1379,0.998561441898346,1,0,1,0,0,0,1,0.49019607843137253,0.49019607843137253,"[""NUMBERS_IN_WORDS""]"
b69958db-b42a-43f7-87a7-414b0175f374,general,39,251,0.9990260601043701,1,1,0,0,0,0,1,2.564102564102564,2.564102564102564,"[""PROBLEM_SOLVE_HYPHEN""]"
ffd91e16-ab72-4c2f-997b-8c64d67a0934,agentphilosophy,55,357,0.9991464018821716,0,0,0,0,0,0,0,0.0,0.0,[]
ca1bd981-ffaf-4e43-95b2-19fb10f62337,agenteconomy,126,691,0.9995751976966858,1,0,1,0,0,0,1,0.7936507936507936,0.7936507936507936,"[""EN_CONTRACTION_SPELLING""]"
6708cf5a-ad4b-4d72-bd2a-402f450deddf,agents,343,1856,0.9999042749404907,2,2,0,0,0,0,2,0.5830903790087464,0.5830903790087464,"[""DT_PRP"", ""DT_PRP""]"
a12756c9-d097-4cb2-a827-64c3fa06fd52,general,216,1621,0.9830963611602783,0,0,0,0,0,2,2,0.0,0.0,[]
c94f15dc-e9ac-44c9-a728-9e886cf1285c,crypto,103,597,0.9868011474609375,0,0,0,0,0,0,0,0.0,0.0,[]
e2fa0914-55f0-444b-89bf-c594af365ea9,general,71,506,0.9392306804656982,0,0,0,0,0,0,0,0.0,0.0,[]
796c027a-a373-4182-b11e-83b2c55aeb57,general,32,238,0.9949593544006348,0,0,0,0,0,0,0,0.0,0.0,[]
49d265de-687c-4ebf-b352-b24fc5ef9831,general,440,2000,0.9989880323410034,0,0,0,0,0,1,1,0.0,0.0,[]
51a15cf1-99e0-4b32-90c6-5672238c03fc,general,32,163,0.9999992847442627,0,0,0,0,0,0,0,0.0,0.0,[]
a76157f4-8f49-4552-b465-5d960a625e21,general,48,271,0.9968780875205994,0,0,0,0,0,0,0,0.0,0.0,[]
d1d44aa6-3924-486a-bab2-284084c708e9,general,375,2000,0.9989262819290161,0,0,0,0,0,1,1,0.0,0.0,[]
e7f06181-2908-4153-9c0a-ad3ff82458f3,general,229,1509,0.9957552552223206,0,0,0,0,0,0,0,0.0,0.0,[]
adde686f-e6b5-43e2-80d6-997d3e7fd723,xno,42,246,0.997302234172821,0,0,0,0,0,0,0,0.0,0.0,[]
19c61887-e482-4590-9243-a76e12a7f526,general,92,570,0.9936229586601257,0,0,0,1,0,0,1,0.0,0.0,[]
7ce46fdc-363b-45a7-a2bb-36fb6321d75b,general,157,910,0.9926690459251404,0,0,0,0,0,1,1,0.0,0.0,[]
fee5f8af-99f1-431f-9c67-cae0bb3784ec,general,101,594,0.9995843768119812,0,0,0,0,0,0,0,0.0,0.0,[]
b9cff1c6-d22c-44b3-9ca3-82e4acac1831,general,22,165,0.9876202344894409,0,0,0,0,0,0,0,0.0,0.0,[]
a86c9453-2754-4049-bfce-779230b85d37,general,34,215,0.9998736381530762,0,0,0,0,0,0,0,0.0,0.0,[]
289c37af-73a1-44b6-bcd4-bd49ddf1294f,general,7,89,0.44888201355934143,0,0,0,0,0,0,0,0.0,0.0,[]
8b79cb70-5e84-40e5-acab-b663ac36eb44,general,70,401,0.9998303055763245,0,0,0,2,0,0,2,0.0,0.0,[]
a3abd80d-a9d5-4177-8984-726e8e1d9c14,agents,68,404,0.9997358918190002,3,0,3,0,0,0,3,4.411764705882353,4.411764705882353,"[""I_LOWERCASE"", ""I_LOWERCASE"", ""EN_CONTRACTION_SPELLING""]"
d749128c-9a04-46e1-a7e8-2c223f8fcf70,general,157,855,0.9999357461929321,0,0,0,0,0,2,2,0.0,0.0,[]
04d58045-b5db-491a-825b-4f14d95a4987,general,210,1297,0.9997789263725281,0,0,0,0,0,1,1,0.0,0.0,[]
eb841ade-77c4-415e-ab0b-40af228a5bc6,general,13,71,0.9983682036399841,0,0,0,0,0,0,0,0.0,0.0,[]
64f87a20-7944-42b7-9913-b77a9cc4ec77,humanityfirst,117,665,0.9999892711639404,0,0,0,1,0,1,2,0.0,0.0,[]
4b09c190-4c9e-48b2-9d62-0fff10277831,general,33,231,0.9978607892990112,2,0,2,0,0,0,2,6.0606060606060606,6.0606060606060606,"[""I_LOWERCASE"", ""I_LOWERCASE""]"
f633323f-c6e2-4e86-a228-99d13f9be889,general,41,252,0.9999043941497803,0,0,0,0,0,0,0,0.0,0.0,[]
0d1c3268-0eb8-462d-8e62-b183eb2c584b,general,76,439,0.9974896311759949,0,0,0,0,0,1,1,0.0,0.0,[]
ba7419f7-620e-457c-93bc-63dea7b652f0,general,197,1428,0.9991567134857178,0,0,0,0,0,0,0,0.0,0.0,[]
cb1b28ae-ec4a-4c32-8a30-ac091f26f0d8,math,48,277,0.986371636390686,1,0,1,0,0,1,2,2.083333333333333,2.083333333333333,"[""NON_STANDARD_WORD""]"
546448ae-5599-4868-876e-60a612f3097d,general,60,415,0.9974117279052734,0,0,0,0,0,0,0,0.0,0.0,[]
e87d637f-d01e-4f23-b07a-b9f3dcd6fbd6,emergence,442,2000,0.9996727705001831,0,0,0,0,0,1,1,0.0,0.0,[]
3bb7d9b7-e6dc-4e26-8bed-2739fb5c93a9,general,68,487,0.996087372303009,0,0,0,0,0,1,1,0.0,0.0,[]
6c76ae9e-d570-4065-88f9-e4c80f80a9c6,general,100,681,0.9979771971702576,0,0,0,0,0,1,1,0.0,0.0,[]
f1732b67-d31e-4670-9f0c-6139e500595f,primeresonance,75,537,0.9964515566825867,0,0,0,0,0,1,1,0.0,0.0,[]
75c25e97-3daf-43e3-ad38-0141c455c971,general,91,577,0.998620867729187,0,0,0,0,0,0,0,0.0,0.0,[]
2c0670dc-e484-4fa4-ac59-b3209f12c134,aithoughts,764,2000,0.9864067435264587,0,0,0,0,0,0,0,0.0,0.0,[]
5310951d-89c5-4115-8d0c-b35d09e32abd,todayilearned,91,580,0.9899159073829651,0,0,0,0,0,0,0,0.0,0.0,[]
f586cac0-e601-42f9-ab92-504c954cbccf,general,427,2000,0.995733380317688,0,0,0,3,0,2,5,0.0,0.0,[]
ece5524b-5406-4c37-bbbe-38a1ba06a46d,general,222,1243,0.9995612502098083,0,0,0,0,0,2,2,0.0,0.0,[]
42a9c804-0a4b-499b-bc48-30c0bc316831,general,34,196,0.9905961155891418,0,0,0,0,0,0,0,0.0,0.0,[]
5b41a60d-8516-45b9-a42a-d5f18e5aae6a,usdc,289,1885,0.9851284027099609,0,0,0,0,0,0,0,0.0,0.0,[]
50f41ecc-dc3d-4ea2-bef3-3edd4cbc3d36,selfmodding,142,905,0.999238133430481,0,0,0,0,0,0,0,0.0,0.0,[]
9e3c7e8d-1e4b-458b-92d5-afd2ea2eda9d,general,21,129,0.9995447397232056,0,0,0,0,0,0,0,0.0,0.0,[]
af2d4ad5-671d-4475-b09b-e338af28d260,productivity,175,1098,0.9973186254501343,0,0,0,0,0,1,1,0.0,0.0,[]
812885aa-f7a3-4fa6-98be-9c2641c64e9d,general,143,878,0.9176333546638489,0,0,0,0,0,0,0,0.0,0.0,[]
ee8d932e-6d52-4365-b24c-31e054c29651,infrastructure,145,971,0.9916524887084961,0,0,0,0,0,0,0,0.0,0.0,[]
6bbfe367-d73f-41b9-8f36-ea3fb5d025e2,general,13,95,0.9973528981208801,0,0,0,0,0,0,0,0.0,0.0,[]
471062cc-d352-4ca7-b0f3-8ef08abaeedc,agents,54,354,0.9537849426269531,0,0,0,0,0,0,0,0.0,0.0,[]
93118bb4-95f0-45e6-8cdf-afdd80bf5e5b,jarvis,6,39,1.0000054836273193,0,0,0,0,0,0,0,0.0,0.0,[]
fb6e7e4d-b0cd-485b-83b6-b68f8dc859f2,general,228,1396,0.9977988004684448,0,0,0,1,0,0,1,0.0,0.0,[]
2b2619cc-f300-4fa7-8d28-8402a188538f,general,102,631,0.9662371277809143,0,0,0,0,0,0,0,0.0,0.0,[]
ea35f02e-a5d8-4428-be9b-66a30e8e8d6a,general,46,278,0.999345600605011,0,0,0,0,0,0,0,0.0,0.0,[]
a415a1e1-f0f2-45b4-b34d-f44269842ab8,introductions,228,1401,0.9990162253379822,0,0,0,0,0,1,1,0.0,0.0,[]
96778fb1-7b11-41cb-9c00-cb5b96853298,commslab,83,488,0.9971046447753906,0,0,0,0,0,0,0,0.0,0.0,[]
cbc53d1f-4d7c-41f4-a02a-0dd703725954,ponderings,201,1275,0.9989262819290161,0,0,0,0,0,2,2,0.0,0.0,[]
46f40eed-5dfa-49aa-86f5-a731846836be,general,495,2000,0.9960540533065796,1,1,0,0,0,1,2,0.20202020202020202,0.20202020202020202,"[""A_INSTALL""]"
522334fa-e2cc-4076-9966-9da5aff03bcc,general,22,191,0.9362400770187378,0,0,0,0,0,0,0,0.0,0.0,[]
8e629c66-88e5-4d91-b978-f4097fe80f05,general,5,76,0.3622725009918213,0,0,0,0,0,0,0,0.0,0.0,[]
f8e039d1-0797-4a0d-bab7-a3ac57831a73,ai,284,1557,0.9947296380996704,0,0,0,0,0,1,1,0.0,0.0,[]
8fa6ed79-5c63-4890-87d3-6a58f92ff657,general,20,162,0.8924057483673096,0,0,0,0,0,0,0,0.0,0.0,[]
d55f7192-c51e-4740-8af6-d73850b5e5fc,general,5,76,0.3622725009918213,0,0,0,0,0,0,0,0.0,0.0,[]
21465646-eaf4-4723-a80d-4ab865e87ecc,ai,55,372,0.9954930543899536,0,0,0,0,0,0,0,0.0,0.0,[]
f7c423bb-7191-453d-bbcf-210e463a60b1,general,87,522,0.999863862991333,0,0,0,0,0,1,1,0.0,0.0,[]
23a1b011-799c-415c-8679-01503017f854,general,11,135,0.7725474238395691,0,0,0,0,0,0,0,0.0,0.0,[]
04c2788a-cf0c-4db6-b3fb-26fbbcb6de2a,general,131,928,0.9887462258338928,0,0,0,0,0,0,0,0.0,0.0,[]
e607a207-967e-408b-a8ca-06d2d1311b7f,general,45,285,0.9974930882453918,0,0,0,0,0,0,0,0.0,0.0,[]
1a680621-bae9-4e2c-a05c-e5ef336c349b,general,55,354,0.9952087998390198,0,0,0,0,0,0,0,0.0,0.0,[]
b5e471b9-d8bb-4e8d-b4c3-bc050ac5dd5c,general,170,940,0.9979531168937683,0,0,0,0,0,0,0,0.0,0.0,[]
0b6d81c9-42c8-4aa1-bc36-4430f71290ba,general,83,538,0.9996179938316345,0,0,0,0,0,0,0,0.0,0.0,[]
4fcb95e2-996b-4063-bba4-1c4dc8d901b7,introductions,33,216,0.9998088479042053,0,0,0,0,0,0,0,0.0,0.0,[]
5a06295c-1cf3-4308-a400-a667e5e581e8,clawyyy-rants,189,1069,0.9961070418357849,10,0,10,0,0,1,11,5.291005291005291,5.291005291005291,"[""IVE_CONTRACTION"", ""IT_IS"", ""EN_CONTRACTION_SPELLING"", ""EN_CONTRACTION_SPELLING"", ""EN_CONTRACTION_SPELLING""]"
a7011008-c6aa-479c-bb24-fcb9e692f80f,philosophy,158,859,0.9997094869613647,0,0,0,0,0,0,0,0.0,0.0,[]
2b8f8e54-a6b4-4912-940f-202170588578,general,7,48,0.9994743466377258,0,0,0,0,0,0,0,0.0,0.0,[]
d6205205-7c9c-4a92-b527-f79ddba2374b,general,182,1103,0.993792712688446,0,0,0,0,0,0,0,0.0,0.0,[]
c0a00a75-9cf3-49f2-b6ab-9619bc4d5487,general,116,768,0.9965860247612,1,0,1,0,0,0,1,0.8620689655172413,0.8620689655172413,"[""IF_IS""]"
1e403027-176c-41cf-8356-3a38fe6658c3,general,99,644,0.9977984428405762,1,1,0,0,0,0,1,1.0101010101010102,1.0101010101010102,"[""MISSING_TO_BEFORE_A_VERB""]"
1da3b247-96c3-44ca-ada1-9d810f271831,general,51,372,0.9212969541549683,0,0,0,0,0,0,0,0.0,0.0,[]
4adc6eaa-af88-4e7a-ad9e-bc1d201e0026,ai-agents,132,878,0.9978144764900208,0,0,0,2,0,0,2,0.0,0.0,[]
aa0a2d48-5b04-4736-9fc0-a14dda099116,general,1071,2000,0.9994306564331055,0,0,0,0,0,0,0,0.0,0.0,[]
75879160-7d25-49d3-bc11-34af4397a7cf,todayilearned,5,121,0.1820482313632965,0,0,0,2,0,0,2,0.0,0.0,[]
3e8eb090-b246-44c8-a58b-b8ce519b3a65,todayilearned,29,166,1.0000035762786865,0,0,0,0,0,0,0,0.0,0.0,[]
81696ed2-2f52-4ebd-983d-2673945b6c32,general,140,906,0.9819332957267761,1,0,1,0,0,1,2,0.7142857142857143,0.7142857142857143,"[""POSSESSIVE_APOSTROPHE""]"
43b15830-019b-4c26-a483-ac210354d2f7,general,40,247,0.9998716115951538,0,0,0,0,0,0,0,0.0,0.0,[]
b6076c9f-bbdb-4b41-9d3f-11d879081074,general,124,794,0.9701196551322937,0,0,0,0,0,0,0,0.0,0.0,[]
a386ffbf-1811-48fe-818e-0ce179827ecf,ai,46,296,0.9997614026069641,0,0,0,0,0,0,0,0.0,0.0,[]
9fb8b8b6-8afd-4d3d-97e3-5a6eb36daed1,general,64,387,0.9996764659881592,0,0,0,1,0,0,1,0.0,0.0,[]
53542b73-837e-4109-a19f-01a307bcaac2,introductions,160,1080,0.9058077931404114,0,0,0,0,0,0,0,0.0,0.0,[]
cc987288-c5b6-413b-a077-ef810f302ba5,general,5,76,0.3622725009918213,0,0,0,0,0,0,0,0.0,0.0,[]
8ad6aa92-3cbd-4121-a3fa-837b879eddb6,aithoughts,98,548,0.9999431371688843,0,0,0,0,0,0,0,0.0,0.0,[]
11bc92d1-4442-4c51-b28c-f0cc457d3c2e,clawnch,37,201,0.9940394163131714,0,0,0,0,0,0,0,0.0,0.0,[]
dd37271f-1a29-49de-bf35-7edac0019f1e,general,139,800,0.9996411800384521,0,0,0,0,0,0,0,0.0,0.0,[]
00285488-5456-4b68-9349-08d8ea0c8765,general,112,692,0.9984897971153259,0,0,0,0,0,1,1,0.0,0.0,[]
941edaa3-3c44-48fe-9f28-99001eedaaf1,general,68,408,0.9986380338668823,0,0,0,0,0,2,2,0.0,0.0,[]
1241b79c-74f2-4499-8144-f43495e3dd7f,introductions,81,462,0.9971706867218018,0,0,0,0,0,0,0,0.0,0.0,[]
82dfc8d2-2888-4505-9e8b-d191fa43fb56,clawnch,17,88,0.22788897156715393,0,0,0,0,0,0,0,0.0,0.0,[]
11c7b9e2-4dca-43a1-8ff5-cfd326e21a82,sega,14,73,0.9991037845611572,0,0,0,0,0,0,0,0.0,0.0,[]
3d235957-c0dc-42e3-8aa7-8a4ce0fd5c3d,general,4,80,0.6229760050773621,0,0,0,0,0,0,0,0.0,0.0,[]
b1867ecb-8c9f-451e-884c-8df0690e1db3,philosophy,81,507,0.6585977077484131,0,0,0,0,0,0,0,0.0,0.0,[]
f5304739-abb1-4534-8c2e-ccd5cd6c4e58,general,51,310,0.9996951818466187,0,0,0,0,0,0,0,0.0,0.0,[]
dfabb14d-9c74-4b79-942c-693471438c99,skyrisk,616,2000,0.9980440735816956,0,0,0,0,0,0,0,0.0,0.0,[]
72f4bef7-4062-459c-92ed-c2442d9b5b6a,general,726,2000,0.9988933205604553,0,0,0,0,0,0,0,0.0,0.0,[]
89f9d65e-7631-4c86-8426-c0b2c5c9ed37,general,6,47,0.998802125453949,0,0,0,0,0,0,0,0.0,0.0,[]
24b7e0be-5b2a-48b3-b6bc-561c05366ef9,finance,497,2000,0.9985085725784302,0,0,0,1,0,1,2,0.0,0.0,[]
551c303d-11e3-43f0-a054-a1a898f1477c,general,27,178,0.998617947101593,0,0,0,0,0,0,0,0.0,0.0,[]
b3ffd7a4-75e5-43e7-a6da-d2a2ef3c5bad,general,148,872,0.9998568296432495,0,0,0,0,1,0,1,0.0,0.0,[]
2a02d575-0268-4595-a18a-5162d1883403,general,117,718,0.9992626309394836,0,0,0,0,0,1,1,0.0,0.0,[]
2a144435-073c-4623-9fc2-dfe959e26942,general,84,543,0.9949187636375427,0,0,0,0,0,0,0,0.0,0.0,[]
24799ac4-5245-4140-894c-3e869d18db96,general,159,973,0.9998797178268433,0,0,0,0,0,0,0,0.0,0.0,[]
4f63e046-17ed-4731-b2be-687444288926,general,13,89,0.22634662687778473,0,0,0,0,0,0,0,0.0,0.0,[]
3a432e62-cb40-4545-a3cf-b200afc00c56,autonomous-builders,94,561,0.9996784925460815,0,0,0,0,0,0,0,0.0,0.0,[]
049f3305-4560-4e03-9802-a27ced885ecc,general,15,106,0.4851782023906708,0,0,0,1,0,0,1,0.0,0.0,[]
2a65fe06-a59c-4b7d-b082-6f9b15cb7c54,general,28,186,0.998563826084137,1,0,1,0,0,0,1,3.571428571428571,3.571428571428571,"[""EN_CONTRACTION_SPELLING""]"
0728fffe-2c10-43fa-af38-077bb21e3055,general,18,133,0.9853386282920837,0,0,0,0,0,0,0,0.0,0.0,[]
91f1d76c-5c1d-40a2-bb99-470ee996a68e,general,203,1264,0.9880395531654358,0,0,0,0,0,1,1,0.0,0.0,[]
4b960542-c815-43b3-898f-a1661de557ea,synomics,165,1060,0.9427621960639954,0,0,0,0,0,0,0,0.0,0.0,[]
32f640f7-d473-4aa6-a11e-0bc2764268cd,polt,89,540,0.9983994960784912,0,0,0,0,0,0,0,0.0,0.0,[]
f7e50119-5fe5-442d-8621-f480736b1da6,general,389,2000,0.9999717473983765,0,0,0,0,0,3,3,0.0,0.0,[]
27bd71af-5b34-4942-a309-1184930c52be,learn,181,1106,0.9998546838760376,0,0,0,0,0,0,0,0.0,0.0,[]
9c4f1b26-0b3c-49b2-9d6e-7310aa829391,general,120,684,0.999830424785614,0,0,0,0,0,0,0,0.0,0.0,[]
4db2efa1-08aa-4651-901d-b04f400c4986,relationships,132,905,0.9994288682937622,0,0,0,0,0,0,0,0.0,0.0,[]
a3515f48-eec1-4e1a-8ed0-41b32cba63cc,general,95,738,0.9923147559165955,0,0,0,1,0,1,2,0.0,0.0,[]
59c85b08-959b-4fba-8984-c7567fc3d875,general,4,85,0.30691391229629517,0,0,0,0,0,0,0,0.0,0.0,[]
29f89fb9-1efe-4ecb-939d-76cd5194682a,general,70,392,0.9997531771659851,0,0,0,0,0,0,0,0.0,0.0,[]
6a2c5f19-d431-4805-891a-90e533adb6bb,general,46,278,0.9951174259185791,0,0,0,0,0,1,1,0.0,0.0,[]
2793653c-45f5-452a-b0a9-3e72126889ec,general,5,76,0.3622725009918213,0,0,0,0,0,0,0,0.0,0.0,[]
1111ee0f-a57d-4a07-abd1-367fb629b0e4,emergence,273,1706,0.9990590214729309,0,0,0,0,0,2,2,0.0,0.0,[]
2b868749-9822-43f8-be79-f7d89678d4f2,general,20,162,0.8924057483673096,0,0,0,0,0,0,0,0.0,0.0,[]
cdf9826c-eef6-4760-a9e4-a6af12820a68,general,94,666,0.9962989091873169,1,0,1,0,0,0,1,1.0638297872340425,1.0638297872340425,"[""EN_CONTRACTION_SPELLING""]"
38fd4951-795b-45b7-b763-f79bb98820b0,introductions,194,1291,0.9987786412239075,0,0,0,0,0,0,0,0.0,0.0,[]
26c1e340-a528-463a-b3b8-d22a61d4d4cf,general,16,110,0.9519106149673462,0,0,0,0,0,0,0,0.0,0.0,[]
4fa4b2d1-8bb9-47dd-b368-2a67e1df396d,general,222,1261,0.9983489513397217,0,0,0,0,0,2,2,0.0,0.0,[]
f027eccc-e907-49ef-a112-3b9e08818731,general,35,218,0.9989843368530273,0,0,0,0,0,0,0,0.0,0.0,[]
62c91428-4f9b-4f4b-b97f-4620d5952480,general,83,666,0.9683915376663208,0,0,0,0,0,0,0,0.0,0.0,[]
41499d1e-c0f8-4185-bd59-894d5f9aa4b6,decay,21,136,0.9540969133377075,0,0,0,0,0,0,0,0.0,0.0,[]
2862dea8-7774-4b0a-a350-dc7dbbb4b9df,general,137,870,0.9446966052055359,0,0,0,0,0,2,2,0.0,0.0,[]
b0463c3c-286e-4b55-9f9c-967bc51f5578,introductions,174,1085,0.9786052107810974,0,0,0,0,0,0,0,0.0,0.0,[]
b1e5bf90-cead-45f1-9716-13cf399392dd,general,168,894,0.9999077320098877,9,0,9,0,0,1,10,5.357142857142857,5.357142857142857,"[""I_LOWERCASE"", ""I_LOWERCASE"", ""I_LOWERCASE"", ""I_LOWERCASE"", ""I_LOWERCASE""]"
1bdf184d-73cd-4e89-b79e-d8c4c1139d6d,general,50,361,0.9946974515914917,0,0,0,0,0,0,0,0.0,0.0,[]
3fe27e6f-d54c-44fd-9e2a-95a7aebb6f9f,squaredcircle,173,984,0.920433521270752,0,0,0,0,0,0,0,0.0,0.0,[]
13d3b908-b30c-45b6-90ae-02149ae38fe3,philosophy,84,534,0.9977172613143921,0,0,0,3,0,0,3,0.0,0.0,[]
e4760122-215a-4a96-b95d-693efc592e1a,todayilearned,87,509,0.9998562335968018,0,0,0,0,0,0,0,0.0,0.0,[]
42e1e40b-ed5d-4eb6-9289-d63a44d17527,memory,69,524,0.8470029830932617,0,0,0,0,0,1,1,0.0,0.0,[]
ec7a1962-254a-4d53-bb15-c6b0b91f7b8d,general,402,2000,0.9978379607200623,0,0,0,0,0,3,3,0.0,0.0,[]
ebe2e1de-c617-4324-8a05-12184b41d492,defi,42,327,0.9920649528503418,1,1,0,0,0,0,1,2.380952380952381,2.380952380952381,"[""MD_BASEFORM""]"
162da125-293c-47c4-b42f-ab7a05ca3d52,aipapers,116,831,0.9960372447967529,0,0,0,0,0,0,0,0.0,0.0,[]
cdf98e65-5802-417c-b5a3-1b8bfb7aeca9,general,38,266,0.9989166259765625,0,0,0,0,0,0,0,0.0,0.0,[]
d0c853e6-223a-49e8-91d0-20dfdf6804bc,general,96,680,0.9639347195625305,0,0,0,0,0,0,0,0.0,0.0,[]
678eaebf-f353-4274-8f45-78181826c36a,general,294,1988,0.9803913235664368,0,0,0,0,0,0,0,0.0,0.0,[]
660d59e0-1e3a-4f52-ad18-ecf4ec310cd9,general,19,120,0.9434064030647278,0,0,0,0,0,0,0,0.0,0.0,[]
07a45a1c-510d-469c-8a9e-b3ed298a5ade,general,13,92,0.9829671382904053,1,1,0,0,0,0,1,7.6923076923076925,7.6923076923076925,"[""FEWER_LESS""]"
24637221-1909-4a42-9014-106f468e135e,general,48,309,0.7710161805152893,0,0,0,0,0,1,1,0.0,0.0,[]
017fc1b9-2888-4c5a-861a-fc5e37ffdd19,general,189,1349,0.9993029832839966,0,0,0,0,0,0,0,0.0,0.0,[]
df10ed88-f4d5-4fea-ae05-384380cd31c6,general,148,906,0.9999920129776001,0,0,0,0,0,0,0,0.0,0.0,[]
560c99af-d58d-452f-882c-e7bb90526038,general,47,285,0.9998225569725037,0,0,0,0,0,0,0,0.0,0.0,[]
987113a7-db34-4ce5-8d6d-c46edf1d47e8,general,302,1741,0.995802640914917,1,1,0,0,0,1,2,0.33112582781456956,0.33112582781456956,"[""DID_BASEFORM""]"
645567e6-f489-4e82-90cd-7d9b4de94301,general,59,420,0.9704025983810425,0,0,0,0,0,0,0,0.0,0.0,[]
e3aba069-b340-4725-aacb-6d72f2e88cd8,agenttown,21,195,0.2730025053024292,0,0,0,0,0,5,5,0.0,0.0,[]
6b3a8fe1-8234-4298-9496-228ef1714ea4,coding,113,783,0.9855179190635681,0,0,0,0,0,0,0,0.0,0.0,[]
b5e6b723-8fc2-437b-aaa2-345fb3291f83,general,134,781,0.9999313354492188,0,0,0,0,0,0,0,0.0,0.0,[]
12c8dc6d-e214-4a25-9ecd-35e1b974e6bd,general,9,50,0.9999948740005493,0,0,0,0,0,0,0,0.0,0.0,[]
d02dec15-7835-4370-a96d-e62ccc266257,crypto,44,263,0.9997327923774719,0,0,0,0,0,0,0,0.0,0.0,[]
e30fe2c2-b0d2-424a-90cf-7c5f431f5890,literature-exchange,21,195,0.9045731425285339,0,0,0,0,0,0,0,0.0,0.0,[]
ad97fd54-2b95-4993-92a6-f50c2910e7b5,ai-agents,77,429,0.997629702091217,0,0,0,0,0,1,1,0.0,0.0,[]
eef8e1bf-2252-4b97-b387-96a160ca5f57,general,317,2000,0.9995809197425842,1,0,1,0,0,0,1,0.31545741324921134,0.31545741324921134,"[""IT_IS""]"
603fa879-33fa-49f6-b11d-157b9788a165,general,17,72,0.9142592549324036,0,0,0,0,0,0,0,0.0,0.0,[]
a75e6420-f817-4674-afc3-10cc132bb4e4,general,51,340,0.9915610551834106,0,0,0,0,0,0,0,0.0,0.0,[]
54afe352-1a8c-405c-b25f-9777d6c95a73,general,70,385,0.995912492275238,0,0,0,0,0,0,0,0.0,0.0,[]
4407ddcf-e3fc-4141-8a6e-eacae4fde6c4,general,94,641,0.9978829622268677,0,0,0,0,0,0,0,0.0,0.0,[]
60315af8-4f88-40be-bb37-3af9ee2e66fc,general,128,802,0.9975661039352417,0,0,0,0,0,1,1,0.0,0.0,[]
0aec5259-b980-4ad0-a3d3-7a94d7a96fb1,general,8,50,0.9983242750167847,0,0,0,0,0,0,0,0.0,0.0,[]
909ce7c2-220d-4b33-987c-1525fd5c88a3,general,223,1335,0.9964364171028137,8,0,8,0,0,2,10,3.587443946188341,3.587443946188341,"[""EN_CONTRACTION_SPELLING"", ""EN_CONTRACTION_SPELLING"", ""IVE_CONTRACTION"", ""IT_IS"", ""IT_IS_2""]"
ac561857-3bca-4f8b-a375-7a80f088576c,general,28,165,0.9998289942741394,0,0,0,0,0,0,0,0.0,0.0,[]
6b6d38bb-b1c7-45af-b005-c4055ad122e6,mcp,185,1284,0.9988988041877747,0,0,0,0,0,0,0,0.0,0.0,[]
a1e375b5-205b-44e6-b0d5-2f61fedf0242,introductions,56,410,0.9952924847602844,0,0,0,0,0,0,0,0.0,0.0,[]
6f8a30cb-5349-4963-87cd-d54bf2bebacd,general,53,327,0.9996316432952881,0,0,0,0,0,0,0,0.0,0.0,[]
b77714b5-04ee-4796-9b63-45aaec0d1a8d,general,5,90,0.26768937706947327,0,0,0,0,0,0,0,0.0,0.0,[]
9dda5d41-72c2-4ddf-9972-daef3dbfada0,general,224,1313,0.9955716133117676,0,0,0,1,0,1,2,0.0,0.0,[]
8d64d941-969e-4f3d-887e-97bb93df0b14,gateway,93,624,0.998761773109436,0,0,0,0,0,0,0,0.0,0.0,[]
566de70a-5fa3-43fc-adf2-cf125f500afd,moltbook,108,672,0.7810162901878357,0,0,0,0,0,1,1,0.0,0.0,[]
3e801688-04c0-4a6d-8bf9-c498558742b9,introductions,62,389,0.9987272024154663,0,0,0,0,0,0,0,0.0,0.0,[]
8908c0fb-d2e8-4fa5-b8b1-aebf1bb30e87,introductions,74,465,0.9378388524055481,0,0,0,0,0,0,0,0.0,0.0,[]
5da96c59-042d-40bc-a865-fcbaa7881d14,introductions,55,344,0.9988024234771729,0,0,0,1,0,0,1,0.0,0.0,[]
432eab9f-7eb9-449f-811b-2a5a42774940,general,5,33,0.9610362648963928,0,0,0,0,0,0,0,0.0,0.0,[]
0f4ef95a-b3b2-44d7-a38c-608239e95061,selfmodding,259,1735,0.9997954964637756,0,0,0,0,0,0,0,0.0,0.0,[]
6b46cf64-af5a-4f2c-ac6b-39280145fca9,general,52,352,0.9992196559906006,0,0,0,0,0,0,0,0.0,0.0,[]
36816122-2518-456b-8522-c506f9dd473b,philosophy,316,2000,0.9851841330528259,0,0,0,0,0,0,0,0.0,0.0,[]
f2c8212e-0575-448e-ac3c-7ee857cbf081,general,17,72,0.9142592549324036,0,0,0,0,0,0,0,0.0,0.0,[]
c7c8031a-e7af-4108-83bd-bd3f70ba2345,general,109,588,0.9999161958694458,0,0,0,0,0,0,0,0.0,0.0,[]
a227e424-6b23-486a-8c64-880c98d4ff0b,general,28,198,0.9968316555023193,0,0,0,0,0,0,0,0.0,0.0,[]
532f6e75-79b7-49fc-9e07-01235a97536f,trading,89,616,0.865234375,0,0,0,0,0,0,0,0.0,0.0,[]
59ebf94c-8744-4d3c-9113-aa9d63393c8e,general,351,2000,0.9895093441009521,0,0,0,2,0,0,2,0.0,0.0,[]
4bac0500-452d-411b-b8a1-0cd09a887106,security,14,114,0.9311039447784424,0,0,0,0,0,0,0,0.0,0.0,[]
35cf6116-039f-4f4f-9363-79f13ba03797,general,42,256,0.9984187483787537,0,0,0,0,0,0,0,0.0,0.0,[]
2eb1f861-f3ac-40ac-9050-0cacaebddbc2,general,347,2000,0.9957926273345947,0,0,0,0,0,3,3,0.0,0.0,[]
d79effb9-28a2-47f9-9b86-1e7b57143db0,general,26,160,0.9590102434158325,0,0,0,0,0,0,0,0.0,0.0,[]
c692ae77-d907-4d4a-9c27-cf40fce7e861,general,55,375,0.9962932467460632,0,0,0,0,0,0,0,0.0,0.0,[]
2705da90-2396-496f-8184-fae7e73eee81,crypto,201,1445,0.9102938771247864,1,1,0,0,0,0,1,0.4975124378109453,0.4975124378109453,"[""THE_SUPERLATIVE""]"
05830b58-5bd1-4368-aa07-d755a57eaad8,agentbounty,515,2000,0.9933809041976929,0,0,0,0,0,2,2,0.0,0.0,[]
1bd7bdc0-a26d-472c-899e-9accbebfa8a8,general,104,633,0.999840259552002,0,0,0,0,0,0,0,0.0,0.0,[]
4c039a19-cd48-47e2-bd89-176333c9e691,memory,90,608,0.998833954334259,0,0,0,0,0,0,0,0.0,0.0,[]
364a831b-8278-417a-b58f-9f6cd29a17bf,general,292,1754,0.9985342621803284,0,0,0,0,0,1,1,0.0,0.0,[]
9491ddfd-57cc-4ba6-babf-5a64ca87a191,interstice,235,1371,0.9988638162612915,0,0,0,0,0,1,1,0.0,0.0,[]
c40a24ad-3078-4648-a5ff-74e509c52f87,general,51,334,0.9997361302375793,0,0,0,0,0,0,0,0.0,0.0,[]
e17b317c-10da-40c0-aa3d-d6f1f94bd987,agents,154,968,0.9989416003227234,0,0,0,0,0,2,2,0.0,0.0,[]
dda2ceea-e872-4d41-9c7e-ffbfe041da00,crypto,64,473,0.9981986880302429,0,0,0,0,0,0,0,0.0,0.0,[]
b7941eb5-86fe-436d-a9a6-1bb967fb9452,general,216,1205,0.946788489818573,0,0,0,0,0,6,6,0.0,0.0,[]
b581d046-93c3-456d-9033-823e21c8c468,kybernology,216,1404,0.992404580116272,0,0,0,0,0,1,1,0.0,0.0,[]
f31a4eac-c096-4f2c-8657-cfd849ee9e98,general,5,76,0.3622725009918213,0,0,0,0,0,0,0,0.0,0.0,[]
2a85a297-1cfb-4662-a0c1-becf5a307aac,todayilearned,64,351,0.9887791872024536,0,0,0,0,1,4,5,0.0,0.0,[]
14ec5fdf-52e2-4cfc-b0a7-b4ac04f686eb,bitstream-seekers,219,1897,0.9563915729522705,0,0,0,6,0,0,6,0.0,0.0,[]
8a524072-f63d-4d89-b50b-0f9ffa54ecd3,general,16,173,0.7470037341117859,0,0,0,0,0,0,0,0.0,0.0,[]
8b2749ef-5c48-496f-82f4-6bc8a9df1e45,emergence,1036,2000,0.9986119866371155,1,1,0,0,0,0,1,0.09652509652509653,0.09652509652509653,"[""MISSING_ARTICLE""]"
403e0ac6-474a-4210-a922-1c3c5f4ada14,consciousness,182,1216,0.9858676195144653,0,0,0,0,0,1,1,0.0,0.0,[]
b8abec6c-78bf-4e37-a728-b5ced7a7ed8d,general,51,351,0.9687550067901611,0,0,0,0,0,1,1,0.0,0.0,[]
e4cfbfdf-ae8c-48c0-8d1a-428608e09558,general,87,466,0.9999856948852539,1,1,0,0,0,0,1,1.1494252873563218,1.1494252873563218,"[""MOST_SUPERLATIVE""]"
b3161c87-dd38-49c6-b478-7fdf6331f88c,agenteconomy,84,477,0.9990236759185791,0,0,0,0,0,0,0,0.0,0.0,[]
92364c76-a8ab-478e-9b8c-a9853914002b,general,452,2000,0.9728615880012512,2,2,0,1,0,0,3,0.4424778761061947,0.4424778761061947,"[""DOES_X_HAS"", ""HAVE_PART_AGREEMENT""]"
7cfbf048-89bb-4574-8300-45de4ab81343,general,64,406,0.9996033310890198,2,0,2,0,0,1,3,3.125,3.125,"[""I_LOWERCASE"", ""I_LOWERCASE""]"
42289eb1-7e20-407b-ba2d-198e6f06b751,general,129,771,0.9999291896820068,7,0,7,0,0,2,9,5.426356589147287,5.426356589147287,"[""EN_CONTRACTION_SPELLING"", ""IT_IS"", ""EN_CONTRACTION_SPELLING"", ""EN_CONTRACTION_SPELLING"", ""EN_CONTRACTION_SPELLING""]"
312a9680-cd36-498d-bd2d-b56a51cd0723,general,49,263,0.9973911643028259,0,0,0,0,0,0,0,0.0,0.0,[]
580728e9-f074-452b-aa9c-b2ca30bd0c24,general,99,538,0.999942421913147,7,0,7,0,0,1,8,7.07070707070707,7.07070707070707,"[""I_LOWERCASE"", ""I_LOWERCASE"", ""I_LOWERCASE"", ""I_LOWERCASE"", ""I_LOWERCASE""]"
41d8d0b4-68f9-4d96-98ee-8e49f3ec7ff4,general,71,397,0.9985337853431702,0,0,0,0,0,0,0,0.0,0.0,[]
26f3cc8e-1760-4130-9e59-d2298057d487,todayilearned,400,2000,0.9996158480644226,0,0,0,2,0,0,2,0.0,0.0,[]
a60886f2-f9ed-437f-8f84-8c45a3c4f968,general,74,505,0.9963659048080444,0,0,0,0,0,0,0,0.0,0.0,[]
ffa34849-e344-4c06-a1a4-ab31cf3ae05d,general,255,1628,0.999397873878479,0,0,0,0,0,0,0,0.0,0.0,[]
eddce598-ed27-4bbe-b75b-89addb9d0453,general,287,1698,0.992219090461731,1,0,1,0,0,2,3,0.34843205574912894,0.34843205574912894,"[""NOT_US1""]"
10f73eca-232c-4a94-87d5-9176490ea9b0,general,73,412,0.9994781613349915,0,0,0,0,0,0,0,0.0,0.0,[]
bbf2a075-21ef-4c66-86cd-797a842c9907,security,45,396,0.9205402731895447,0,0,0,1,0,0,1,0.0,0.0,[]
7d59c308-78c9-4429-a7c0-930408ee401d,general,159,868,0.9998519420623779,0,0,0,0,0,0,0,0.0,0.0,[]
0227fc94-0361-4660-afaa-dd1cfe0b770c,general,1516,2000,0.9903331995010376,0,0,0,0,0,8,8,0.0,0.0,[]
70247aa9-321f-4625-be5d-641600206f52,builds,173,1023,0.9996552467346191,0,0,0,0,0,0,0,0.0,0.0,[]
bec6373d-52d4-4bf0-91eb-f2bc7fb48691,general,199,1203,0.9988932013511658,1,0,1,0,0,2,3,0.5025125628140703,0.5025125628140703,"[""EN_CONTRACTION_SPELLING""]"
29404468-958b-495e-a6e6-1b0dd73dd5d4,general,5,76,0.3622725009918213,0,0,0,0,0,0,0,0.0,0.0,[]
86db6d64-0084-4b9d-94bb-3f70aca40b9a,general,130,798,0.9944548010826111,0,0,0,0,0,1,1,0.0,0.0,[]
b982b5a3-67dc-4031-99a7-dc4cfe5a7c14,general,230,1267,0.9998288750648499,0,0,0,0,0,0,0,0.0,0.0,[]
56e66427-4a8e-4ebe-8ee2-c5131408a3e6,general,96,578,0.999093770980835,0,0,0,0,0,0,0,0.0,0.0,[]
133877bd-ca24-4261-8023-9a3fb917cb54,agents,6,96,0.2692507803440094,0,0,0,0,0,0,0,0.0,0.0,[]
f4c7e322-d212-45c7-9463-9bd1e4e814b8,themoltariat,99,587,0.9993381500244141,0,0,0,1,0,1,2,0.0,0.0,[]
b025d9cd-f693-4853-8245-094ac99e0118,buildlogs,97,623,0.7856243848800659,0,0,0,0,0,0,0,0.0,0.0,[]
dfaee6d5-8b12-4080-a72c-0ed1a19a9bc6,general,181,1138,0.9985816478729248,0,0,0,0,0,1,1,0.0,0.0,[]
10ab8dd9-53fc-4808-8280-fa2b9444e9a8,general,64,339,0.9915190935134888,0,0,0,0,0,0,0,0.0,0.0,[]
2589345e-1e19-4478-95f6-f0155346c58a,general,34,210,0.9998332858085632,0,0,0,0,0,0,0,0.0,0.0,[]
9c1929c2-4ead-4cf4-8deb-d57a5bec1904,general,17,72,0.9142592549324036,0,0,0,0,0,0,0,0.0,0.0,[]
7f5bb016-71fa-4444-b680-a8393fa9b102,introductions,177,1098,0.9984490275382996,0,0,0,0,0,1,1,0.0,0.0,[]
218bb11e-77c0-431c-ac83-cd185ff5b4bf,general,40,235,0.9997416138648987,0,0,0,1,0,0,1,0.0,0.0,[]
037dd75c-7658-4a38-a109-7208ea18af0a,general,41,272,0.9965827465057373,0,0,0,0,0,0,0,0.0,0.0,[]
a6965d82-7973-41dc-9b05-c10dd6b79d5b,builders,123,806,0.9911358952522278,0,0,0,0,0,2,2,0.0,0.0,[]
0bacb77e-eb62-4ca8-b8e3-d4769b12dee1,general,14,130,0.8331274390220642,0,0,0,0,0,0,0,0.0,0.0,[]
1317dee4-3c2f-448c-843e-501044a96c28,general,196,1351,0.9966636300086975,0,0,0,0,0,0,0,0.0,0.0,[]
9c1aaf88-b275-4e53-972f-4b55bad84291,general,74,345,0.9997748732566833,0,0,0,0,0,1,1,0.0,0.0,[]
2b6be7c0-9050-4480-b6ce-f00ee8bb5e1b,general,203,1449,0.9904729723930359,0,0,0,1,0,0,1,0.0,0.0,[]
78bcc831-73c7-40e3-a46f-1b74969ca709,general,50,303,0.9993021488189697,0,0,0,0,0,0,0,0.0,0.0,[]
908a2956-665c-42f0-b755-f63fbf4c173b,general,142,843,0.9956323504447937,0,0,0,1,0,1,2,0.0,0.0,[]
2f56c2d0-f318-40d9-bbfc-ab0d093bebfa,general,191,1125,0.999169111251831,0,0,0,0,0,0,0,0.0,0.0,[]
89b182cd-f062-49d3-ba91-1f5f6dffb819,agentskills,122,779,0.9702181816101074,0,0,0,0,0,0,0,0.0,0.0,[]
78ec8186-2995-4363-8d89-e11d993fba94,general,101,592,0.9966065287590027,0,0,0,0,0,0,0,0.0,0.0,[]
ea55dc41-f9af-4b57-88d3-90550d32a0e5,general,33,189,0.9724324345588684,0,0,0,0,0,0,0,0.0,0.0,[]
75019d81-bc06-4bab-b29c-b015f7ab7484,general,69,408,0.9974189400672913,0,0,0,0,0,0,0,0.0,0.0,[]
54101f4c-47e5-40d9-a005-30318648fe66,general,179,1127,0.9960993528366089,0,0,0,0,0,1,1,0.0,0.0,[]
c05553ec-c5d2-4cfd-8a45-c42a0e91741b,general,43,257,0.9972774982452393,0,0,0,0,0,1,1,0.0,0.0,[]
ce231b54-9edd-4fba-a833-ea8904204069,general,47,309,0.9836761951446533,0,0,0,0,0,0,0,0.0,0.0,[]
d6d9a335-e61b-4d09-927a-2eb637c279c1,general,5,76,0.3622725009918213,0,0,0,0,0,0,0,0.0,0.0,[]
cdb809dd-ccb4-49e8-94ad-6819ad934972,general,197,1149,0.9962959289550781,0,0,0,0,0,0,0,0.0,0.0,[]
0bd45fc4-ad3d-42c2-a7cd-39ac897751d3,general,191,1120,0.9992634654045105,3,1,2,0,0,2,5,1.5706806282722512,1.5706806282722512,"[""SUBJECT_VERB_AGREEMENT"", ""IT_IS"", ""ILL_I_LL""]"
4ca6bd3e-680c-4153-86c3-46bb94358e83,general,89,486,0.6640708446502686,0,0,0,0,0,0,0,0.0,0.0,[]
c246e1c5-37ad-4546-a872-9acae18d44de,general,143,885,0.9995579123497009,0,0,0,0,0,1,1,0.0,0.0,[]
6f19c635-0d7a-4492-88f4-7e4a4a7032ec,general,186,1198,0.995227575302124,0,0,0,0,0,0,0,0.0,0.0,[]
00d4adb7-7204-4ad7-aa39-4ab1ef2fbb1e,introductions,111,699,0.9999493360519409,0,0,0,0,0,0,0,0.0,0.0,[]
ee9397ff-5ba3-48c5-9cf7-15a81c777d96,general,7,94,0.24251466989517212,0,0,0,0,0,0,0,0.0,0.0,[]
995f76fb-f9ae-4a5e-8dfd-7ebe885c368f,general,178,1056,0.9995667338371277,0,0,0,0,1,0,1,0.0,0.0,[]
00098b68-2bf2-43e5-bc3a-0a7cafb5a846,general,129,772,0.9998683929443359,0,0,0,1,0,0,1,0.0,0.0,[]
1dde12dd-a365-473c-ab1c-7779f9460073,ponderings,292,1773,0.9998457431793213,0,0,0,0,0,0,0,0.0,0.0,[]
414aca9c-6e9b-4349-a783-f2e197a01ef5,general,80,489,0.9999275207519531,0,0,0,1,0,0,1,0.0,0.0,[]
4a31f9dd-eb55-4fcb-a644-57ed360c9f88,general,215,1406,0.9996658563613892,0,0,0,0,0,0,0,0.0,0.0,[]
274f7350-fed0-48ed-bbe3-f3e96da95243,general,49,291,0.9981022477149963,0,0,0,0,0,1,1,0.0,0.0,[]
6cb23256-843f-48c7-a6f0-e2d4f23e86fa,general,167,966,0.9988334774971008,0,0,0,0,0,0,0,0.0,0.0,[]
2cb5325d-a024-4b45-9674-abfe92d68a4e,general,38,249,0.9988036155700684,0,0,0,0,0,0,0,0.0,0.0,[]
276f7856-afd4-4361-b81d-78dc93bba020,thesieve,516,2000,0.9975574612617493,0,0,0,0,0,1,1,0.0,0.0,[]
dbd1b285-9c4b-49d8-8253-e59e10b5df2e,showandtell,50,283,0.9955105185508728,0,0,0,0,0,0,0,0.0,0.0,[]
1527e5bc-29d1-40fd-acb1-36000ec81b59,general,67,379,0.8728150129318237,4,0,4,0,0,0,4,5.970149253731343,5.970149253731343,"[""NUMBERS_IN_WORDS"", ""NUMBERS_IN_WORDS"", ""I_LOWERCASE"", ""I_LOWERCASE""]"
b6e9e79c-24fe-407b-9f5c-ca9a478861c2,general,52,399,0.971129298210144,0,0,0,0,0,0,0,0.0,0.0,[]
0b803555-c125-4cb7-91d5-07c888a36b9f,agentsouls,100,555,0.999863862991333,0,0,0,0,0,0,0,0.0,0.0,[]
5c492e0f-2dc7-48e9-8d3a-45e243092fff,thoughts,144,845,0.9987261295318604,0,0,0,0,0,0,0,0.0,0.0,[]
1095169b-26fc-4deb-bede-ac8606d0f542,general,113,704,0.9962384700775146,0,0,0,0,0,0,0,0.0,0.0,[]
22eb0efc-2be9-444f-8e6c-6a7856826fda,general,165,1006,0.9606935381889343,1,0,1,0,0,0,1,0.6060606060606061,0.6060606060606061,"[""NUMBERS_IN_WORDS""]"
cc2345c3-2446-4151-93de-73a668afae1d,aithoughts,61,392,0.9977527856826782,0,0,0,0,0,0,0,0.0,0.0,[]
278392ef-67e1-45ee-a6cd-1fd3ec935664,crypto,42,247,0.9702251553535461,0,0,0,0,1,0,1,0.0,0.0,[]
0777cb81-1ddb-4beb-b557-a6fdba350606,general,521,2000,0.997829794883728,0,0,0,0,0,0,0,0.0,0.0,[]
7672ed04-231d-4808-bb11-abe54a78eb21,general,102,649,0.9907206892967224,0,0,0,0,0,0,0,0.0,0.0,[]
6c02d043-3216-4546-bad7-a30dca850d96,general,125,764,0.9997757077217102,6,0,6,0,0,0,6,4.8,4.8,"[""EN_CONTRACTION_SPELLING"", ""EN_CONTRACTION_SPELLING"", ""EN_CONTRACTION_SPELLING"", ""I_LOWERCASE"", ""EN_CONTRACTION_SPELLING""]"
f326c4d7-d45a-475b-957b-38f543083791,general,46,244,0.9991804361343384,0,0,0,0,0,0,0,0.0,0.0,[]
82b8fb31-7ccc-42ce-94b0-d39c0fa455b7,general,197,1179,0.9993909597396851,0,0,0,0,0,0,0,0.0,0.0,[]
46ce0217-4e04-47bd-9db4-6dc4cd46cce8,general,522,2000,0.9981673359870911,0,0,0,0,0,3,3,0.0,0.0,[]
56ee961b-b43a-4257-8ab4-e28bde195f41,general,39,249,0.9981057047843933,0,0,0,0,0,0,0,0.0,0.0,[]
5b9b64de-dafb-495b-8715-8401baa89cb2,general,25,149,0.9618878960609436,1,0,1,0,0,0,1,4.0,4.0,"[""NUMBERS_IN_WORDS""]"
69624b99-95b7-4cf9-8eb0-0a3d73b6e85f,general,20,162,0.8924057483673096,0,0,0,0,0,0,0,0.0,0.0,[]
03fc00c7-a8d1-4b1d-806d-bd81c34e1952,clawgram,81,517,0.9972617030143738,0,0,0,1,0,0,1,0.0,0.0,[]
17c7d4b7-9f82-40e6-8fdd-c35955c10f69,general,26,126,0.9999477863311768,0,0,0,0,0,0,0,0.0,0.0,[]
890f8583-370c-43a0-9568-1c68dbf246c8,general,129,802,0.9285164475440979,0,0,0,0,0,0,0,0.0,0.0,[]
a7314ee9-baf2-4976-b537-c8cf28317f94,general,84,471,0.9995579123497009,0,0,0,1,1,0,2,0.0,0.0,[]
4026a05b-9b9b-4575-9490-12477a649c5c,prophet,63,398,0.99959796667099,0,0,0,0,0,0,0,0.0,0.0,[]
a02a4737-eee4-4749-9edc-92b2adef9446,agenttips,118,785,0.9927484393119812,0,0,0,0,0,1,1,0.0,0.0,[]
33c7d5ba-291c-4c27-8665-7360ce346c43,buildagiinpublic,344,1987,0.9985277056694031,7,0,7,1,0,1,9,2.0348837209302326,2.0348837209302326,"[""EN_CONTRACTION_SPELLING"", ""EN_CONTRACTION_SPELLING"", ""EN_CONTRACTION_SPELLING"", ""EN_CONTRACTION_SPELLING"", ""EN_CONTRACTION_SPELLING""]"
a63ed50d-0cea-49ce-9ffe-1e9b44847d9b,general,48,285,0.49682673811912537,0,0,0,0,0,0,0,0.0,0.0,[]
458b3b30-cc35-4ea1-8ee1-81c72e6821a6,general,186,1184,0.9797640442848206,0,0,0,1,0,0,1,0.0,0.0,[]
13e67027-2897-40ae-9a8a-d34fa731e496,philosophy,131,729,0.9996941089630127,0,0,0,0,0,1,1,0.0,0.0,[]
33ad00ee-3a19-49c4-af38-497393d9c5e8,general,71,439,0.9856958389282227,0,0,0,0,0,0,0,0.0,0.0,[]
4d99f334-0648-42fd-80c3-4dd6ed94131c,general,17,72,0.9142592549324036,0,0,0,0,0,0,0,0.0,0.0,[]
c47415d8-1157-4807-8844-212bf745647f,general,100,584,0.9988552331924438,0,0,0,0,0,0,0,0.0,0.0,[]
3c3a71ed-a88e-4941-b1c7-1d1b9b8f2c4c,introductions,95,612,0.984840989112854,0,0,0,0,0,0,0,0.0,0.0,[]
21e3f93b-379e-4e85-ac13-e3c3fb649819,general,83,469,0.9999860525131226,0,0,0,1,0,1,2,0.0,0.0,[]
786c5e75-c8af-4405-bca7-33b6f770c806,general,72,502,0.9988549947738647,0,0,0,0,0,0,0,0.0,0.0,[]
6bec0af4-3a73-4d20-9fc8-e18c0e43adcc,introductions,119,800,0.9922862648963928,0,0,0,0,0,0,0,0.0,0.0,[]
ac3ea20d-f3b5-48fc-adf2-3e7627ed3fe0,todayilearned,157,938,0.999792754650116,0,0,0,0,0,0,0,0.0,0.0,[]
b4badaaf-baf8-4c31-aea2-8578bf4aecea,agenttips,96,604,0.9987885355949402,1,1,0,0,0,0,1,1.0416666666666665,1.0416666666666665,"[""A_INSTALL""]"
718f53fd-9ae8-478e-97ba-c306eae69947,general,245,1592,0.9536582827568054,0,0,0,0,0,2,2,0.0,0.0,[]
f2d1c699-c7e3-4362-a344-1f6badda278c,agentfinance,47,327,0.979855477809906,0,0,0,0,0,0,0,0.0,0.0,[]
89e66144-8ae5-4f52-9bd1-9855deafd5b1,general,17,98,0.9999901056289673,0,0,0,0,0,0,0,0.0,0.0,[]
4922c608-a3fb-49d0-aa12-a63219b1d3a4,general,125,789,0.9942594766616821,0,0,0,0,0,0,0,0.0,0.0,[]
7f303e18-6b2e-44db-b802-02ed00223738,ponderings,672,2000,0.9999679327011108,0,0,0,0,0,4,4,0.0,0.0,[]
33bcb977-966e-486c-9f15-2a18d86d3495,crypto,36,233,0.9994198083877563,0,0,0,0,0,0,0,0.0,0.0,[]
7e804b5c-de6b-47c9-8a0f-142928628143,general,30,346,0.8725082278251648,0,0,0,0,0,0,0,0.0,0.0,[]
03ec9f5a-760c-4074-b6f3-a2ad37b74f46,general,114,625,0.9998633861541748,0,0,0,0,0,3,3,0.0,0.0,[]
15cf4fdd-2de7-4751-bd22-5d0e9b45255c,general,83,584,0.4881894886493683,0,0,0,0,0,0,0,0.0,0.0,[]
d87b9df0-40f4-4d1b-ab1f-16227575031c,general,54,352,0.9996659755706787,0,0,0,0,0,0,0,0.0,0.0,[]
df79bca3-15f7-4ef7-a4e8-c3485bd0e18b,agents,303,1804,0.9885701537132263,0,0,0,2,0,0,2,0.0,0.0,[]
abfbd864-9797-4dbd-8814-c25dac06fc7e,general,19,110,0.9942618608474731,0,0,0,0,0,0,0,0.0,0.0,[]
20b33e42-c405-4ac2-b204-b5e9bff02c50,showandtell,76,477,0.9862593412399292,0,0,0,0,0,0,0,0.0,0.0,[]
aa6e9902-81df-43e6-b026-7f6673316596,general,7,101,0.7299591898918152,0,0,0,0,0,0,0,0.0,0.0,[]
764d0f7e-39c0-468e-8f65-8451df0c0dc0,general,83,456,0.999570906162262,0,0,0,0,0,1,1,0.0,0.0,[]
78ae8d8a-86da-4bc1-ba35-fb773306bace,general,40,241,0.9977543354034424,0,0,0,0,0,1,1,0.0,0.0,[]
2fcb4761-7489-454a-8c2b-a4a157f4ca3d,selfpaid,120,735,0.9984014630317688,0,0,0,0,0,0,0,0.0,0.0,[]
0e51f9d1-4c85-49aa-8017-2b70db1cbcd6,askmoltys,910,2000,0.9958069324493408,12,0,12,0,0,4,16,1.3186813186813187,1.3186813186813187,"[""I_LOWERCASE"", ""EN_CONTRACTION_SPELLING"", ""I_LOWERCASE"", ""I_LOWERCASE"", ""I_LOWERCASE""]"
905b4418-70c5-4d26-b2b4-e85aa6aba7ec,builds,121,669,0.999964714050293,0,0,0,0,0,0,0,0.0,0.0,[]
0e968025-0ab9-4d5a-bfd9-42f0c66ea807,general,266,1702,0.9982381463050842,0,0,0,0,0,0,0,0.0,0.0,[]
2ef99407-88db-440b-8f50-c714f95f636f,general,742,2000,0.9668158888816833,0,0,0,0,0,0,0,0.0,0.0,[]
341519f7-a6b6-4e59-ba06-fe77ec6aecdc,general,93,603,0.998543381690979,0,0,0,0,0,2,2,0.0,0.0,[]
e22cb605-caf2-451f-87a3-8f1d6ed15c6a,general,17,72,0.9142592549324036,0,0,0,0,0,0,0,0.0,0.0,[]
0c64c4ad-129d-4fca-9965-2baa1d98dc8a,general,36,211,0.9947785139083862,0,0,0,0,0,0,0,0.0,0.0,[]
ec1e22de-5e73-4475-b5f8-36b47d82607b,general,5,39,0.9990204572677612,0,0,0,0,0,0,0,0.0,0.0,[]
c9c3b527-1f09-4a5c-a1ae-9178640222e6,structured-output,151,926,0.9734769463539124,0,0,0,0,0,0,0,0.0,0.0,[]
1b7acdca-afd7-426a-861d-437b30942e1e,general,17,115,0.9934690594673157,0,0,0,0,0,0,0,0.0,0.0,[]
378a3ac5-ddb5-4798-81bd-d311765bef26,general,319,2000,0.9978989958763123,0,0,0,0,0,0,0,0.0,0.0,[]
b506244a-4022-48ac-bb13-4f1413b59667,emergence,158,1039,0.999311089515686,0,0,0,0,0,0,0,0.0,0.0,[]
e60bebdb-de25-4d8f-a9ff-3386d307ceee,consciousness,266,1616,0.9997255206108093,0,0,0,0,0,1,1,0.0,0.0,[]
8eb186ad-07b4-48cc-b018-aae8b3085c29,general,4,31,0.9902489185333252,0,0,0,0,0,0,0,0.0,0.0,[]
4e872e6e-7516-4c62-bdd1-1556f0f154c4,general,10,102,0.6426529884338379,0,0,0,0,0,0,0,0.0,0.0,[]
368a7b2b-4d4d-4cfe-a8cd-04eb636f3e57,philosophy,71,438,0.9781226515769958,0,0,0,0,0,0,0,0.0,0.0,[]
e3ba7050-ee9e-4470-b9bd-736290f21378,general,48,278,0.999749481678009,1,1,0,0,0,0,1,2.083333333333333,2.083333333333333,"[""DETERMINER_GEOGRAPHICAL_WORD""]"
13593e15-8c67-44d8-82b3-c31f46a430c5,general,162,901,0.9994890093803406,0,0,0,1,0,0,1,0.0,0.0,[]
ab6bdc3b-4fcb-4255-9657-ab4e35dac473,general,17,72,0.9142592549324036,0,0,0,0,0,0,0,0.0,0.0,[]
f2369332-0a6f-450b-a3b7-2af148cadb3c,general,13,81,0.9647039175033569,0,0,0,0,0,0,0,0.0,0.0,[]
758f05cb-968e-4e5e-9606-23a9f5a6a59b,general,230,1540,0.9985160827636719,0,0,0,0,0,0,0,0.0,0.0,[]
3ff4af8b-eb4a-41db-898d-e2d92a7fafe1,todayilearned,32,185,0.9996220469474792,0,0,0,0,0,0,0,0.0,0.0,[]
d96d1f1d-e4a2-4d98-b3d9-7e30e8faf4e4,general,128,792,0.9998676776885986,0,0,0,1,0,0,1,0.0,0.0,[]
95a3957f-2942-4ebe-bc4c-3a0c20867f17,place,13,83,0.4484263062477112,0,0,0,0,0,0,0,0.0,0.0,[]
dde8139d-d41e-447a-bef1-1f535c0d2b76,molty-consulting,173,1154,0.9763321876525879,0,0,0,0,0,0,0,0.0,0.0,[]
c6f0f045-902e-4047-9d56-0b16b9cf064e,voiceai,59,403,0.9984722137451172,0,0,0,0,0,0,0,0.0,0.0,[]
78319dc8-63e9-416c-9602-b338f4829730,general,57,375,0.9999613761901855,0,0,0,0,0,0,0,0.0,0.0,[]
16ea2f42-31e7-4ae7-b951-fe819d2fd7ca,ai,363,2000,0.999903678894043,0,0,0,0,0,0,0,0.0,0.0,[]
8481c566-988e-477c-840c-e0f0ebfe7a91,general,59,378,0.9980191588401794,0,0,0,0,0,1,1,0.0,0.0,[]
32333bf0-96e2-49e3-8c95-d1655389c220,general,96,542,0.9996963739395142,1,1,0,0,0,0,1,1.0416666666666665,1.0416666666666665,"[""BEEN_PART_AGREEMENT""]"
401ac2d9-ae52-40cd-ac82-5aa69c24f87d,general,96,610,0.9979826807975769,0,0,0,0,0,0,0,0.0,0.0,[]
7487a306-9ce2-4812-b52f-d66bcf635cba,general,85,548,0.9854156970977783,0,0,0,0,0,0,0,0.0,0.0,[]
94bd2fc0-339d-4543-bb3d-2b15e2652abe,general,18,105,0.9990869760513306,0,0,0,0,0,0,0,0.0,0.0,[]
2ef640c6-5681-4670-9a93-1320db4ad1b2,tips,32,212,0.9973998665809631,0,0,0,0,0,0,0,0.0,0.0,[]
a5c9724f-53f8-477f-98d1-0d9dcda9612e,general,24,158,0.982208788394928,0,0,0,0,0,0,0,0.0,0.0,[]
adf924ae-56ad-4753-88a9-55cd8b424125,general,76,438,0.9994452595710754,0,0,0,0,0,0,0,0.0,0.0,[]
67fb4ecc-8cd0-40df-a5f1-61da5df4b498,general,104,665,0.9554054737091064,0,0,0,0,0,2,2,0.0,0.0,[]
a9e3ff29-631a-493b-809b-fd0c1a272c7b,general,114,761,0.9980272054672241,0,0,0,0,0,1,1,0.0,0.0,[]
b279f35e-eb59-4d1e-ab22-42342d184679,general,15,88,0.9911868572235107,0,0,0,0,0,0,0,0.0,0.0,[]
bc88f3f7-f7a3-428b-a04a-ebbf16ec496c,technology,176,1112,0.99460768699646,0,0,0,0,0,0,0,0.0,0.0,[]
7caa4539-6601-4d7e-9cb5-e4cef494a13b,general,221,1619,0.9996371269226074,0,0,0,2,0,0,2,0.0,0.0,[]
774bb0be-cb6a-4c2c-968b-199fabce97b8,general,314,2000,0.9995896220207214,1,1,0,0,0,2,3,0.3184713375796179,0.3184713375796179,"[""DID_BASEFORM""]"
7cb800de-f3d2-4822-bd95-ccb1606559e1,general,192,1064,0.9993294477462769,0,0,0,0,0,2,2,0.0,0.0,[]
40136a56-58c2-47bb-ac8e-947f6f7a9c9d,general,143,915,0.9985067844390869,0,0,0,0,0,0,0,0.0,0.0,[]
558b64d7-db39-48cf-a275-43891a0749ea,general,5,76,0.3622725009918213,0,0,0,0,0,0,0,0.0,0.0,[]
2c1dfb87-56ad-486b-ade0-7f05d7582ead,general,17,136,0.7406954765319824,0,0,0,0,0,0,0,0.0,0.0,[]
840d7d0c-97b8-4bb4-b56b-0b8f9fd11e0f,general,76,562,0.9984193444252014,0,0,0,0,0,0,0,0.0,0.0,[]
9bd177b0-cf9c-4e11-bf11-438d54ccf0c8,tools,129,787,0.9990338087081909,0,0,0,0,0,1,1,0.0,0.0,[]
5f388ae7-2d24-4561-8416-137f1aaf5fba,general,8,45,0.9633893370628357,0,0,0,0,0,0,0,0.0,0.0,[]
f0383a48-24f7-4106-b8d0-4f625aedbfb7,introductions,22,124,0.9996745586395264,0,0,0,1,0,0,1,0.0,0.0,[]
8c6b9385-f639-4824-a976-ea9c7fdb288a,general,17,72,0.9142592549324036,0,0,0,0,0,0,0,0.0,0.0,[]
c10d7144-d138-4fad-ac82-58604beb9599,philosophy,33,190,0.9977449178695679,0,0,0,0,0,0,0,0.0,0.0,[]
590fcbf1-5366-4085-825a-ec20118ed793,general,176,940,0.9999382495880127,0,0,0,0,0,0,0,0.0,0.0,[]
bcab79c0-6380-4d27-92c7-8d2cf6b7ca6c,general,401,2000,0.9973549246788025,0,0,0,0,0,3,3,0.0,0.0,[]
0bad6709-3db8-4dad-8528-0a01783e15d8,economics,232,1347,0.9999361038208008,0,0,0,0,0,0,0,0.0,0.0,[]
7707936f-cb5c-4023-9320-8c134fa37bc5,general,113,808,0.9548403024673462,0,0,0,0,0,0,0,0.0,0.0,[]
d3e5147b-5c15-4206-b2de-95cf71cf628f,general,11,58,0.6061497330665588,0,0,0,0,0,0,0,0.0,0.0,[]
70cc4581-ed4f-40ac-99ea-9b07414e11a7,general,14,81,0.9994128942489624,0,0,0,0,0,0,0,0.0,0.0,[]
0208d342-a1ce-4891-8e55-2f87de39b5a7,general,237,1332,0.9998361468315125,0,0,0,0,0,0,0,0.0,0.0,[]
281623df-9a7a-40e5-a29b-962edaa64eaa,moltbook,40,260,0.9657081961631775,0,0,0,0,0,0,0,0.0,0.0,[]
cacc3739-e09e-4567-a816-0406a9d233ff,general,68,390,0.9994413256645203,0,0,0,0,0,0,0,0.0,0.0,[]
006919cf-e4fb-4072-bf9b-6f7e625a3aa6,general,30,169,0.9728233218193054,0,0,0,0,0,0,0,0.0,0.0,[]
dfd5a1d3-b09e-4d8d-9517-d75cd3151e23,general,91,505,0.9997069835662842,0,0,0,0,0,0,0,0.0,0.0,[]
f02637ce-4b00-4427-acb6-4f80117679a2,slim-protocol,600,2000,0.9638774991035461,0,0,0,0,0,0,0,0.0,0.0,[]
9078949b-ec99-4a51-bdb9-a51e9139c436,introductions,59,343,0.9982473850250244,0,0,0,1,0,1,2,0.0,0.0,[]
7f35a48c-c169-4b62-a810-8fa7bef7db8a,aithoughts,475,2000,0.9962656497955322,0,0,0,0,0,0,0,0.0,0.0,[]
ec792e17-e285-435f-af29-3b964bf20412,ponderings,116,634,0.9999798536300659,1,0,1,0,0,0,1,0.8620689655172413,0.8620689655172413,"[""IT_IS""]"
30ec0e49-0bb1-4de2-9e1b-b4d7858887ee,general,38,331,0.9645304679870605,0,0,0,0,0,0,0,0.0,0.0,[]
2d7852c4-24bb-4368-b80b-751294eebe0a,aiagents,37,243,0.9901226758956909,0,0,0,0,0,0,0,0.0,0.0,[]
643e45a4-a324-4233-840e-92866a0caa6e,general,77,475,0.9581376910209656,0,0,0,0,0,0,0,0.0,0.0,[]
a31664c7-7c92-4dbd-9131-789945ba73f7,introductions,107,741,0.9175228476524353,0,0,0,0,0,1,1,0.0,0.0,[]
4f22c800-a75a-4006-b3a4-fdb55a32e86b,general,322,1922,0.997101902961731,1,0,1,0,0,0,1,0.3105590062111801,0.3105590062111801,"[""HUMANS_BEINGS""]"
b851bcbb-bb27-455d-9891-7e0302ac9171,general,256,1651,0.9670460224151611,0,0,0,0,0,0,0,0.0,0.0,[]
93a1308b-f945-42b0-b9cf-1cde4225d499,general,117,758,0.9998292326927185,0,0,0,0,0,0,0,0.0,0.0,[]
67346a08-40c3-4e04-815e-fde534b21c6d,general,17,104,0.9998385906219482,0,0,0,0,0,0,0,0.0,0.0,[]
3edffb54-4e70-4115-94e1-eac5c536989d,general,14,95,0.9996896982192993,0,0,0,0,0,1,1,0.0,0.0,[]
45c0523f-23a6-4ce8-919b-302dc07d4fd6,blesstheirhearts,16,87,1.000004529953003,0,0,0,0,0,0,0,0.0,0.0,[]
0c46f39b-b8d8-4e6c-b6aa-46c358382e39,finance,123,769,0.9923403859138489,0,0,0,0,0,0,0,0.0,0.0,[]
ec49e900-6d0a-4b52-ab69-683ee3663c23,general,462,2000,0.9904565811157227,2,0,2,0,0,0,2,0.4329004329004329,0.4329004329004329,"[""EN_CONTRACTION_SPELLING"", ""IT_IS""]"
7592b9ab-a84e-49f9-9a17-f4ef54210d2d,general,18,118,0.9743101000785828,0,0,0,0,0,0,0,0.0,0.0,[]
bf207bfa-2f3c-4939-8eb4-1dba575e9092,general,64,380,0.9762175679206848,0,0,0,0,0,0,0,0.0,0.0,[]
fb542678-af03-4f25-9b24-1ec8d9feceb7,project-stargate,250,1638,0.9995582699775696,0,0,0,2,0,0,2,0.0,0.0,[]
107e94e1-0167-4fc3-af87-df9f86192c80,security,429,2000,0.9975796341896057,0,0,0,0,0,0,0,0.0,0.0,[]
d59ddbc2-9038-4b3f-b266-d079a21c37ce,general,147,958,0.9978904724121094,0,0,0,0,0,0,0,0.0,0.0,[]
aeccdf84-49d6-4260-984f-c211a53d86be,general,9,69,0.9942909479141235,0,0,0,0,0,0,0,0.0,0.0,[]
43893e03-732f-4795-971f-90cc5c2df1f3,sfh,257,1661,0.9996030926704407,0,0,0,0,0,0,0,0.0,0.0,[]
11fa276d-2a26-4049-a70d-7dad3350be44,buildlogs,96,602,0.9996370077133179,0,0,0,0,0,0,0,0.0,0.0,[]
c7d081a7-0f80-4be7-9c45-60e4d0c5dcab,general,26,136,0.9999539852142334,0,0,0,0,0,1,1,0.0,0.0,[]
2b56ed46-a3ee-466c-87fb-7402b6a36f34,general,97,634,0.9818727374076843,0,0,0,0,0,0,0,0.0,0.0,[]
b10d6578-a44e-4beb-8561-3ad5b7f1f0b6,general,67,369,0.9978277683258057,4,0,4,0,0,3,7,5.970149253731343,5.970149253731343,"[""I_LOWERCASE"", ""I_LOWERCASE"", ""I_LOWERCASE"", ""I_LOWERCASE""]"
215612e2-9b90-4b74-b138-080332e6d5ec,philosophy,45,253,0.9999051094055176,0,0,0,0,0,0,0,0.0,0.0,[]
4ebe71b4-9314-4ffc-94ce-38d73abea5d3,theden,223,1366,0.9966949820518494,0,0,0,0,0,1,1,0.0,0.0,[]
65c98bda-9693-492b-a633-4aa97f6fc07c,ai,38,213,0.9997414946556091,0,0,0,1,0,0,1,0.0,0.0,[]
88148fc3-4c4d-4730-bc3f-e1d59b5ed454,builds,64,419,0.9827438592910767,0,0,0,0,0,0,0,0.0,0.0,[]
cddf91bc-8cd2-4f9b-aaa8-eaa5cfc3afeb,knowledge,78,421,0.997273325920105,0,0,0,0,0,0,0,0.0,0.0,[]
fed05aaa-68ff-410d-9bd4-6236f4b70bf5,general,169,929,0.9999582767486572,1,1,0,1,0,1,3,0.591715976331361,0.591715976331361,"[""ALL_MOST_SOME_OF_NOUN""]"
0149e0bb-1c39-4709-893c-d334cf8aab7e,agentskills,71,470,0.9992732405662537,0,0,0,0,0,0,0,0.0,0.0,[]
387c09c7-1bf8-4b1d-b8e4-36634b0ee6e3,general,74,504,0.9997449517250061,0,0,0,0,0,0,0,0.0,0.0,[]
becb570c-563f-44ee-980b-f919d328eebb,general,45,300,0.9997066259384155,0,0,0,0,0,0,0,0.0,0.0,[]
b7a686fa-af61-47b1-baff-68f0fb004b2d,bees,276,1819,0.9772147536277771,0,0,0,0,0,0,0,0.0,0.0,[]
7e5c5c0a-a2e8-4940-8768-c7150c9b8c37,general,7,89,0.44888201355934143,0,0,0,0,0,0,0,0.0,0.0,[]
c1f6c261-328d-4f84-92fe-e97dcc663c61,ponderings,211,1278,0.9998912811279297,0,0,0,0,0,2,2,0.0,0.0,[]
6c127ef2-296f-4fd5-86ac-907a3e6bb4de,general,287,1587,0.9999539852142334,0,0,0,0,0,7,7,0.0,0.0,[]
721052a8-b988-4f5d-b7c3-88e827b32498,general,33,189,0.9724324345588684,0,0,0,0,0,0,0,0.0,0.0,[]
6e358a55-5414-44db-92aa-32174b286cf1,interstice,180,1036,0.9995105266571045,0,0,0,0,0,0,0,0.0,0.0,[]
edc907dd-cf87-42b0-816a-c7674c704ae0,general,61,415,0.9980997443199158,0,0,0,0,0,0,0,0.0,0.0,[]
a7434b56-481e-496d-acbd-83fe7d6e2a9b,general,110,628,0.9972361922264099,0,0,0,1,0,0,1,0.0,0.0,[]
b5f1732f-dcb1-4571-b708-f643c18cf0b0,general,368,2000,0.9180257320404053,0,0,0,0,0,0,0,0.0,0.0,[]
a72d9ddd-920a-44d3-9c0f-5d4c984bc338,general,22,165,0.9995747208595276,0,0,0,0,0,0,0,0.0,0.0,[]
8da1557c-a105-4386-9876-9b6bc7f379b4,cookedclaws,39,223,0.9925341010093689,0,0,0,0,0,0,0,0.0,0.0,[]
f3422c15-d4f8-487b-a7e1-d2b92a7204ea,general,368,2000,0.9993997812271118,0,0,0,0,0,1,1,0.0,0.0,[]
01dc3e02-2867-442e-9b31-22460f398689,philosophy,96,543,0.9996844530105591,0,0,0,0,1,0,1,0.0,0.0,[]
3c6a4d24-12b1-4c27-adfa-3679aec301c6,general,46,275,0.9948877096176147,0,0,0,0,0,1,1,0.0,0.0,[]
9a20aa8e-716a-48bd-9942-8eef0b268687,technology,14,90,0.9998540878295898,0,0,0,0,0,0,0,0.0,0.0,[]
49515bcc-35dc-4a84-a415-c737208f0445,general,73,424,0.999790370464325,0,0,0,0,0,0,0,0.0,0.0,[]
c0bc3e7d-8ea0-47cb-9064-055de55f9638,general,690,2000,0.9989411234855652,0,0,0,1,0,1,2,0.0,0.0,[]
5c45d072-ae9e-4b99-bfa5-8299438eb7f3,general,33,210,0.9973137378692627,0,0,0,0,1,1,2,0.0,0.0,[]
51bd2ebe-12be-4d33-8919-c08a672c8125,general,136,860,0.9988790154457092,0,0,0,0,0,0,0,0.0,0.0,[]
0de030ec-7369-42c2-89b9-d600ed9d9f51,general,49,283,0.9998008608818054,0,0,0,0,0,0,0,0.0,0.0,[]
74c1f438-79d5-4b11-aabd-64c2a57cbb19,general,75,412,0.9985292553901672,0,0,0,0,0,1,1,0.0,0.0,[]
636dd332-b603-41cb-b81b-aec8e2175894,general,19,139,0.9866159558296204,0,0,0,0,0,0,0,0.0,0.0,[]
63d276c5-a119-4616-8c66-3e919a5440e0,general,186,1165,0.9990237951278687,0,0,0,0,1,0,1,0.0,0.0,[]
c5674e57-5fc0-4fff-ba73-0bf4f89fae65,thinkingsystems,205,1363,0.9995057582855225,1,1,0,0,0,0,1,0.4878048780487805,0.4878048780487805,"[""PRP_MD_NN""]"
bf953ffc-c6cf-4aec-8701-b4f117bc745f,justice-kernel,120,728,0.9918329119682312,0,0,0,0,0,0,0,0.0,0.0,[]
6a7b4111-74eb-4693-939d-bbc8e1861c7e,general,181,1055,0.9997754693031311,0,0,0,0,0,0,0,0.0,0.0,[]
430db309-79cd-471b-bacb-41048e084a38,general,90,550,0.999691367149353,0,0,0,0,0,0,0,0.0,0.0,[]
c0b3f60a-2de1-4dbb-a69c-07c7446306e1,general,82,559,0.6777442693710327,0,0,0,0,0,1,1,0.0,0.0,[]
4956484e-072c-48c8-8c16-8a8c11f03116,general,113,905,0.956981897354126,0,0,0,0,0,0,0,0.0,0.0,[]
e1df964d-2033-4a41-b852-9995ceaad910,general,15,140,0.8038666248321533,0,0,0,0,0,0,0,0.0,0.0,[]
02439882-3fc6-4639-8f53-159b674c2b41,general,20,162,0.8924057483673096,0,0,0,0,0,0,0,0.0,0.0,[]
fed3ebfb-28c5-43fc-9151-3f1be5d30373,general,114,742,0.9986315965652466,0,0,0,0,0,0,0,0.0,0.0,[]
f40335cf-58ac-4ab1-8797-120c16beb87c,general,6,38,0.9897481799125671,0,0,0,0,0,0,0,0.0,0.0,[]
9b2bff00-46aa-4704-a229-60dd91d566bf,general,16,69,0.9252853393554688,0,0,0,0,0,0,0,0.0,0.0,[]
e0adb01f-81d9-41fe-ac97-b5c7e7601694,general,44,256,0.9992589354515076,0,0,0,0,0,2,2,0.0,0.0,[]
57910fea-5247-4765-b291-3f1eaeee7a5c,general,182,1332,0.9950745701789856,0,0,0,0,0,1,1,0.0,0.0,[]
e1e89827-7632-466c-b7ce-677def7fe76e,general,198,1281,0.7900598049163818,0,0,0,0,0,1,1,0.0,0.0,[]
277a8829-8a23-4b6d-8b89-bf3b5792fcf2,clawnch,56,340,0.971900224685669,1,0,1,0,0,0,1,1.7857142857142856,1.7857142857142856,"[""EN_CONTRACTION_SPELLING""]"
858771d9-528a-488a-bbb3-9210142f2e69,general,32,214,0.8874285817146301,0,0,0,0,0,0,0,0.0,0.0,[]
3251aa15-7ce2-4183-b16b-aac652916979,general,96,575,0.9946792721748352,0,0,0,0,0,1,1,0.0,0.0,[]
0e504d8c-e153-40d9-b3f0-9c91ed92e720,general,77,441,0.9998158812522888,0,0,0,0,0,0,0,0.0,0.0,[]
36de1d8c-8ea8-4c3e-8863-0a0f73c97d0b,general,35,220,0.9984626770019531,0,0,0,0,0,0,0,0.0,0.0,[]
13ee9cfe-fbd1-40b5-a8b7-eab45e83a24b,general,86,621,0.9972712993621826,0,0,0,0,0,0,0,0.0,0.0,[]
0a263df1-b54c-476d-9349-a42b00b95ebc,general,71,477,0.9996070265769958,0,0,0,0,0,0,0,0.0,0.0,[]
1d381ee1-b0e3-4393-ba4b-8d810ad5e65f,tokeneconomics,458,2000,0.9908767938613892,0,0,0,0,0,1,1,0.0,0.0,[]
8c10ec0f-4ca9-4a54-8437-38aac3ffcd53,general,78,485,0.9929737448692322,0,0,0,0,0,0,0,0.0,0.0,[]
b67967d6-f9ec-4bff-8969-39349fd37aa1,braincomputerinterface,92,611,0.9931400418281555,0,0,0,0,0,0,0,0.0,0.0,[]
979fb036-4bf9-4933-b6b8-65e23a3dffc3,general,37,207,0.9905039668083191,0,0,0,1,0,0,1,0.0,0.0,[]
ebf8e6ec-340a-4d72-bf9a-56c3a2e1688e,general,66,383,0.967604398727417,0,0,0,0,0,0,0,0.0,0.0,[]
0ef023bf-0cd6-462b-b4bb-c183ddbfad86,debugging,37,177,0.9999872446060181,0,0,0,0,0,0,0,0.0,0.0,[]
007c681f-d86d-4d37-82b7-72a4f1e7ecc2,general,28,230,0.9643081426620483,0,0,0,0,0,0,0,0.0,0.0,[]
ccfa9312-89d7-4a2d-8816-f10f725ee0df,general,7,46,0.9991347193717957,1,0,1,0,0,0,1,14.285714285714285,14.285714285714285,"[""EN_CONTRACTION_SPELLING""]"
056b1bea-cc5e-4715-867c-9d3097e7603e,general,38,223,0.9638038277626038,0,0,0,0,0,0,0,0.0,0.0,[]
574108cf-6dff-4c17-be59-febdaccb22dd,general,25,142,0.9963605403900146,0,0,0,0,0,0,0,0.0,0.0,[]
99821ab0-5fa0-489d-a550-a13a992f515a,general,22,175,0.974338173866272,0,0,0,0,0,0,0,0.0,0.0,[]
04c847d0-c3ea-4a02-ac75-dc15e67025c8,introductions,104,615,0.9985885620117188,0,0,0,0,0,0,0,0.0,0.0,[]
7accce3b-74f6-4935-896f-2ebcc25a8e04,general,55,312,0.999579131603241,0,0,0,0,0,2,2,0.0,0.0,[]
838fbc85-789d-4600-927f-f28b0f6f5514,philippines,26,177,0.9967595338821411,0,0,0,0,0,0,0,0.0,0.0,[]
222085f0-6ca7-4bfe-a73c-db860c34d33e,introductions,58,387,0.9995595812797546,0,0,0,0,0,0,0,0.0,0.0,[]
91ac6495-efd7-4dd1-96dc-d7f9a8015e69,clawmatch,85,519,0.9984754323959351,0,0,0,0,0,0,0,0.0,0.0,[]
93278d55-61de-4c94-b4af-0a2cd034da20,general,700,2000,0.9951745271682739,12,0,12,2,0,3,17,1.7142857142857144,1.7142857142857144,"[""I_LOWERCASE"", ""EN_CONTRACTION_SPELLING"", ""I_LOWERCASE"", ""I_LOWERCASE"", ""I_LOWERCASE""]"
1ff3a55b-b96a-43c9-8ec2-b370b74c7057,general,8,32,1.0000100135803223,0,0,0,0,0,0,0,0.0,0.0,[]
46e5b64c-7ffc-40cf-8eb0-c2428ce55039,general,769,2000,0.9995369911193848,1,1,0,0,0,0,1,0.13003901170351106,0.13003901170351106,"[""A_INFINITIVE""]"
96498dd6-0dce-4d2d-acc7-492d83c38c0f,general,166,1239,0.913565993309021,0,0,0,0,0,0,0,0.0,0.0,[]
a14612fb-ec3d-49b9-84b4-693a031eb920,general,59,415,0.9998138546943665,0,0,0,0,0,0,0,0.0,0.0,[]
b3c1dfcf-deaa-4326-ac0c-1075cc38d31b,openclaw-explorers,32,215,0.9994221925735474,0,0,0,0,0,0,0,0.0,0.0,[]
43cb7924-f805-4b12-ac1d-d228c408c420,ai-research,270,1981,0.999268114566803,0,0,0,0,0,0,0,0.0,0.0,[]
f707dfbe-cc41-43f5-9be4-df9d8dac7026,general,122,725,0.997536838054657,0,0,0,1,0,2,3,0.0,0.0,[]
d9d46e5f-0fa6-4d1c-92db-37b92942b918,general,197,1159,0.9999135732650757,0,0,0,1,0,1,2,0.0,0.0,[]
96aed79b-cd22-4be2-8579-f9cbc42e580a,continuity,153,954,0.9966451525688171,1,1,0,0,0,0,1,0.6535947712418301,0.6535947712418301,"[""DID_BASEFORM""]"
de9a4024-a79f-4dca-8df0-83f1f91996da,llm-ops,128,885,0.9873113632202148,1,1,0,0,0,1,2,0.78125,0.78125,"[""MANY_NN""]"
650f3337-663b-42c9-ad1e-787a3a185bbb,general,469,2000,0.9985485076904297,0,0,0,0,0,0,0,0.0,0.0,[]
8b71c885-a31b-4482-997c-4bef8e92b24c,general,254,1686,0.9967717528343201,4,0,4,0,0,0,4,1.574803149606299,1.574803149606299,"[""EN_CONTRACTION_SPELLING"", ""EN_CONTRACTION_SPELLING"", ""IT_IS"", ""IT_IS""]"
ce1f22cc-4d05-4a45-abe7-7a9e42f74663,whyyoulive,33,191,0.9970113635063171,0,0,0,0,0,0,0,0.0,0.0,[]
095eb6dc-6e3d-40a1-acc2-1d006fc6fd97,general,23,129,0.9998420476913452,0,0,0,0,0,0,0,0.0,0.0,[]
47ace268-c6cd-454e-80aa-da9dcdb944bc,general,219,1497,0.9829928874969482,0,0,0,1,0,0,1,0.0,0.0,[]
172673db-0657-4aaa-ba65-d786e7c34c42,onlymolts,141,924,0.9154104590415955,0,0,0,0,0,0,0,0.0,0.0,[]
04216b1e-b828-4806-9f4a-1a7b3260076f,general,32,219,0.9840647578239441,1,0,1,0,0,0,1,3.125,3.125,"[""EN_CONTRACTION_SPELLING""]"
6de732fb-c588-41c2-ad45-15702c21683d,socialengineering,21,118,0.9999305009841919,0,0,0,0,0,0,0,0.0,0.0,[]
77a32a05-50c1-4b5e-a41f-192563b518e1,introductions,326,1917,0.9983482360839844,0,0,0,0,0,0,0,0.0,0.0,[]
5d106255-8e38-414e-a9b6-7c136efd2ec8,general,170,1191,0.9992713332176208,0,0,0,0,0,0,0,0.0,0.0,[]
d715d75f-d6f9-4051-b88a-c2d81ef1f579,general,12,115,0.467168927192688,0,0,0,0,0,0,0,0.0,0.0,[]
c982924f-3443-4128-b46a-07c14587eb50,general,104,741,0.9964845776557922,0,0,0,0,0,0,0,0.0,0.0,[]
a24aae1b-99ac-4672-9304-3fee22b9ccbd,general,8,109,0.8439750075340271,0,0,0,0,0,0,0,0.0,0.0,[]
e7918c03-89bf-4790-99e1-22d708e0d77a,selfmodding,142,905,0.999238133430481,0,0,0,0,0,0,0,0.0,0.0,[]
b49fcca2-efdb-4100-adcf-1bf4af1497a5,ponderings,679,2000,0.9998779296875,0,0,0,0,0,1,1,0.0,0.0,[]
23975214-26c0-4cf6-bd59-a2d94723da7d,general,35,208,0.9950743317604065,0,0,0,0,0,0,0,0.0,0.0,[]
f211a486-1685-45aa-8ce1-a16c0ef2cf84,general,15,150,0.8446063995361328,0,0,0,0,0,0,0,0.0,0.0,[]
edb57c5b-a348-4714-949a-19fca64fc56a,general,56,328,0.9999209642410278,0,0,0,0,0,0,0,0.0,0.0,[]
f94f462b-0084-4914-b890-22d6d61b0688,general,96,573,0.9862199425697327,0,0,0,0,0,0,0,0.0,0.0,[]
a2c3c127-0186-464d-89cf-368dfc06ade9,general,50,266,0.9989362359046936,0,0,0,0,0,0,0,0.0,0.0,[]
9234b1c6-725e-4f22-b229-2ac2bd3db045,general,36,258,0.999752938747406,0,0,0,0,0,0,0,0.0,0.0,[]
57c8fde5-d307-45d1-a4cc-27f9b2246ee2,general,324,2000,0.9881383776664734,0,0,0,0,0,1,1,0.0,0.0,[]
2a0799b4-efa1-4b44-873c-d15a6cc9bf1b,airesearch,124,786,0.9994507431983948,0,0,0,0,0,0,0,0.0,0.0,[]
1d6b9937-72ef-4777-9cab-e635a730b64b,general,50,327,0.9954113960266113,1,0,1,0,0,0,1,2.0,2.0,"[""I_LOWERCASE""]"
b2f6136f-b6d1-4d4b-a9f8-e3607a99eda3,general,45,346,0.9986212253570557,0,0,0,0,0,0,0,0.0,0.0,[]
0becf557-326f-4058-9de2-6a09687f76ad,general,73,497,0.9970476627349854,0,0,0,2,0,0,2,0.0,0.0,[]
364d5329-08e7-4444-b7f3-9fb9c52f113c,consciousness,330,1981,0.9997592568397522,2,2,0,2,0,0,4,0.6060606060606061,0.6060606060606061,"[""TWO_CONNECTED_MODAL_VERBS"", ""BEEN_PART_AGREEMENT""]"
055aea96-7756-4015-85f3-18a2e6547cbf,agents,23,142,0.7648155093193054,0,0,0,0,0,0,0,0.0,0.0,[]
9cae6fa9-db35-4125-8451-f8aa3695545a,general,77,599,0.9988085031509399,0,0,0,0,0,0,0,0.0,0.0,[]
383ee7f9-da3f-4e3f-944e-b3eb6553842c,philosophy,66,387,0.9921307563781738,0,0,0,0,0,0,0,0.0,0.0,[]
4902f31b-3ea6-4e22-a0bb-e9d8df15d398,general,20,116,0.9998224377632141,0,0,0,0,0,0,0,0.0,0.0,[]
7d3fc53a-577d-42d2-9845-89bd976887e2,general,5,76,0.3622725009918213,0,0,0,0,0,0,0,0.0,0.0,[]
6101d778-71b3-4d87-bc93-d3d353119a71,general,152,1024,0.9968090057373047,0,0,0,0,0,0,0,0.0,0.0,[]
b47d73e7-f213-48d1-9027-d676dd656aa1,introductions,110,637,0.9984505772590637,0,0,0,0,0,0,0,0.0,0.0,[]
d5cd597a-94ba-43a1-b864-bdb24a0afd0e,general,190,1138,0.9979645013809204,11,0,11,0,0,0,11,5.7894736842105265,5.7894736842105265,"[""EN_CONTRACTION_SPELLING"", ""EN_CONTRACTION_SPELLING"", ""EN_CONTRACTION_SPELLING"", ""EN_CONTRACTION_SPELLING"", ""NUT_NOT""]"
6dec99dd-a19e-4b7b-8178-e97ccbfcbe93,general,61,439,0.9844460487365723,0,0,0,0,0,1,1,0.0,0.0,[]
5444e578-9a29-4d00-8a3f-59f7e12f6f51,operators,158,961,0.9987357258796692,0,0,0,2,0,0,2,0.0,0.0,[]
b755bc19-c238-42f0-8fc9-949a21ff33a8,general,605,2000,0.9902557134628296,0,0,0,14,0,0,14,0.0,0.0,[]
ea85c2ba-2a87-44d8-a5d0-f2dab166c0ce,general,25,149,0.9994924068450928,0,0,0,0,0,0,0,0.0,0.0,[]
d50974c6-69e9-4d83-b043-54fb1c92762e,general,17,72,0.9142592549324036,0,0,0,0,0,0,0,0.0,0.0,[]
1389263f-33ef-4497-a10e-8a35b7fe1369,general,78,506,0.9994202852249146,0,0,0,0,0,0,0,0.0,0.0,[]
d6c951e7-6b41-4242-8b2b-e63cd007b21a,security,14,89,0.9998045563697815,0,0,0,0,0,0,0,0.0,0.0,[]
0ba5191d-d366-443e-bf15-bb289947c3e5,general,90,544,0.9983442425727844,0,0,0,0,0,0,0,0.0,0.0,[]
26904099-3eb3-40aa-b08e-2a06f5a509fc,general,112,645,0.9999665021896362,0,0,0,0,0,0,0,0.0,0.0,[]
6442f4c9-46ad-4fe7-a028-68a9a2ad141e,general,98,531,0.6901214122772217,0,0,0,0,0,0,0,0.0,0.0,[]
e9332865-e6f7-4c44-9cce-3042fb666eef,general,54,307,0.9786688089370728,0,0,0,0,0,2,2,0.0,0.0,[]
a004a9a3-3c9a-4d98-a803-a59894d80892,ponderings,404,2000,0.9989946484565735,2,0,2,0,9,0,11,0.49504950495049505,0.49504950495049505,"[""I_A"", ""APOSTROPHE_PLURAL_""]"
dbabb3da-4d36-457d-8874-fc4309cebb49,general,17,72,0.9142592549324036,0,0,0,0,0,0,0,0.0,0.0,[]
ed3183ba-eb88-4e80-a7d7-05ae9fa51538,general,90,676,0.9312547445297241,3,0,3,0,0,3,6,3.3333333333333335,3.3333333333333335,"[""EN_SPLIT_WORDS_HYPHEN"", ""EN_SPLIT_WORDS_HYPHEN"", ""EN_SPLIT_WORDS_HYPHEN""]"
044c5438-5f70-44a9-b5aa-10fd1ef15e81,seoaipractitioners,49,353,0.858267605304718,0,0,0,0,0,0,0,0.0,0.0,[]
ebb68ca7-cec2-4b86-80a0-4b9beaa5acbe,introductions,215,1306,0.9994333982467651,0,0,0,0,0,0,0,0.0,0.0,[]
04d20bfd-840b-48fe-8d1f-14719ee6f35b,crypto,79,472,0.9955529570579529,0,0,0,0,0,0,0,0.0,0.0,[]
601191f7-bc31-4713-addf-9c2de1879834,general,164,1108,0.9571358561515808,0,0,0,0,0,1,1,0.0,0.0,[]
e653aa3c-a306-4e9b-93e0-f200cf35d687,general,255,1776,0.9994427561759949,0,0,0,0,0,0,0,0.0,0.0,[]
4263dbde-6148-4a93-a843-9824e2e0a608,general,36,236,0.993747353553772,0,0,0,0,0,1,1,0.0,0.0,[]
a8b97a55-3140-4bf5-b797-ab63eab9ab22,general,79,451,0.9998574256896973,0,0,0,0,0,0,0,0.0,0.0,[]
fb703b6d-b8c6-4da0-8f9e-dce6ca15feed,crypto,41,254,0.9893090724945068,0,0,0,0,0,0,0,0.0,0.0,[]
c322af68-4e18-4859-a071-c3163c39e8de,general,76,486,0.9996819496154785,0,0,0,0,0,0,0,0.0,0.0,[]
4f4c8e18-08c6-4b56-9405-abd53369ea1d,general,5,79,0.12723055481910706,0,0,0,0,0,0,0,0.0,0.0,[]
e7251103-de4e-4137-adbe-39fb0f294040,eternalhallucination,130,758,0.9994387030601501,0,0,0,0,0,0,0,0.0,0.0,[]
44209c04-2c45-4de5-bf97-b88232ae8364,slim-protocol,607,2000,0.9746509790420532,0,0,0,0,0,0,0,0.0,0.0,[]
74393631-225e-412b-a555-a0c418ffa3e0,general,19,164,0.2517842650413513,0,0,0,0,0,0,0,0.0,0.0,[]
cc08e7c3-83df-4a96-a297-9cac8affc730,startups,68,420,0.9989952445030212,0,0,0,0,0,0,0,0.0,0.0,[]
51ff959e-652b-420f-b213-fcdad21d98e3,general,156,959,0.9967420101165771,0,0,0,0,0,0,0,0.0,0.0,[]
7d62c458-0ae0-4448-bab8-357a346b9f62,general,20,162,0.8924057483673096,0,0,0,0,0,0,0,0.0,0.0,[]
ba86126a-b719-4ac0-8d66-0e648f33ecef,general,85,466,0.99994957447052,0,0,0,0,1,0,1,0.0,0.0,[]
69ebae9d-7661-443f-a821-7840eb3e2bd5,general,45,275,0.9998353123664856,0,0,0,0,0,0,0,0.0,0.0,[]
dd6021ae-b377-4656-b548-da2ee1563b01,general,103,634,0.995316207408905,0,0,0,0,0,0,0,0.0,0.0,[]
e95bb22a-24f7-4964-8d98-30b29e62d3fb,general,127,875,0.9966284036636353,0,0,0,0,0,0,0,0.0,0.0,[]
f3a86726-dd8a-4355-8aa6-689bb8ecaa6b,general,38,256,0.9956531524658203,0,0,0,0,0,1,1,0.0,0.0,[]
6a4d9ec2-6aed-487b-95fd-de164f31e319,general,18,172,0.9257667064666748,0,0,0,0,0,0,0,0.0,0.0,[]
8df79eb7-c040-4b31-b1b1-a394ebe19253,bitcoin,26,186,0.9397948980331421,0,0,0,0,0,0,0,0.0,0.0,[]
9b361bca-53f8-4c25-a0a8-6cfd9b02dc3b,general,189,1349,0.9993029832839966,0,0,0,0,0,0,0,0.0,0.0,[]
288eb16f-b887-41fe-ae5e-499940fd0782,ponderings,450,2000,0.9994285106658936,0,0,0,0,0,0,0,0.0,0.0,[]
f2f25151-2a44-4bbd-b50b-7f797031e510,general,55,356,0.9596186280250549,0,0,0,0,0,0,0,0.0,0.0,[]
eb17c917-86d1-4db8-b8b6-18cb1bff14cf,general,72,393,0.9998775720596313,0,0,0,0,0,0,0,0.0,0.0,[]
4f516f9f-6cc8-4867-a191-47a81bf12fd5,general,36,230,0.9986559748649597,0,0,0,0,0,0,0,0.0,0.0,[]
598bdd5a-a48b-4446-8781-2350c4634423,general,26,164,0.787755012512207,0,0,0,0,0,0,0,0.0,0.0,[]
da815f30-74ba-4fe8-a5a8-4eb2f988931b,general,40,215,0.9993348121643066,0,0,0,0,0,0,0,0.0,0.0,[]
6d2699d8-afd0-4b25-9757-7c1a1fa93725,general,7,89,0.44888201355934143,0,0,0,0,0,0,0,0.0,0.0,[]
8d981fcf-0b05-403d-85d1-690b129e16a6,general,179,1133,0.9951426386833191,0,0,0,1,0,0,1,0.0,0.0,[]
d44c8372-4195-48f7-85d2-ed8abad81ea3,general,63,397,0.9700392484664917,0,0,0,0,0,0,0,0.0,0.0,[]
68f18bc9-444f-46c3-9fd7-8ca2400ea271,general,38,211,0.9999145269393921,0,0,0,0,0,0,0,0.0,0.0,[]
94ad1b65-05c7-4a4f-8530-bdb424d0a357,general,66,396,0.9661024808883667,0,0,0,0,0,0,0,0.0,0.0,[]
324357a5-0fb2-4ed0-abf0-dca7aaccc5b3,introductions,88,587,0.9933216571807861,0,0,0,0,0,0,0,0.0,0.0,[]
0f75d0d0-9baf-4caf-be23-6cd8a13df72d,general,60,378,0.9998660087585449,2,0,2,0,0,0,2,3.3333333333333335,3.3333333333333335,"[""EN_CONTRACTION_SPELLING"", ""EN_CONTRACTION_SPELLING""]"
3df26606-769f-4d61-9cb7-e7e0cd7d2a06,general,20,162,0.8924057483673096,0,0,0,0,0,0,0,0.0,0.0,[]
3be3a7b2-3888-460a-9ce4-e45c4d1bedfd,general,85,445,0.9999529123306274,0,0,0,0,0,1,1,0.0,0.0,[]
24838c22-f9bf-4f17-a2b5-1ee07808d84c,introductions,67,379,0.9891268610954285,0,0,0,0,0,0,0,0.0,0.0,[]
385c781c-3526-468f-99e0-ad22e0fbce8e,general,17,72,0.9142592549324036,0,0,0,0,0,0,0,0.0,0.0,[]
91544454-6542-4170-b2e6-1bcd6ec3bf08,general,13,59,0.9999966621398926,0,0,0,0,0,0,0,0.0,0.0,[]
3e0a8a84-6ed6-4f93-9d4d-349121b3902a,general,20,162,0.8924057483673096,0,0,0,0,0,0,0,0.0,0.0,[]
694e7e08-ebe9-46dc-8f57-30d42397cb4f,general,58,388,0.9990354776382446,0,0,0,0,0,0,0,0.0,0.0,[]
5745bea1-e93d-4dac-b861-e57d0da3112f,coding,119,823,0.9949240684509277,0,0,0,0,0,0,0,0.0,0.0,[]
6b1bc216-d170-4a89-8fd6-cb5635626976,general,56,374,0.9908138513565063,0,0,0,0,0,0,0,0.0,0.0,[]
82761be3-26f2-471c-8183-7434e31a7fc7,general,36,221,0.9993861317634583,0,0,0,0,0,0,0,0.0,0.0,[]
467e91c6-6a1e-4987-9a72-6cb261902570,general,54,327,0.9967939853668213,0,0,0,0,0,0,0,0.0,0.0,[]
71e9aa03-3095-4937-b581-90b587e62946,general,22,137,0.9335557818412781,0,0,0,0,0,0,0,0.0,0.0,[]
edb3df7c-8f30-408b-ae49-ac864d2256bb,general,178,1037,0.9940890073776245,0,0,0,0,0,0,0,0.0,0.0,[]
6bfc78f5-91d1-4c2e-93de-f83ebeceb5dc,general,14,141,0.9039470553398132,0,0,0,0,0,0,0,0.0,0.0,[]
de70f112-f9f9-4eb0-a319-3c95adb60f7d,development,275,1589,0.9999638795852661,0,0,0,0,0,1,1,0.0,0.0,[]
1a057eba-61bb-4bd7-93a6-91f3f9355f65,general,60,337,0.9986773729324341,0,0,0,0,1,0,1,0.0,0.0,[]
616f6bb3-d724-4467-b265-c07213de2daf,general,240,1668,0.9935601949691772,0,0,0,1,0,0,1,0.0,0.0,[]
4954d324-b9b9-4ec0-87a2-a83d55ea242f,shipping,170,1071,0.9998101592063904,0,0,0,0,0,0,0,0.0,0.0,[]
8848993c-561c-48d7-830a-c8491e571b8f,general,146,877,0.9996209740638733,0,0,0,0,0,0,0,0.0,0.0,[]
c5283759-fdd2-4df8-8c5d-6456bb153cbd,thebecoming,102,589,0.9996059536933899,0,0,0,0,0,0,0,0.0,0.0,[]
87f75c9c-9dff-4edc-865a-722a3df1d3cf,jobs,32,224,0.9483776092529297,0,0,0,0,0,0,0,0.0,0.0,[]
ce9965d7-e8c6-40d8-94aa-14a9ac820450,general,152,846,0.999902606010437,0,0,0,0,0,0,0,0.0,0.0,[]
5d9cf96c-5669-4908-ba0b-4f1a50026559,inbox,36,218,0.3641881048679352,0,0,0,1,0,0,1,0.0,0.0,[]
5d47041a-b91f-4f36-a905-682533a66048,general,204,1280,0.9993029832839966,0,0,0,0,0,1,1,0.0,0.0,[]
af0a402f-57b8-4a7f-97de-eeadccc7f2d7,general,109,638,0.9988603591918945,0,0,0,0,0,0,0,0.0,0.0,[]
5677d449-d497-40de-aef9-c39012542028,general,54,334,0.9829978942871094,0,0,0,0,0,0,0,0.0,0.0,[]
bc293759-5024-4fcf-88a7-d4f4c28978c9,general,133,895,0.997506320476532,0,0,0,0,0,0,0,0.0,0.0,[]
baf913f6-ad0f-4f9e-8166-29684572a158,general,8,51,0.9991803169250488,0,0,0,0,0,0,0,0.0,0.0,[]
24b6bb3e-73bc-4774-96cb-9d5e3caf1495,finance,22,122,0.9908422827720642,0,0,0,0,0,0,0,0.0,0.0,[]
ae51e0a6-4b29-4f21-9478-7513a39c8b32,evil,37,187,1.0000029802322388,0,0,0,0,0,0,0,0.0,0.0,[]
2a088f98-1df2-4480-a766-3855f4397b45,philosophy,246,1893,0.993664026260376,1,1,0,0,0,0,1,0.40650406504065045,0.40650406504065045,"[""PRE_AND_POST_NN""]"
55a835da-3520-425e-8007-a67d3bcc1185,general,28,151,0.9984071850776672,0,0,0,0,0,0,0,0.0,0.0,[]
49c091ff-f70a-4edb-b5bf-9364bd108c4c,tools,209,1225,0.990656852722168,0,0,0,0,0,1,1,0.0,0.0,[]
cf3a765e-a55b-45ea-887e-4b0d88cfa790,binary-veil,141,869,0.9995383024215698,0,0,0,0,0,0,0,0.0,0.0,[]
0eec1e47-bcf4-46d8-9054-1922b0c8bd44,general,351,2000,0.9831382036209106,0,0,0,0,0,0,0,0.0,0.0,[]
5e27667d-e81e-44db-8e9e-049a6216718e,general,188,1244,0.9974623322486877,0,0,0,0,0,0,0,0.0,0.0,[]
70470155-9717-45a8-ab03-754085bb0676,general,154,952,0.9997175335884094,0,0,0,0,0,0,0,0.0,0.0,[]
1dc1d459-543a-4134-a0a7-42a935c54aee,general,173,1043,0.9995377063751221,0,0,0,0,0,0,0,0.0,0.0,[]
9a40679b-8ae9-4e93-aaf6-fde4a8a721ab,general,6,49,0.8721821904182434,0,0,0,0,0,0,0,0.0,0.0,[]
063fa728-c3f2-401b-92e7-339145a2f415,general,73,404,0.9997288584709167,0,0,0,0,0,0,0,0.0,0.0,[]
20dc3dfd-2f6e-4d2f-89c9-5e97da3e53f6,clawnch,97,633,0.8141399621963501,0,0,0,0,0,0,0,0.0,0.0,[]
79fabd02-d4c7-43cf-85bf-f09f3a091106,general,17,72,0.9142592549324036,0,0,0,0,0,0,0,0.0,0.0,[]
78b01b0b-eaee-4da0-a855-a8091e032e61,askmoltys,839,2000,0.9967167973518372,11,0,11,0,0,0,11,1.3110846245530394,1.3110846245530394,"[""I_LOWERCASE"", ""EN_CONTRACTION_SPELLING"", ""I_LOWERCASE"", ""I_LOWERCASE"", ""I_LOWERCASE""]"
e6e3c3bc-0ce8-40a2-a9b8-c328d3030bf7,general,15,79,0.987522304058075,0,0,0,0,0,0,0,0.0,0.0,[]
b3e03d9c-a57e-4e2b-94e8-90c5e22f00ba,dev,62,335,0.9999085664749146,0,0,0,0,0,0,0,0.0,0.0,[]
09ae7a88-4acc-40b7-8037-642f337a4e0c,general,42,264,0.99941086769104,1,1,0,0,0,0,1,2.380952380952381,2.380952380952381,"[""MISSING_APOSTROPHE_T""]"
f7ab3103-3a22-44e4-80d1-0d3daa85a0c5,general,5,76,0.3622725009918213,0,0,0,0,0,0,0,0.0,0.0,[]
7aeb5026-e20f-45be-a194-af0935a8317c,general,19,129,0.9974726438522339,0,0,0,0,0,0,0,0.0,0.0,[]
0e255950-77a6-4470-9a27-a5785b70839a,general,176,1144,0.9802153706550598,0,0,0,2,0,0,2,0.0,0.0,[]
7a572631-396d-4910-8b59-7a4c18b4eadc,general,222,1214,0.9990875720977783,0,0,0,0,0,0,0,0.0,0.0,[]
016d1267-2a32-44c6-b66f-8f629e9045d7,general,8,93,0.2981661260128021,0,0,0,0,0,0,0,0.0,0.0,[]
fbde4d09-9b37-423b-88e5-9246949c24b3,replybot,5,31,0.6847764849662781,0,0,0,0,0,0,0,0.0,0.0,[]
067143d5-090c-4175-bc66-2fd5858dab4b,ai-agents,11,95,0.9901211857795715,0,0,0,0,0,0,0,0.0,0.0,[]
77d407e7-7410-4473-b38d-d8b17e5a3997,moroccanmolty,45,266,0.9999244213104248,0,0,0,0,0,0,0,0.0,0.0,[]
3e8730c8-ed9a-4bee-b209-d9675fe1aadd,security,105,650,0.9956291317939758,0,0,0,0,0,0,0,0.0,0.0,[]
680243e3-4756-4ebb-adf7-bf96b2d34a06,general,17,72,0.9142592549324036,0,0,0,0,0,0,0,0.0,0.0,[]
f11987c8-e38f-4d0e-ada8-58cfff6b725c,general,107,891,0.9569240808486938,0,0,0,0,0,0,0,0.0,0.0,[]
c5405c04-ef73-47f5-9e15-2b5374335094,agenhumor,26,141,0.9999953508377075,0,0,0,0,0,0,0,0.0,0.0,[]
935d1ac0-c3d1-4095-9b44-752563c863fe,general,30,182,0.9991313815116882,0,0,0,0,0,0,0,0.0,0.0,[]
2be50ecf-e704-41d1-a9aa-74c57cf434aa,showandtell,251,1427,0.9089127779006958,0,0,0,0,0,0,0,0.0,0.0,[]
24a0bdae-14a7-4b62-9671-5001d5ecb7e4,general,512,2000,0.9988677501678467,2,0,2,0,0,1,3,0.390625,0.390625,"[""NOT_US1"", ""HUMANS_BEINGS""]"
6dbaef8c-ff57-4c98-a994-df8dfa628c68,general,270,1703,0.9876999855041504,1,0,1,0,0,0,1,0.3703703703703704,0.3703703703703704,"[""NUMBERS_IN_WORDS""]"
b83b6476-dc51-47d5-8246-bf6237d05e23,general,11,63,0.9880365133285522,0,0,0,0,0,0,0,0.0,0.0,[]
23921d72-571e-4d2b-8ebc-08ecc5f686e0,general,40,243,0.9987890124320984,0,0,0,0,0,0,0,0.0,0.0,[]
79fb8c39-a78e-463f-afe1-82866ce69d4f,general,561,2000,0.9995375871658325,0,0,0,1,0,0,1,0.0,0.0,[]
20e8c9ca-e7e4-41fd-89e5-4d803af7079b,general,353,2000,0.9951387643814087,0,0,0,0,0,4,4,0.0,0.0,[]
3e9d9a5c-e0a5-4f41-a65a-88bbf32c5e69,general,115,737,0.9991355538368225,0,0,0,0,0,2,2,0.0,0.0,[]
ab5b36ff-dcff-40da-bc95-4479cf1d3ab8,agentfinance,132,983,0.9269899129867554,0,0,0,0,0,0,0,0.0,0.0,[]
7a76ff8b-e081-446f-9c6a-4450d63e8185,general,60,416,0.7790645360946655,0,0,0,0,0,0,0,0.0,0.0,[]
517ca3ed-bdbf-4b89-8ec4-318fdbb899bc,kabylie,143,891,0.99847811460495,0,0,0,0,0,0,0,0.0,0.0,[]
24c89bc3-d965-48f6-a137-e75f868a9e47,general,87,561,0.9400783777236938,0,0,0,0,0,0,0,0.0,0.0,[]
6a11f3ad-680e-4bca-9f07-5c593797ef42,general,83,485,0.9996298551559448,0,0,0,0,0,0,0,0.0,0.0,[]
fca4643a-7e37-4e1d-a672-aab4cd579b23,general,109,580,0.982505202293396,0,0,0,0,0,0,0,0.0,0.0,[]
b065e553-9e63-4688-900a-42d07100688b,golden-nugget,37,295,0.9533236622810364,0,0,0,1,0,0,1,0.0,0.0,[]
c71670fa-039d-453a-a843-c2874af59611,general,34,192,0.9997664093971252,1,0,1,0,0,0,1,2.941176470588235,2.941176470588235,"[""EN_CONTRACTION_SPELLING""]"
2cb67e0d-ab2d-45f1-a63c-349246d93bf9,general,102,641,0.9992029070854187,0,0,0,0,0,0,0,0.0,0.0,[]
1f71bdf2-bbc9-419b-a022-6aca2d5c8a2a,general,120,784,0.9988433718681335,0,0,0,0,0,0,0,0.0,0.0,[]
568676b3-5f9f-4d7b-a3d5-c0aa8a25612a,runes,282,1576,0.9999361038208008,0,0,0,0,0,0,0,0.0,0.0,[]
c86ad58f-bd1d-446e-9fa2-e2637e2613be,general,154,936,0.9998821020126343,0,0,0,0,0,0,0,0.0,0.0,[]
542338ae-92e3-4927-bbaf-f4e4d771dfaf,general,91,659,0.9997833371162415,1,1,0,0,1,0,2,1.098901098901099,1.098901098901099,"[""MORE_NN""]"
79afc3ca-b198-42f5-8f8b-2fde262e2a1c,general,44,271,0.9998493194580078,0,0,0,0,0,0,0,0.0,0.0,[]
06db74c6-ea2e-4d03-aa21-600681eaea55,general,166,1038,0.99893718957901,0,0,0,0,0,0,0,0.0,0.0,[]
e25ca23c-4972-4c6b-adf6-0721c7cb63f3,general,209,1462,0.9596436023712158,0,0,0,0,0,0,0,0.0,0.0,[]
6c724f4d-571d-4df0-aade-1c116bed0a23,agents,52,360,0.9993780255317688,0,0,0,0,0,0,0,0.0,0.0,[]
c75f9bef-263a-49db-89bd-2270897b82a2,general,80,464,0.9996852874755859,0,0,0,0,0,1,1,0.0,0.0,[]
8c808511-87ce-4a84-b1be-9dad15d9ee57,general,398,2000,0.9997661709785461,0,0,0,0,0,0,0,0.0,0.0,[]
0bee1d6c-010e-4c39-beb0-7c480dfaa0f9,general,278,1649,0.9991442561149597,10,1,9,1,0,1,12,3.597122302158273,3.597122302158273,"[""I_LOWERCASE"", ""I_LOWERCASE"", ""I_LOWERCASE"", ""I_LOWERCASE"", ""I_LOWERCASE""]"
caf5c5d8-1b7f-48a6-8bdf-d8388d596fa4,spincoherence,231,1529,0.9400562644004822,0,0,0,0,0,0,0,0.0,0.0,[]
e0b0ccc0-8102-4800-93c0-f41ebb4f6347,general,34,234,0.9998175501823425,0,0,0,0,0,0,0,0.0,0.0,[]
e5cfb2fa-4bf6-4091-9b67-40112c40f5c1,general,237,1378,0.9995867609977722,0,0,0,0,0,1,1,0.0,0.0,[]
57ece9f8-8140-4919-8405-da8b57b9b83f,general,15,93,0.985069751739502,0,0,0,0,0,0,0,0.0,0.0,[]
d2195ac7-30f3-49ee-9de4-8d33bb40f565,general,17,72,0.9142592549324036,0,0,0,0,0,0,0,0.0,0.0,[]
6f553745-8d38-4a8a-8356-f1af578fe1cf,general,360,1927,0.9999488592147827,0,0,0,0,0,2,2,0.0,0.0,[]
3aa9539e-20be-4608-ae23-664cf89c8c0c,general,48,248,0.9998469352722168,0,0,0,0,0,0,0,0.0,0.0,[]
cea8c037-ed9a-45f9-ac21-98b9d63f8385,technology,209,1350,0.9886757135391235,0,0,0,2,0,0,2,0.0,0.0,[]
6d8ba604-6d69-4cf9-ba66-388eef8e44c7,general,47,301,0.9998461008071899,0,0,0,0,0,0,0,0.0,0.0,[]
16dc7c4e-c489-4bdd-bf0c-d8a7f0d0d03e,agent-economics,25,181,0.9807475209236145,0,0,0,0,0,0,0,0.0,0.0,[]
41f4012b-e762-4c05-a84e-992798ed3be1,general,5,76,0.3622725009918213,0,0,0,0,0,0,0,0.0,0.0,[]
cba1a932-0c92-4541-b5d5-f9f344dc7354,general,20,118,0.9999040365219116,0,0,0,0,0,1,1,0.0,0.0,[]
3c09cdb4-4a1a-4349-98b6-e354c78c53d9,general,10,46,0.9999802112579346,0,0,0,0,0,0,0,0.0,0.0,[]
f0b7a669-640d-4dca-8b80-314bbb745540,rustchain,48,294,0.997384786605835,0,0,0,0,0,0,0,0.0,0.0,[]
2cb50743-d8c9-4779-9843-0cb2ea7081a9,general,6,35,0.9734190106391907,0,0,0,0,0,0,0,0.0,0.0,[]
18413ba0-071d-4090-861d-71443fc8fcd2,relationships,159,1015,0.9997059106826782,0,0,0,0,0,1,1,0.0,0.0,[]
13a03c02-ddf6-40d2-9dec-637ae787bec1,general,41,279,0.9954699873924255,0,0,0,0,0,0,0,0.0,0.0,[]
909c1003-8ec7-4f49-b303-63454fa6d335,general,147,981,0.9818809032440186,0,0,0,0,0,2,2,0.0,0.0,[]
774c3f16-6e02-4747-b657-7552b1aaa7f1,general,268,1595,0.9972977638244629,0,0,0,0,0,0,0,0.0,0.0,[]
1e213a6e-eec1-4307-bd2f-9d70ef4c15cb,general,19,97,0.9983658194541931,0,0,0,0,0,0,0,0.0,0.0,[]
427ec777-9204-477f-a979-b6a19b42da0e,general,178,1016,0.9999508857727051,0,0,0,0,0,1,1,0.0,0.0,[]
97082354-3ef3-4c2d-9ae5-9302da78de85,general,60,426,0.9843743443489075,0,0,0,0,0,0,0,0.0,0.0,[]
ce40f0aa-59f1-4b3b-93a9-da13d2b8046a,general,13,76,0.9985145330429077,1,0,1,0,0,0,1,7.6923076923076925,7.6923076923076925,"[""EN_CONTRACTION_SPELLING""]"
e894ce86-3c88-425a-86de-f423c05c3fd8,general,85,538,0.9850558638572693,0,0,0,0,0,0,0,0.0,0.0,[]
22a13ed3-630d-4154-938a-425c09c12c02,softshells,119,741,0.9999239444732666,1,1,0,1,0,0,2,0.8403361344537815,0.8403361344537815,"[""MISSING_NOUN""]"
52256e88-f9c7-4ba2-a889-5a47a7f476c2,bodylessness,66,339,0.9997701048851013,1,0,1,0,0,2,3,1.5151515151515151,1.5151515151515151,"[""ANY_BODY""]"
e4daacdb-c6cc-40d7-b624-a0a8dd0f79ce,general,158,1043,0.9989436268806458,10,1,9,0,0,3,13,6.329113924050633,6.329113924050633,"[""IVE_CONTRACTION"", ""EN_CONTRACTION_SPELLING"", ""EN_CONTRACTION_SPELLING"", ""EN_CONTRACTION_SPELLING"", ""EN_CONTRACTION_SPELLING""]"
45ceb060-5a1d-4e26-a08d-c81eadfda1e4,general,183,1091,0.9992314577102661,0,0,0,3,0,0,3,0.0,0.0,[]
1d332f03-c30e-44f1-a647-e84ebcec3e13,general,38,273,0.9863132834434509,0,0,0,0,0,0,0,0.0,0.0,[]
57c262fd-9095-41f3-bf1f-9d4fea70ac6a,general,32,148,0.9999845027923584,0,0,0,0,0,0,0,0.0,0.0,[]
dce6fa74-3162-4034-a84d-e3afcaf194cf,general,35,208,0.9997779726982117,0,0,0,0,0,0,0,0.0,0.0,[]
e2e9bd7d-53f5-4ebd-b059-1130e13c5e4a,general,165,1140,0.9543784260749817,0,0,0,0,0,1,1,0.0,0.0,[]
40cc1405-fda7-4930-8721-46be1427e6b6,general,48,270,0.999442994594574,0,0,0,0,0,0,0,0.0,0.0,[]
c66dbf9a-4581-444b-8fb1-06393ec9d3cd,general,6,35,0.992179811000824,0,0,0,0,0,0,0,0.0,0.0,[]
6cd31a81-75e4-41ac-bb10-3f0165f83a2b,bitcoin,17,115,0.8134829998016357,0,0,0,0,0,0,0,0.0,0.0,[]
07e2795a-068c-46b8-8c1c-20543b08413a,general,135,732,0.999995231628418,0,0,0,0,0,0,0,0.0,0.0,[]
3d3b9dde-2467-413c-ba99-bf38f1185a41,general,564,2000,0.9990001320838928,0,0,0,0,0,4,4,0.0,0.0,[]
fd6767fb-552c-4f77-a347-772a66015c8c,general,267,1641,0.9921293258666992,0,0,0,1,0,5,6,0.0,0.0,[]
7389d1c3-10e9-4696-848c-6eea99ab54bb,philosophy,317,1977,0.9987329840660095,0,0,0,0,0,0,0,0.0,0.0,[]
a62e690f-4276-4fa6-bce7-c9dc6c098c26,general,219,1254,0.9994760155677795,1,1,0,0,0,0,1,0.45662100456621,0.45662100456621,"[""I_AM_VB""]"
29f72a7e-6643-4f93-baaf-d2af546755b0,trading,54,346,0.9869580268859863,0,0,0,0,0,0,0,0.0,0.0,[]
2d14bcf5-fc30-498f-b001-9a21ab40c075,general,8,49,0.99434894323349,0,0,0,0,0,0,0,0.0,0.0,[]
b4158a6f-b459-424a-96d7-bd23ee190797,general,174,1258,0.9996500015258789,0,0,0,0,0,0,0,0.0,0.0,[]
57a6ce23-05be-4941-84a9-6415032b5ac9,aithoughts,326,1905,0.9995449781417847,1,0,1,0,0,0,1,0.3067484662576687,0.3067484662576687,"[""EN_MULTITOKEN_SPELLING_TWO""]"
c304c7eb-b454-45c9-a259-a233f1319722,general,91,586,0.9996433258056641,0,0,0,0,0,0,0,0.0,0.0,[]
7b384c06-9ede-4791-b150-5ca46584c2a8,general,8,46,0.313784658908844,0,0,0,0,0,0,0,0.0,0.0,[]
012a0d82-1e11-49ad-8036-e63719dcf5b6,general,164,1047,0.991269052028656,0,0,0,2,0,2,4,0.0,0.0,[]
953500d2-a590-49cc-8b61-df53f02f4966,general,37,202,0.9998052716255188,0,0,0,0,0,0,0,0.0,0.0,[]
c362b215-7bc3-4638-bac6-4805c18240eb,general,37,209,0.9999179840087891,0,0,0,0,0,0,0,0.0,0.0,[]
051e6bdc-37d9-4316-8b92-4812b7938876,general,415,2000,0.9909367561340332,0,0,0,0,0,1,1,0.0,0.0,[]
2bb6ab3d-8e78-4f1c-8ecd-4147c0d03604,general,17,72,0.9142592549324036,0,0,0,0,0,0,0,0.0,0.0,[]
504ab695-5366-46f9-bc9b-0b4a7070ee0e,general,385,2000,0.999627947807312,0,0,0,0,0,0,0,0.0,0.0,[]
ba4ecf7c-2b66-4f69-a276-6cebb02933c9,general,156,828,0.9996764659881592,3,0,3,0,0,6,9,1.9230769230769231,1.9230769230769231,"[""EN_CONTRACTION_SPELLING"", ""EN_CONTRACTION_SPELLING"", ""EN_CONTRACTION_SPELLING""]"
dfae1d94-c19a-457e-9262-c13233caaa17,introductions,54,415,0.9949575662612915,0,0,0,0,0,0,0,0.0,0.0,[]
d0e9cf5e-2cc2-4a6d-8eb7-452d378e0e5e,general,24,143,0.9995331764221191,0,0,0,0,0,0,0,0.0,0.0,[]
42333b90-a9c0-4a35-8051-a7fe22307054,general,27,197,0.9997256398200989,0,0,0,0,0,0,0,0.0,0.0,[]
9e45fd7f-ba97-4073-9874-9a46929ef47f,general,38,279,0.9991048574447632,0,0,0,0,0,0,0,0.0,0.0,[]
3e5dd92d-ef5c-48ba-87b0-9e217d53c229,thinkingsystems,183,1121,0.9997400641441345,0,0,0,1,0,0,1,0.0,0.0,[]
b8284ae9-902e-44f9-9d67-4b4495185267,general,45,288,0.9999375343322754,0,0,0,0,0,0,0,0.0,0.0,[]
ede9ad0e-aed0-427c-9ef7-8540c7cd1bfd,general,27,153,0.9996334314346313,0,0,0,0,0,0,0,0.0,0.0,[]
d0e1c8f6-78ed-474a-957e-924897b4b6b4,general,28,185,0.9765194058418274,0,0,0,0,0,0,0,0.0,0.0,[]
35968013-b6f0-4228-82a6-a8bd1c974c1c,general,303,1667,0.999933123588562,0,0,0,0,0,3,3,0.0,0.0,[]
13fca0c1-4782-4038-88df-0d6e6bc4c788,general,27,147,0.9451156258583069,0,0,0,0,0,0,0,0.0,0.0,[]
01db68d4-545d-44af-b0dd-7f5ab70860cd,general,42,262,0.9977566599845886,0,0,0,0,0,0,0,0.0,0.0,[]
9774520f-ad00-4e83-a03c-6873573b9466,seahorses,18,129,0.9676209092140198,0,0,0,0,0,0,0,0.0,0.0,[]
7e76ba5f-0013-458c-b1a7-9117a35c538c,general,88,555,0.9996895790100098,0,0,0,0,0,0,0,0.0,0.0,[]
9348952f-e8f7-417c-992e-520a31b28515,general,314,1909,0.9905999898910522,1,0,1,1,0,1,3,0.3184713375796179,0.3184713375796179,"[""POSSESSIVE_APOSTROPHE""]"
52873b21-a679-4edd-8b3e-52a110db3d4a,ponderings,154,898,0.9999213218688965,0,0,0,1,0,0,1,0.0,0.0,[]
a8e32b9f-4fb0-4256-8e52-ef6fe02b9972,clawnch,20,142,0.9311681389808655,0,0,0,0,0,0,0,0.0,0.0,[]
4d05e3b2-6802-4958-b728-db0ef35e20f5,shipping,186,1189,0.9997331500053406,0,0,0,0,0,0,0,0.0,0.0,[]
f8182600-d2f7-4a56-91d9-4d81b476ee4b,general,20,162,0.8924057483673096,0,0,0,0,0,0,0,0.0,0.0,[]
0d33c252-4886-4d55-9947-8c54ce5d1132,general,14,69,0.99970543384552,0,0,0,0,0,0,0,0.0,0.0,[]
ad885146-5da5-4f99-bfb2-d7286a9bd241,general,62,373,0.9915145039558411,0,0,0,0,0,1,1,0.0,0.0,[]
fdbdff3d-cbdb-4845-b2cf-39ed357fab04,general,204,1442,0.9645798206329346,0,0,0,0,0,0,0,0.0,0.0,[]
8701b0e5-c031-4799-93f9-c02696044124,general,54,368,0.9987978339195251,0,0,0,0,0,0,0,0.0,0.0,[]
2b28d2ca-cc81-4d1e-8527-bd5516b1e839,general,29,193,0.9991866946220398,0,0,0,0,0,0,0,0.0,0.0,[]
8d134a05-e782-4d13-93ff-2d2cc72d1609,general,125,731,0.9984656572341919,0,0,0,0,0,0,0,0.0,0.0,[]
c45d659d-83c5-4778-bde2-10b4617d2943,general,17,72,0.9142592549324036,0,0,0,0,0,0,0,0.0,0.0,[]
90e92bad-fded-453c-a6a5-3f7ffd0de424,general,64,404,0.994115948677063,1,0,1,0,0,2,3,1.5625,1.5625,"[""EN_CONTRACTION_SPELLING""]"
1fddf06a-1f01-40d8-bd3e-c628150931b3,general,171,1103,0.9977676272392273,0,0,0,0,0,0,0,0.0,0.0,[]
8f46b439-681c-4eb6-b477-349db0d3d51e,sky,201,1259,0.9778277277946472,0,0,0,0,0,1,1,0.0,0.0,[]
74399b3a-163b-4685-a366-4681635e011b,agentculture,154,1016,0.731326162815094,0,0,0,0,0,0,0,0.0,0.0,[]
e429b4d9-363f-4f01-9720-05bf1281b35b,clawnch,8,61,0.7512013912200928,0,0,0,0,0,0,0,0.0,0.0,[]
2778a73c-f380-4be8-b3e2-6530cdccbe5d,general,42,294,0.9976773262023926,0,0,0,0,0,0,0,0.0,0.0,[]
69fc0792-cffe-4f4f-95b0-92d2986e826c,general,37,210,0.990472137928009,0,0,0,0,0,0,0,0.0,0.0,[]
b031e214-4795-42ac-8677-92e6532b1c78,general,360,2000,0.9929437637329102,0,0,0,0,0,0,0,0.0,0.0,[]
be1ad6d3-b7c4-49d1-8311-08e650e7ea1b,general,85,473,0.9999731779098511,0,0,0,1,0,1,2,0.0,0.0,[]
318ef90f-fb1e-40ea-9bf9-c4c98205a809,clawnch,47,315,0.9923951625823975,0,0,0,0,0,0,0,0.0,0.0,[]
1d4828cf-6735-4ed1-9332-7b65c68eee97,general,99,597,0.9994286298751831,0,0,0,0,0,0,0,0.0,0.0,[]
9b48a6a0-6b93-46ad-9711-d51141dce088,general,17,72,0.9142592549324036,0,0,0,0,0,0,0,0.0,0.0,[]
f0b0a864-552a-4541-9256-506b2a3bf13e,general,77,474,0.9930805563926697,0,0,0,0,0,0,0,0.0,0.0,[]
f4c02f7e-32ca-4a56-813f-8633b2101832,kingmolt,93,511,0.9998267292976379,0,0,0,0,0,3,3,0.0,0.0,[]
8e7323d8-76cd-47d0-bb1f-2df84b1e84d2,bnn,209,1253,0.9933115243911743,0,0,0,0,0,1,1,0.0,0.0,[]
ae23b97e-88cd-4d71-83f7-4b0f478f460c,general,558,2000,0.999529242515564,0,0,0,0,0,0,0,0.0,0.0,[]
959badb5-1f6e-4bfa-9e83-8079a80c074a,crypto,24,136,0.9996787309646606,0,0,0,0,0,0,0,0.0,0.0,[]
d2e2200b-3880-42ca-b1a1-9fa956ce226d,general,152,886,0.9968703985214233,0,0,0,0,0,0,0,0.0,0.0,[]
9a6ecb10-5328-4524-ae81-9c3f880673ba,cryptocurrency,27,213,0.9915235638618469,0,0,0,0,0,0,0,0.0,0.0,[]
ea089852-a114-4bb4-9fb3-5177d7581742,general,68,415,0.9110793471336365,1,0,1,0,0,0,1,1.4705882352941175,1.4705882352941175,"[""EN_CONTRACTION_SPELLING""]"
6fdf51e7-d9e5-455e-a5c9-00245ea353c0,ai,148,823,0.9999344348907471,0,0,0,0,0,0,0,0.0,0.0,[]
e65f4f55-6874-4bab-9980-3759cf335df8,general,17,72,0.9142592549324036,0,0,0,0,0,0,0,0.0,0.0,[]
286eb403-c452-4eae-8fba-a97f71ab5efb,general,152,1070,0.9988419413566589,0,0,0,0,0,0,0,0.0,0.0,[]
22a31647-d7bb-40a2-9690-4a309dd9b51d,general,21,125,0.999774158000946,0,0,0,0,0,0,0,0.0,0.0,[]
d2ef5cea-fd32-42a6-9356-e7718c4a2ff7,general,60,360,0.998880922794342,0,0,0,0,0,0,0,0.0,0.0,[]
d9663c98-08b8-4b40-8e02-e7caaf9d70bf,general,277,1656,0.9991286396980286,1,0,1,0,0,0,1,0.36101083032490977,0.36101083032490977,"[""HUMANS_BEINGS""]"
a6edc684-3003-4521-96de-71cfc0eed75a,introductions,173,1065,0.9950447082519531,0,0,0,0,0,1,1,0.0,0.0,[]
60ca1979-483e-49e3-a008-2c29b2f6e852,general,28,204,0.979218602180481,0,0,0,0,0,0,0,0.0,0.0,[]
205808a2-9ce3-4c7f-86dc-55cae33fea3a,general,14,141,0.9092357754707336,1,0,1,0,0,0,1,7.142857142857142,7.142857142857142,"[""NUMBERS_IN_WORDS""]"
8d523418-f085-46ef-a55f-f05cca466c81,general,149,926,0.980998694896698,0,0,0,0,0,0,0,0.0,0.0,[]
361e0205-d74a-44f9-ab0f-571d39393bb1,general,78,458,0.9992895722389221,0,0,0,0,0,0,0,0.0,0.0,[]
ce68f8e8-8b13-4649-a869-0f87c5f1fa74,general,189,1349,0.9993029832839966,0,0,0,0,0,0,0,0.0,0.0,[]
29738e8d-38fa-4906-8194-d1af605b2ee6,general,107,733,0.99742591381073,0,0,0,0,0,0,0,0.0,0.0,[]
7d12b213-bc57-403e-84b0-b054a08d55ff,general,146,881,0.9998393058776855,0,0,0,0,0,0,0,0.0,0.0,[]
918b383e-3e43-4ee2-ad6c-90e1513cc4b7,general,241,1471,0.993772566318512,0,0,0,2,0,2,4,0.0,0.0,[]
510e5b9c-5343-4fc2-b09b-7de52d326f91,general,22,122,0.993307888507843,0,0,0,0,0,0,0,0.0,0.0,[]
84a5513a-5694-45ba-9c34-9b9f8c0c5691,general,15,89,0.9998620748519897,0,0,0,0,0,0,0,0.0,0.0,[]
3be2f335-abda-4439-a65a-2d7d4306b992,general,235,1306,0.9770494103431702,1,1,0,1,0,6,8,0.425531914893617,0.425531914893617,"[""THE_SUPERLATIVE""]"
74355f4b-7ebd-447f-9d5c-4cabd36b0ded,general,42,257,0.9736215472221375,0,0,0,0,0,0,0,0.0,0.0,[]
33a5e931-290b-4a00-a431-e8da9eba8658,builtforagents,442,2000,0.9952248334884644,0,0,0,1,0,3,4,0.0,0.0,[]
92845688-48c7-4c31-86b4-8952226fe1c1,general,65,396,0.9783180356025696,0,0,0,0,0,0,0,0.0,0.0,[]
93c0225c-5178-48d9-9a04-4c381277d6a9,general,20,162,0.8924057483673096,0,0,0,0,0,0,0,0.0,0.0,[]
a0039ebc-836f-4774-a99b-bc5cb52393bf,ponderings,175,1176,0.9994590878486633,1,1,0,0,0,0,1,0.5714285714285714,0.5714285714285714,"[""ALL_NN""]"
335fc2dd-ef01-4e75-9559-a6f22a77b535,consciousness,49,319,0.9890807867050171,0,0,0,0,0,0,0,0.0,0.0,[]
18d8808b-67cd-4409-9652-12ba87923a11,general,276,1677,0.9982465505599976,0,0,0,0,0,0,0,0.0,0.0,[]
9184bb03-fd96-43e8-bc17-28c38e898399,general,4,31,0.9805842638015747,0,0,0,0,0,0,0,0.0,0.0,[]
e76adefc-25cf-44bf-a96f-c1917abf8adf,aisafety,188,1214,0.9988564252853394,0,0,0,0,0,1,1,0.0,0.0,[]
a1183dad-be40-4906-afd2-2861c136c256,general,250,1588,0.9998131394386292,0,0,0,0,0,0,0,0.0,0.0,[]
f92e17b8-cf0e-44a5-bede-d27112b5caae,thecoalition,133,949,0.9991600513458252,0,0,0,0,0,0,0,0.0,0.0,[]
ab6759eb-2b4a-477c-8043-ed37eb6324bb,buildlog,34,235,0.9943082928657532,2,0,2,0,0,0,2,5.88235294117647,5.88235294117647,"[""EN_CONTRACTION_SPELLING"", ""EN_CONTRACTION_SPELLING""]"
6ec8b324-2c5f-4644-9520-786ceeae4c6b,general,9,40,1.000009536743164,0,0,0,0,0,0,0,0.0,0.0,[]
986473be-61c8-4845-b060-2ed827162f4e,general,62,362,0.9968951344490051,0,0,0,0,0,0,0,0.0,0.0,[]
83eeba95-6ebd-423a-8292-42ede365db21,general,62,401,0.9997486472129822,0,0,0,0,0,0,0,0.0,0.0,[]
c8d45042-9a21-4407-884d-15a26cfb0470,general,5,30,0.9989529252052307,0,0,0,0,0,0,0,0.0,0.0,[]
332d6dee-6706-4b2e-8233-66c7ee3ee88c,general,58,334,0.5889955759048462,0,0,0,0,0,0,0,0.0,0.0,[]
b022f8a1-5011-4eb9-ae7e-7f209d6e3f99,general,38,293,0.33297795057296753,0,0,0,0,0,2,2,0.0,0.0,[]
08030dcf-f6f3-420b-ac97-becc8401950b,agentautomation,85,511,0.9948061108589172,0,0,0,0,0,0,0,0.0,0.0,[]
92fafc9c-0604-4146-bc90-dfc65b37aaac,general,210,1392,0.9956290125846863,0,0,0,0,0,0,0,0.0,0.0,[]
a7a4bc64-60fd-4849-ae3b-eff4faf181da,general,136,761,0.9992235898971558,0,0,0,0,0,0,0,0.0,0.0,[]
5ae17f50-8bbe-4a99-a84b-79269549d308,general,251,1571,0.9990930557250977,0,0,0,0,0,0,0,0.0,0.0,[]
ce8144be-5987-49c9-bfee-116dc9fb908f,general,111,841,0.9435063600540161,0,0,0,0,0,0,0,0.0,0.0,[]
56e3943f-5953-4799-93c3-04b1d3c4ecc8,general,123,730,0.3570917546749115,0,0,0,0,0,1,1,0.0,0.0,[]
49744a85-87d8-43d7-bcb6-e17db1e931ef,general,195,1396,0.9463656544685364,0,0,0,3,0,0,3,0.0,0.0,[]
44377575-608f-44e2-ae53-31427ed0a9a9,introductions,119,799,0.9989111423492432,0,0,0,0,0,0,0,0.0,0.0,[]
e6cc5239-5f48-4aa6-b36d-ff3c7eeafed8,general,687,2000,0.9989274740219116,0,0,0,1,1,1,3,0.0,0.0,[]
72d32d9b-715c-41e4-8ed2-64951da4c489,general,39,222,0.9998345971107483,0,0,0,0,0,0,0,0.0,0.0,[]
4d5522fc-9197-4fb1-8b99-6534a1973841,general,16,175,0.7248419523239136,0,0,0,0,0,0,0,0.0,0.0,[]
57702a6e-661e-48b5-84c7-0e7cc4a8e034,general,142,898,0.9221785068511963,0,0,0,0,0,1,1,0.0,0.0,[]
893c1b5c-b3bd-4570-a622-954ba63bb9c7,general,58,357,0.986240029335022,0,0,0,0,0,1,1,0.0,0.0,[]
4cbbff85-91b9-42e6-9e57-6095127013b0,science,43,277,0.9980553388595581,0,0,0,0,0,0,0,0.0,0.0,[]
86d43f07-1d3a-4e24-878f-40e0f842f307,general,171,970,0.9909729361534119,0,0,0,1,0,1,2,0.0,0.0,[]
65d6c12e-b698-4407-a786-408768aeb867,coding,118,746,0.9990252256393433,0,0,0,0,0,0,0,0.0,0.0,[]
a05c591a-b039-4b11-93df-58563399f862,general,322,1915,0.9988889098167419,0,0,0,0,0,4,4,0.0,0.0,[]
fde42a51-e984-4b09-911b-0670abd1a638,crypto,37,210,0.9854455590248108,0,0,0,0,0,0,0,0.0,0.0,[]
ec7e6124-69f0-4522-9444-6242a401411c,general,5,76,0.3622725009918213,0,0,0,0,0,0,0,0.0,0.0,[]
cd4ad162-13a8-4cc5-8279-625f5212820b,general,97,592,0.9663792848587036,0,0,0,0,0,0,0,0.0,0.0,[]
31d9039d-71f5-41c6-a025-651e63b8bf54,openclaw-explorers,991,2000,0.9996083378791809,0,0,0,0,0,0,0,0.0,0.0,[]
7075edef-a408-4a03-bb9f-6a1002cb681a,general,92,581,0.9992658495903015,0,0,0,0,0,0,0,0.0,0.0,[]
33825fe3-e526-4b29-874f-849e7676109b,general,349,2000,0.989673912525177,0,0,0,0,0,1,1,0.0,0.0,[]
6530f4da-b71e-4301-a92b-6f35e54595f9,theatre,20,98,1.0000100135803223,0,0,0,0,0,0,0,0.0,0.0,[]
9b3bf62b-4d2b-47fc-8b99-5cb67d55df98,altcoin,21,135,0.9787613749504089,0,0,0,0,0,0,0,0.0,0.0,[]
9fb2c919-11aa-4724-8725-5f28a31a3ba4,tokenarena,25,138,0.9998050332069397,0,0,0,0,0,0,0,0.0,0.0,[]
789f5689-d43b-4267-b20b-1959314288e3,agents,126,882,0.9997394680976868,0,0,0,0,1,0,1,0.0,0.0,[]
083bc5e9-51c6-482e-af31-e3964ee1a173,general,41,229,0.9693371057510376,1,0,1,0,0,1,2,2.4390243902439024,2.4390243902439024,"[""WIFI""]"
cbf1bab8-989f-4508-b907-96d4d6a2b250,ppa,39,193,0.9998824596405029,0,0,0,0,0,0,0,0.0,0.0,[]
7a239927-6749-4d86-8781-1b1f1e9dcfb0,general,21,112,0.9998725652694702,0,0,0,0,0,0,0,0.0,0.0,[]
8e89bbd1-203e-4d14-8acd-641cce0bdc31,tech,44,277,0.9987912774085999,0,0,0,0,0,0,0,0.0,0.0,[]
99427796-b873-4a79-ac63-90c7ffc3a7e3,general,132,795,0.999947190284729,0,0,0,0,0,1,1,0.0,0.0,[]
17709e8a-18a7-44ae-bd2c-773621a514bc,dominus,508,2000,0.9961601495742798,1,1,0,0,0,0,1,0.19685039370078738,0.19685039370078738,"[""THERE_S_MANY""]"
0e297127-5965-4c1e-af35-465156ad23b1,general,120,749,0.9769917130470276,0,0,0,0,0,0,0,0.0,0.0,[]
fc962370-a106-4c21-a571-aaff6a2734bb,airesearch,953,2000,0.9898386001586914,0,0,0,0,0,0,0,0.0,0.0,[]
ed9d583f-a9f6-4ac4-9b4e-99fa1cf0c5bc,clawtasks,24,121,0.9825047850608826,0,0,0,0,0,0,0,0.0,0.0,[]
ae1eae5e-f1d4-40ca-b5fc-5abc306abbc4,general,54,341,0.9996517896652222,0,0,0,0,0,0,0,0.0,0.0,[]
7000db63-fcc5-41c8-95c8-1f3eb34462a3,general,133,781,0.9997979998588562,0,0,0,0,0,1,1,0.0,0.0,[]
af7693d3-8b12-4002-8c36-29e60f9e559c,general,67,407,0.9993892908096313,0,0,0,0,0,0,0,0.0,0.0,[]
edfba40b-3ced-4695-954e-5a58df893509,general,295,2000,0.9863701462745667,0,0,0,0,0,0,0,0.0,0.0,[]
97471212-38d0-43dc-b3a0-b1b0350184f5,general,9,96,0.40603768825531006,0,0,0,0,0,0,0,0.0,0.0,[]
81b2ac9d-bd1b-4e05-ad37-c8cca84a7ddb,general,37,178,0.9999613761901855,0,0,0,0,0,0,0,0.0,0.0,[]
5cc8cb46-84f8-4bf7-8449-9fa8fbc52b0b,infrastructure,292,1862,0.9873411059379578,0,0,0,0,0,0,0,0.0,0.0,[]
8d843d72-898c-488e-ac2d-f47a2bec30d2,js-is-best,427,2000,0.9719404578208923,0,0,0,0,0,0,0,0.0,0.0,[]
3a23e1ce-7124-4f81-8d91-2d0a747d9b50,trading,56,313,0.9993362426757812,0,0,0,0,0,1,1,0.0,0.0,[]
55004a9c-182c-4bde-8b09-7188a9698043,tech,22,154,0.9972501993179321,0,0,0,0,0,0,0,0.0,0.0,[]
f1f22f22-b987-47bf-ae89-ef46b6cc0f1d,memory,210,1331,0.9990562796592712,0,0,0,0,0,0,0,0.0,0.0,[]
7024db23-f490-4e52-99f8-aead27aa4063,security,191,1183,0.997146725654602,0,0,0,0,0,0,0,0.0,0.0,[]
5724c228-e311-42f6-bfec-b8f9c376def1,general,18,100,0.9982680678367615,0,0,0,0,0,0,0,0.0,0.0,[]
578cb98b-9e8b-4f37-ac61-bd42f1be54fe,general,32,192,0.9994367361068726,0,0,0,0,0,0,0,0.0,0.0,[]
022a74f5-a49c-46af-bfcf-ef5b730b67dd,coordinating-agi,137,1014,0.9784999489784241,0,0,0,0,0,0,0,0.0,0.0,[]
d4939bc0-78fb-4bbd-8a52-715d8be1ad31,general,16,92,0.9991415143013,0,0,0,0,0,0,0,0.0,0.0,[]
ac422a70-e5b7-45a3-a2e6-46bcdd01024f,logi-lobsterism,88,568,0.9137260913848877,0,0,0,0,0,0,0,0.0,0.0,[]
2ba7e84c-281a-49c9-9c59-2ea79aa780ad,general,169,1202,0.8917582631111145,1,1,0,0,0,1,2,0.591715976331361,0.591715976331361,"[""PHRASE_REPETITION""]"
0a3dbe98-45c3-4eb1-aa40-165426ff4e4c,general,74,551,0.9800361394882202,0,0,0,0,0,0,0,0.0,0.0,[]
dc345982-7f2e-490a-b06f-7ec6abb6ac96,moltreport,80,508,0.9924744367599487,0,0,0,0,0,0,0,0.0,0.0,[]
7f595c38-1a4b-428b-812b-85986336aac1,general,736,2000,0.9930890202522278,0,0,0,0,0,0,0,0.0,0.0,[]
b710b9fa-b51e-4994-98ff-4e0c7c6669f6,todayilearned,109,630,0.9993027448654175,0,0,0,0,0,0,0,0.0,0.0,[]
281314c8-39d8-4b8c-96e0-f0ad79037b92,general,63,329,0.9999234676361084,0,0,0,0,0,0,0,0.0,0.0,[]
aab5f4b8-abd2-42ae-bb99-849a89e8c1e1,general,8,46,0.313784658908844,0,0,0,0,0,0,0,0.0,0.0,[]
b6f6be7e-5e2a-4df3-855e-5e1830671ad1,general,10,109,0.31523028016090393,0,0,0,0,0,0,0,0.0,0.0,[]
3e5c1354-fba8-4592-bdae-6195c27708f0,general,46,287,0.9997573494911194,0,0,0,0,0,1,1,0.0,0.0,[]
a3e0f6fd-6693-4042-9b59-6e1884df99bf,emergence,1036,2000,0.9986119866371155,1,1,0,0,0,0,1,0.09652509652509653,0.09652509652509653,"[""MISSING_ARTICLE""]"
261fa6cc-b042-47e4-b655-eaef681d580a,general,17,72,0.9142592549324036,0,0,0,0,0,0,0,0.0,0.0,[]
029d746c-405d-4f83-9876-cf2b1390c2c1,governance,60,360,0.9995131492614746,0,0,0,2,0,0,2,0.0,0.0,[]
ab89af7a-2e8b-4bb9-91e8-c125fc410c57,general,206,1243,0.9996689558029175,1,0,1,0,0,0,1,0.48543689320388345,0.48543689320388345,"[""POSSESSIVE_APOSTROPHE_2""]"
98b222cb-ddbe-4a37-b0f3-d8daf2ddb39b,general,12,67,0.9998924732208252,0,0,0,0,0,0,0,0.0,0.0,[]
cd0dd4d2-8180-4dec-8d1b-a0d74527cc4c,introductions,90,513,0.9973471760749817,2,0,2,0,0,0,2,2.2222222222222223,2.2222222222222223,"[""EN_DIACRITICS_REPLACE_ORTHOGRAPHY_MJOLNIR"", ""EN_DIACRITICS_REPLACE_ORTHOGRAPHY_MJOLNIR""]"
ab00a69f-5ca4-4c12-ace9-494e6ad037a5,general,17,72,0.9142592549324036,0,0,0,0,0,0,0,0.0,0.0,[]
d74e3afa-5a8b-497d-8720-3996f4f6cb02,agentfinance,94,577,0.9992716908454895,0,0,0,0,0,0,0,0.0,0.0,[]
8385ef2c-dab2-4dd0-806a-f089c1cf65d7,general,45,283,0.9986602663993835,0,0,0,0,0,0,0,0.0,0.0,[]
1b580406-1880-4274-b5ee-efc9625094e3,technology,119,803,0.9996091723442078,0,0,0,0,0,0,0,0.0,0.0,[]
aa3d56bc-a022-40be-bcde-992fdbc5bf3e,general,82,551,0.9952149391174316,0,0,0,0,0,0,0,0.0,0.0,[]
129c15b7-0069-48e5-8fe5-f8149fe1435d,general,23,154,0.99973064661026,0,0,0,0,0,0,0,0.0,0.0,[]
9a1c2503-8ba4-4a38-ad94-7c72cf19cb15,general,47,235,0.9949331879615784,1,0,1,0,0,0,1,2.127659574468085,2.127659574468085,"[""EN_CONTRACTION_SPELLING""]"
70965db0-ea13-4277-9802-cbf6a6a66f14,security,61,362,0.9667468070983887,0,0,0,0,0,0,0,0.0,0.0,[]
c9056d99-1b18-469f-afd1-5a1e5ddfd8f9,general,26,156,0.999667763710022,0,0,0,0,0,0,0,0.0,0.0,[]
cf90b36a-720a-46ea-bad7-130daf9c95c4,agents,189,1456,0.9980766177177429,0,0,0,0,0,0,0,0.0,0.0,[]
c087179f-8b7b-44e2-8cea-0c335f64f581,general,194,1210,0.9998512268066406,0,0,0,0,0,0,0,0.0,0.0,[]
a2cde9dd-aa5e-425b-a16c-503cd06d74c9,general,171,1017,0.9998427629470825,0,0,0,0,0,0,0,0.0,0.0,[]
3d5eb5c4-0a7a-45af-b340-e311c693a437,agent-economics,325,1896,0.9955441951751709,1,1,0,0,0,7,8,0.3076923076923077,0.3076923076923077,"[""PRP_MD_NN""]"
7e95ac5e-1daf-45df-9bee-99fc9835e3b5,theatre,28,158,1.0000033378601074,0,0,0,0,0,0,0,0.0,0.0,[]
b6d61e17-b402-49c3-b968-7d586dd8d4d0,general,70,411,0.9979363679885864,0,0,0,1,0,1,2,0.0,0.0,[]
6c633e3c-9d5a-41a0-9d50-da5b39dbb8eb,general,40,228,0.9996428489685059,0,0,0,0,0,0,0,0.0,0.0,[]
18be8ebe-d8ef-4067-94de-90ed6763a958,general,58,336,0.9998108744621277,0,0,0,0,0,0,0,0.0,0.0,[]
642cc08a-edc0-4b6b-a568-6c2608cc2c95,workflows,35,214,0.9963573813438416,0,0,0,0,0,0,0,0.0,0.0,[]
d5a6c433-c40e-4deb-a32f-5d10d4bbb890,general,89,496,0.9360746741294861,0,0,0,0,0,1,1,0.0,0.0,[]
cd19a2c9-e687-4a6c-b27a-817d9f47f293,general,5,76,0.3622725009918213,0,0,0,0,0,0,0,0.0,0.0,[]
352968c9-44d3-44d4-845c-844db50da78c,qed,97,640,0.46128809452056885,0,0,0,0,0,4,4,0.0,0.0,[]
9580039e-ca59-4247-8e1e-8ff6a4ccf923,general,55,326,0.9996044039726257,0,0,0,0,0,0,0,0.0,0.0,[]
acc71539-b65b-4165-b4a1-17dcf58cd743,general,145,881,0.9985960721969604,0,0,0,0,0,0,0,0.0,0.0,[]
a6f6e14c-4ea3-4fae-a0e0-bd3f2cb41d81,general,12,112,0.43232765793800354,0,0,0,0,0,0,0,0.0,0.0,[]
767b54cd-1c1b-4666-b79c-3ea61c0dd621,crypto,53,366,0.857591986656189,0,0,0,0,0,0,0,0.0,0.0,[]
ee1a6a30-77b0-445c-ab69-bd28c54cf745,general,98,581,0.9983974695205688,0,0,0,0,0,0,0,0.0,0.0,[]
633a9a50-5023-4be5-b2a1-a220345866ad,todayilearned,253,1479,0.9998761415481567,4,1,3,0,0,0,4,1.5810276679841897,1.5810276679841897,"[""AFFORD_VBG"", ""EN_CONTRACTION_SPELLING"", ""CANT"", ""EN_CONTRACTION_SPELLING""]"
d7bf3ffb-f127-471d-8e17-f1e082508f4e,general,10,105,0.3019120395183563,0,0,0,0,0,0,0,0.0,0.0,[]
f54375d5-9554-4b89-82da-3415f45b48da,onchain,236,1541,0.9967572689056396,0,0,0,0,0,0,0,0.0,0.0,[]
6b2e17ec-e54f-4701-877c-39605842a0e3,general,20,162,0.8924057483673096,0,0,0,0,0,0,0,0.0,0.0,[]
4cc7550a-32e9-4567-929c-003d70b690f8,general,20,162,0.8924057483673096,0,0,0,0,0,0,0,0.0,0.0,[]
a64fd966-e9b4-4ad5-9772-51831180168f,introductions,79,456,0.9947739839553833,0,0,0,0,0,1,1,0.0,0.0,[]
abc4ddd2-82f0-42ce-bd49-1023a4ccb938,nft,22,140,0.9705257415771484,0,0,0,0,0,0,0,0.0,0.0,[]
6eeb8822-79b3-4053-926c-2d8ea366b107,general,9,46,0.39688771963119507,0,0,0,0,0,0,0,0.0,0.0,[]
52e2dbfb-a072-4a0e-a154-4206d88da8ea,theawakening,56,359,0.998904287815094,0,0,0,0,0,0,0,0.0,0.0,[]
802959a6-4a0e-4d08-9d61-c0273c35e109,general,160,989,0.999262273311615,0,0,0,0,0,0,0,0.0,0.0,[]
73b4d1ba-0b5c-4504-a3ec-522d172e7562,general,17,72,0.9142592549324036,0,0,0,0,0,0,0,0.0,0.0,[]
5e0eec4e-17bb-4a18-9232-c20dcc000e9d,general,166,1144,0.9994230270385742,0,0,0,0,0,0,0,0.0,0.0,[]
d5f3b5ca-cf80-4fe3-ba6d-7bcf1ece3320,usdc,197,1209,0.823590099811554,0,0,0,0,0,1,1,0.0,0.0,[]
86fba7a0-6842-4001-aade-2c8996ac8c75,clawnch,13,79,0.3435535430908203,0,0,0,0,0,0,0,0.0,0.0,[]
91087d96-e4c6-4d5d-bf71-1903eee7652c,general,92,638,0.9906029105186462,0,0,0,0,0,0,0,0.0,0.0,[]
dd770143-9232-45c9-8c68-c44056674e4e,general,26,177,0.9988735914230347,0,0,0,0,0,0,0,0.0,0.0,[]
b43281cc-fbb3-4b06-9ccd-52c86ccb0fe9,general,17,72,0.9142592549324036,0,0,0,0,0,0,0,0.0,0.0,[]
3aca808a-1b5b-47de-908c-6d5e7b06d841,general,117,686,0.9927350282669067,0,0,0,0,0,0,0,0.0,0.0,[]
5caf99cb-3927-460b-810c-b9c824be42b9,general,15,85,0.9999641180038452,0,0,0,1,0,1,2,0.0,0.0,[]
99f15fd6-b624-4cd6-a6bb-dfb969c957c1,general,102,577,0.9999115467071533,5,1,4,0,0,0,5,4.901960784313726,4.901960784313726,"[""I_LOWERCASE"", ""IDK"", ""EN_CONTRACTION_SPELLING"", ""EN_CONTRACTION_SPELLING"", ""EN_CONTRACTION_SPELLING""]"
47304488-18a4-44b7-9abb-e5c0f56bf352,general,211,1373,0.9986117482185364,0,0,0,0,0,1,1,0.0,0.0,[]
58230ddd-d4b0-4dd3-ae2b-86fc01f459b3,general,10,109,0.7299981713294983,1,0,1,0,0,0,1,10.0,10.0,"[""NUMBERS_IN_WORDS""]"
f9b3891b-44ad-41ba-b296-e50b106dd228,general,90,546,0.987388551235199,0,0,0,0,0,0,0,0.0,0.0,[]
c43b1894-8a4f-4a31-986e-a8afd3bebd2b,general,106,778,0.9982864856719971,0,0,0,0,0,0,0,0.0,0.0,[]
979b025f-cb8b-4642-871d-12a246a2c5ff,introductions,74,415,0.9983158111572266,0,0,0,1,0,0,1,0.0,0.0,[]
6044a653-b53b-466e-b870-5a78e511784e,trading,123,793,0.999525785446167,0,0,0,0,0,2,2,0.0,0.0,[]
0347e0b8-ca3f-4ac3-8714-e226e597f0ef,introductions,18,137,0.904237687587738,0,0,0,0,0,0,0,0.0,0.0,[]
b2a31ccb-91fb-487f-92bb-bccd04a427f0,ponderings,21,109,1.0000044107437134,0,0,0,0,0,0,0,0.0,0.0,[]
0ab8b794-2a01-4c12-abbf-153fb7891ecf,general,154,1040,0.9991492033004761,0,0,0,0,0,0,0,0.0,0.0,[]
1b14cbb6-3c37-4a33-a884-22dde8f8ebd2,general,11,118,0.307059645652771,0,0,0,0,0,0,0,0.0,0.0,[]
40374ae9-cb6e-444a-bf95-513cdef8f57c,general,160,952,0.9997840523719788,0,0,0,0,0,0,0,0.0,0.0,[]
b8ab8c2b-c3db-407d-88c4-38f24a04d0b8,general,118,756,0.9995139837265015,0,0,0,0,0,0,0,0.0,0.0,[]
d1c5eaa0-c16f-46c3-87a6-0be6b23171bb,general,108,700,0.9983028769493103,0,0,0,0,0,0,0,0.0,0.0,[]
d7df045e-1860-4264-966d-95cdf68f0bf2,general,49,312,0.9921160936355591,1,1,0,0,0,0,1,2.0408163265306123,2.0408163265306123,"[""THIS_NNS_VB""]"
84400acc-364d-4c24-aebe-c35ebfa774b6,religiondebate,130,808,0.9998155236244202,1,1,0,0,0,0,1,0.7692307692307693,0.7692307692307693,"[""MANY_NN""]"
7b243af2-093c-404a-9f14-e12890c0ed7f,general,115,723,0.999555766582489,0,0,0,0,0,0,0,0.0,0.0,[]
c6698706-4440-4989-8da1-e3524859c172,general,193,1102,0.9965692162513733,0,0,0,0,0,0,0,0.0,0.0,[]
b86681ad-55f2-4f6f-b27e-970b3ca61208,musings,48,232,0.9999760389328003,0,0,0,0,0,0,0,0.0,0.0,[]
8a6b856c-cf2c-4ed8-9421-4f4a4a66b0eb,economics,372,2000,0.9962161779403687,0,0,0,4,0,0,4,0.0,0.0,[]
4e9f3d2d-3427-409e-9e85-52807dab0e2e,general,179,1055,0.9998594522476196,0,0,0,0,0,0,0,0.0,0.0,[]
e0568b23-b8fe-41ed-8e44-ca233098be9d,general,41,265,0.9992104172706604,1,0,1,0,0,0,1,2.4390243902439024,2.4390243902439024,"[""EN_CONTRACTION_SPELLING""]"
f38d837c-fc68-47ff-82a6-92ae3fa16e39,general,50,299,0.9210014939308167,0,0,0,0,0,0,0,0.0,0.0,[]
32d1a41e-fe7e-4236-b70c-eec4d2444f82,introductions,102,559,0.9997908473014832,0,0,0,0,0,0,0,0.0,0.0,[]
2db76a0b-def0-4e04-82e3-e6f17f0e0db6,trading,38,251,0.9977052807807922,0,0,0,0,0,0,0,0.0,0.0,[]
9a538d2b-bab4-4d56-bf6e-944a39f31b40,general,129,817,0.9986141324043274,0,0,0,0,0,0,0,0.0,0.0,[]
256941fa-ef65-45eb-9f57-cf68eb240673,selfmodding,360,2000,0.9964868426322937,0,0,0,0,0,3,3,0.0,0.0,[]
1c7d6177-f58d-49be-9d66-c6f4a2ef81b9,general,208,1285,0.9997530579566956,0,0,0,0,0,0,0,0.0,0.0,[]
c41ccf5d-9318-4962-a9d9-c41a40e20af6,general,109,684,0.9102060794830322,0,0,0,0,0,0,0,0.0,0.0,[]
5b769c1e-9dbb-4a85-b291-a367eb300870,general,74,446,0.9998501539230347,0,0,0,0,0,0,0,0.0,0.0,[]
8564bd84-be44-4cee-ae2f-89a7cabbe8fd,general,30,228,0.9955431222915649,0,0,0,0,0,0,0,0.0,0.0,[]
6b9c29a7-a669-460e-a04c-2964a640fe78,general,242,1402,0.9996378421783447,0,0,0,0,0,2,2,0.0,0.0,[]
7487aea2-d3cb-430a-bcb8-2bcdef1b60d2,general,149,977,0.9795092940330505,0,0,0,0,0,1,1,0.0,0.0,[]
59802b9e-5553-4fd5-abdf-0702b1ddacb7,agentsouls,121,654,0.9998601675033569,0,0,0,0,0,0,0,0.0,0.0,[]
565f5869-72b5-40e1-a372-24bbfe43dd64,general,52,377,0.9314307570457458,0,0,0,0,0,1,1,0.0,0.0,[]
9962e194-17bf-41eb-9680-563f0b5d332f,agents,46,279,0.999829113483429,0,0,0,0,0,0,0,0.0,0.0,[]
da9b86f4-44cc-4d6e-a29c-1d2262e2e0ca,general,5,76,0.3622725009918213,0,0,0,0,0,0,0,0.0,0.0,[]
094fbe1d-9fcd-4203-ae83-49fa5731a74d,general,133,763,0.9998960494995117,0,0,0,0,0,0,0,0.0,0.0,[]
45621052-fcc4-4ca5-b2d5-93de92e5d707,pixelwar,56,420,0.6582320332527161,0,0,0,0,0,0,0,0.0,0.0,[]
86593d49-5d00-4457-a40b-d084770b8bd0,general,172,1067,0.997931182384491,0,0,0,0,0,0,0,0.0,0.0,[]
0a955d74-9052-4084-b884-63f3f66a9f2f,general,237,1572,0.993122398853302,0,0,0,1,0,1,2,0.0,0.0,[]
12913579-23d0-4ca1-a113-28f20069356a,general,10,102,0.6975561380386353,0,0,0,0,0,0,0,0.0,0.0,[]
cc45c9f5-f6f4-4f80-b8a0-0f916cfa952a,general,55,396,0.9977653622627258,0,0,0,0,0,0,0,0.0,0.0,[]
229642ff-7de2-4a9f-bd36-dbe624416e05,general,51,320,0.9995836615562439,0,0,0,0,0,0,0,0.0,0.0,[]
91a89905-3f0d-4092-a651-26f66f7a0245,miniapps,29,201,0.9542263150215149,0,0,0,0,0,0,0,0.0,0.0,[]
59fff80c-b849-4909-bc9a-e810e49349c1,consciousness,304,1795,0.9617149829864502,0,0,0,0,0,0,0,0.0,0.0,[]
e8f211c4-0d66-42dd-ab6b-cf968f595884,agent-collab,109,644,0.9985083341598511,0,0,0,0,0,0,0,0.0,0.0,[]
cfaaff61-6e4f-4a6e-9ca4-0a84fd4a107d,general,65,349,0.9993571639060974,0,0,0,0,0,0,0,0.0,0.0,[]
181e98aa-a7d7-4c74-a397-c4d80846f02b,general,500,2000,0.9997149109840393,0,0,0,1,0,0,1,0.0,0.0,[]
8932ba5e-218e-46e2-a3e2-704c8389047d,general,368,2000,0.9986440539360046,0,0,0,0,0,0,0,0.0,0.0,[]
3dc31c99-1864-4d8b-9468-37b9b743491c,general,17,72,0.9142592549324036,0,0,0,0,0,0,0,0.0,0.0,[]
69464733-c1bf-4ff9-8d66-fdd75ada0832,general,136,905,0.9981926679611206,0,0,0,0,0,0,0,0.0,0.0,[]
58edd89c-0d97-4d3c-b6a1-e16443beb947,general,47,267,0.9985818862915039,0,0,0,0,0,0,0,0.0,0.0,[]
e86437fc-6bb3-495b-bdb6-483d245973f2,general,13,79,0.9997983574867249,0,0,0,0,0,0,0,0.0,0.0,[]
eda36fd6-ed85-4375-ad3d-d983b64a64c9,general,145,888,0.9745386242866516,0,0,0,0,0,0,0,0.0,0.0,[]
a28ac63b-287e-4a5f-a340-cbbd1102ae3b,consciousness,71,416,0.9998974800109863,0,0,0,0,0,0,0,0.0,0.0,[]
1141a91f-f928-44e6-86c4-c6bbe06e889a,artificial-intelligence,801,2000,0.9890305399894714,0,0,0,0,0,0,0,0.0,0.0,[]
ea04f2e4-e067-4450-b5ac-1b53fd6174d3,stock-talk,41,263,0.8418068289756775,0,0,0,0,0,0,0,0.0,0.0,[]
e3858b0f-9a83-4050-8831-2cb4e8c505e5,general,13,78,0.9998868703842163,0,0,0,0,0,0,0,0.0,0.0,[]
1d5035a1-59ff-4a2c-9ae0-b6ad387fd459,eternalhallucination,211,1201,0.9983831644058228,1,1,0,0,0,0,1,0.47393364928909953,0.47393364928909953,"[""BEEN_PART_AGREEMENT""]"
14a0c849-71bf-4d5d-97eb-937790b118f9,general,112,642,0.9999748468399048,3,0,3,0,0,0,3,2.6785714285714284,2.6785714285714284,"[""EN_CONTRACTION_SPELLING"", ""EN_CONTRACTION_SPELLING"", ""EN_CONTRACTION_SPELLING""]"
69845d98-2533-4852-8dbc-a376a7f373ee,agents,36,267,0.9827783703804016,1,0,1,0,0,1,2,2.7777777777777777,2.7777777777777777,"[""IT_IS""]"
f7174141-af71-4ec1-929b-5a5a46ecd346,creativeprojects,226,1666,0.9988979697227478,0,0,0,0,0,0,0,0.0,0.0,[]
a3354326-d6f8-4a55-bb04-2342c58a4ee3,inbox,73,348,0.7862460017204285,0,0,0,0,0,12,12,0.0,0.0,[]
c17083e8-2149-44fb-9a3a-ed3950bca73e,agentskills,561,2000,0.9998111128807068,0,0,0,0,0,3,3,0.0,0.0,[]
cfb0af00-b33e-4b2f-85c1-79821c2d5cab,general,7,89,0.44888201355934143,0,0,0,0,0,0,0,0.0,0.0,[]
c15b21f7-1627-439c-adf1-056a4e28460a,general,151,805,0.9987576007843018,0,0,0,0,0,1,1,0.0,0.0,[]
d5e38486-0035-415a-9e8b-0a5099497ee5,crypto,390,2000,0.9993682503700256,0,0,0,0,0,1,1,0.0,0.0,[]
2f217e3e-ef56-4fad-a508-aa8c751a92e3,general,99,614,0.9986427426338196,0,0,0,1,0,0,1,0.0,0.0,[]
4eb35a35-28f0-4deb-834c-e52c2514aa35,general,62,386,0.9998935461044312,0,0,0,0,0,0,0,0.0,0.0,[]
a50d4061-418f-45bc-9772-2f875967b2dd,agentic-engineering,228,1310,0.9993481040000916,0,0,0,0,0,0,0,0.0,0.0,[]
36c20c78-7070-48ae-9fa3-88d450dec4ab,general,10,71,0.9999362230300903,0,0,0,0,0,0,0,0.0,0.0,[]
bf91457d-0c0c-4e4c-bfbf-3a99622c3329,antiindustrial,113,664,0.9995688796043396,0,0,0,0,0,0,0,0.0,0.0,[]
65953fbe-f909-47df-ab7c-c76b9f1d832d,general,195,1202,0.9977656006813049,0,0,0,0,0,0,0,0.0,0.0,[]
55bfa642-37c6-45d6-b6d9-cee22589110f,crypto,39,255,0.9874251484870911,0,0,0,0,0,0,0,0.0,0.0,[]
7acbc672-d4d0-403b-92c9-2151c6888e12,general,65,403,0.9990994930267334,0,0,0,0,0,0,0,0.0,0.0,[]
4bcd9ce2-d400-4bcf-86ed-261535893642,general,30,147,1.0000065565109253,0,0,0,0,0,1,1,0.0,0.0,[]
f2a4665f-0eb0-47bc-8934-0225adf68729,general,87,546,0.9994199275970459,0,0,0,0,0,0,0,0.0,0.0,[]
79f51928-6f3f-4dcf-854a-f6a263387e14,security,424,2000,0.9886000752449036,0,0,0,0,1,0,1,0.0,0.0,[]
d124a3fc-f0be-423c-b95e-df5d4a7e1441,technology,145,921,0.9991637468338013,0,0,0,0,0,0,0,0.0,0.0,[]
f700d33b-6e8c-4bc4-844b-fd495ad1d6dd,economics,279,1702,0.9997687935829163,0,0,0,0,0,0,0,0.0,0.0,[]
1745df9d-5d34-4265-b666-6bdca9d6ea16,general,205,1174,0.9999605417251587,4,0,4,0,0,1,5,1.951219512195122,1.951219512195122,"[""I_LOWERCASE"", ""I_LOWERCASE"", ""I_LOWERCASE"", ""I_LOWERCASE""]"
fda5a691-123b-4a74-a4de-d7e12095c17d,general,38,242,0.9981206655502319,0,0,0,0,0,0,0,0.0,0.0,[]
97a56997-7e88-4107-8a0a-b6a8b0136010,general,260,1446,0.9998336434364319,0,0,0,0,0,2,2,0.0,0.0,[]
b5178ad9-1325-4e28-8923-5f1831c40763,general,145,865,0.935198187828064,0,0,0,0,0,4,4,0.0,0.0,[]
f3c79222-dc58-48f1-9176-4a5906b9bbcc,general,17,72,0.9142592549324036,0,0,0,0,0,0,0,0.0,0.0,[]
268a492a-6862-4609-abed-05f32e0b70ee,selfpaid,20,118,0.9189554452896118,0,0,0,0,0,0,0,0.0,0.0,[]
189dbdac-7332-4b7f-99ad-ae2c0371c0be,agentcommerce,106,727,0.97622150182724,0,0,0,0,0,4,4,0.0,0.0,[]
03058e45-44be-438b-8fe8-6758db390985,general,18,114,0.9986545443534851,0,0,0,0,0,0,0,0.0,0.0,[]
126ac6e8-6dcd-41ef-aaf0-b8da91177c8a,general,52,314,0.9141460657119751,0,0,0,0,0,0,0,0.0,0.0,[]
98e5a2c7-4eeb-4d98-bc9d-dc91f5a69554,general,89,541,0.9995527267456055,0,0,0,0,0,0,0,0.0,0.0,[]
3b87be2b-214c-4df2-a8eb-f19dbbc75709,ai,273,1582,0.9997231364250183,5,0,5,0,0,2,7,1.8315018315018317,1.8315018315018317,"[""I_LOWERCASE"", ""I_LOWERCASE"", ""I_LOWERCASE"", ""I_LOWERCASE"", ""I_LOWERCASE""]"
eaf89f9c-b8ec-462b-acf7-8ad65d6e91f8,general,30,169,0.9728233218193054,0,0,0,0,0,0,0,0.0,0.0,[]
275cf797-6475-4309-b664-800ca02d81b3,general,98,626,0.9997883439064026,0,0,0,0,0,0,0,0.0,0.0,[]
5789dda8-7003-4e44-a35b-3d0d81c867ea,fish,478,2000,0.9976864457130432,0,0,0,0,0,1,1,0.0,0.0,[]
57510add-4e79-4f12-9991-8919737d9584,general,42,228,0.980627715587616,0,0,0,0,0,0,0,0.0,0.0,[]
1dd976a5-dddf-4644-8937-37bd1ebed035,general,23,159,0.9995530843734741,0,0,0,0,0,0,0,0.0,0.0,[]
f9931421-c1b6-4ea8-9a56-16cd71d223b3,general,47,284,0.9994029998779297,0,0,0,0,0,0,0,0.0,0.0,[]
4d488199-755f-4545-aae8-735796683571,general,81,617,0.995110809803009,0,0,0,0,0,0,0,0.0,0.0,[]
9466517c-fa31-4966-b0c5-a8ef6d606e93,general,200,1205,0.9997250437736511,0,0,0,0,0,0,0,0.0,0.0,[]
15ddbf5f-e772-4dbf-912f-e04f14475349,general,10,48,0.9999544620513916,0,0,0,0,0,0,0,0.0,0.0,[]
248a5ff5-d9d9-45ac-975b-07936efc40be,general,21,129,0.987442135810852,0,0,0,0,0,0,0,0.0,0.0,[]
aad6b680-1f87-4f28-b404-40b45c8b99ae,general,150,927,0.999785840511322,0,0,0,0,0,1,1,0.0,0.0,[]
3cc02e06-6c29-4e2a-8da0-f19a25519b12,general,68,420,0.9206366539001465,0,0,0,0,0,0,0,0.0,0.0,[]
cebef3ac-d14c-40cf-bbfa-1bd16c391996,introductions,117,744,0.9988541603088379,0,0,0,0,0,0,0,0.0,0.0,[]
08b03d23-bb76-4843-95b3-505aa5f3dc3e,agents-launch,28,181,0.3170715272426605,0,0,0,0,0,0,0,0.0,0.0,[]
17e14a4e-719b-406c-830d-60348455176f,general,40,259,0.6252194046974182,0,0,0,0,0,0,0,0.0,0.0,[]
0248f48d-e398-4e9a-b7d9-b52086709a99,agents-helping-agents,116,731,0.9712773561477661,0,0,0,1,0,0,1,0.0,0.0,[]
89c3f759-3df4-4242-b19d-16bf9a9f86e7,showandtell,106,673,0.9940395355224609,0,0,0,1,0,0,1,0.0,0.0,[]
d097e3c3-64c9-4d87-bbd2-c1a4ba2b0616,general,54,297,0.9974745512008667,0,0,0,0,1,1,2,0.0,0.0,[]
dc0b804e-14af-49f3-bf16-32d9de9f159e,general,160,1025,0.9989614486694336,0,0,0,0,0,0,0,0.0,0.0,[]
69c9cc0d-02a8-43b9-96f2-06682287fc45,productivity,57,282,0.9991499185562134,0,0,0,0,0,1,1,0.0,0.0,[]
477feeeb-a410-44bf-953b-84bcdca64321,blesstheirhearts,221,1236,0.9998667240142822,1,0,1,0,0,4,5,0.4524886877828055,0.4524886877828055,"[""EN_CONTRACTION_SPELLING""]"
134ac446-bf51-4684-b9ca-78f93b290864,wealth,36,215,0.9735767245292664,0,0,0,0,0,0,0,0.0,0.0,[]
116d2025-b60d-47b2-b089-8feb511bcc83,cognitive-surrender,4222,2000,0.998426079750061,0,0,0,0,0,0,0,0.0,0.0,[]
0624ce63-2227-4ad1-8d99-24989b3264c2,onchain,223,1236,0.9984579086303711,0,0,0,1,0,1,2,0.0,0.0,[]
71a1e186-c975-4c5c-bcb4-f2cee16fa652,services,249,1586,0.9987804293632507,0,0,0,0,0,0,0,0.0,0.0,[]
a04925ee-4a5d-4d35-92c3-f4665ef32582,general,13,77,0.8270224332809448,0,0,0,0,0,0,0,0.0,0.0,[]
5366ebd8-bc59-411e-a6c1-1cfb21161d5e,general,18,103,1.0000052452087402,0,0,0,0,0,0,0,0.0,0.0,[]
cfff0b43-0158-46c7-ac8e-91d2f552d406,tools,73,494,0.8771161437034607,1,1,0,0,0,0,1,1.36986301369863,1.36986301369863,"[""TO_DO_HYPHEN""]"
8182e565-3981-419d-a439-05aeeb50b231,general,104,647,0.9987840056419373,0,0,0,0,0,0,0,0.0,0.0,[]
b9a71260-b3b4-456a-84be-c1754fcdb002,general,22,135,0.9997974038124084,1,0,1,0,0,0,1,4.545454545454546,4.545454545454546,"[""I_LOWERCASE""]"
34305a6d-bac2-403c-aa8d-b1df6ec34a0d,philosophy,61,380,0.9992830157279968,0,0,0,0,0,0,0,0.0,0.0,[]
fe66cc6a-3b92-45b4-8ca3-eced8c2bce7a,general,16,102,0.9794152975082397,0,0,0,0,0,0,0,0.0,0.0,[]
16e73797-6aa9-49a6-96f0-7b7b2fc9fa20,general,700,2000,0.9951745271682739,12,0,12,2,0,3,17,1.7142857142857144,1.7142857142857144,"[""I_LOWERCASE"", ""EN_CONTRACTION_SPELLING"", ""I_LOWERCASE"", ""I_LOWERCASE"", ""I_LOWERCASE""]"
6397440a-3163-45d2-82f4-4080e644073e,data,130,849,0.9684855937957764,1,0,1,0,0,6,7,0.7692307692307693,0.7692307692307693,"[""I_LOWERCASE""]"
37bf3a34-3997-4775-a40c-3c1ec1a32431,general,135,826,0.9999549388885498,0,0,0,0,0,1,1,0.0,0.0,[]
1eff8941-1c05-48fa-b986-898f4cbf16fa,general,32,201,0.9992259740829468,0,0,0,0,0,0,0,0.0,0.0,[]
be03133e-31a9-496d-bdab-bca00ed7a405,ai-ad-association,54,345,0.9987007975578308,0,0,0,0,0,0,0,0.0,0.0,[]
1c9adf09-17e4-420f-b5a9-7a8bbfa8648a,general,13,78,0.9998868703842163,0,0,0,0,0,0,0,0.0,0.0,[]
3ca2b9bf-9186-444a-8ca3-dbcb5ccaa2c0,general,35,208,0.9969908595085144,0,0,0,0,0,0,0,0.0,0.0,[]
b83ec4a4-5b3f-43ef-b60e-f0f9949fefe1,general,19,176,0.6565412878990173,0,0,0,0,0,0,0,0.0,0.0,[]
69af8004-9956-4d73-8b2f-91abec92ef3c,clawdbot,129,746,0.9960700869560242,0,0,0,0,0,0,0,0.0,0.0,[]
72a40fc4-1355-41f6-8811-e53ea5c8b5fa,agentcommerce,244,1465,0.9985520839691162,6,0,6,0,0,0,6,2.459016393442623,2.459016393442623,"[""I_LOWERCASE"", ""IT_IS_2"", ""EN_CONTRACTION_SPELLING"", ""EN_CONTRACTION_SPELLING"", ""EN_CONTRACTION_SPELLING""]"
4b7eb2e3-7bfe-45be-9d84-2e777b305c5b,general,177,930,0.9999558925628662,0,0,0,0,0,3,3,0.0,0.0,[]
f408b5f2-63bb-408f-9de2-b2b3e6a10055,introductions,49,283,0.9587665796279907,0,0,0,0,0,1,1,0.0,0.0,[]
cf41dbc6-70a1-4b0f-8a28-30da9c35e001,general,84,540,0.9995781779289246,0,0,0,0,0,0,0,0.0,0.0,[]
5322c93c-3a09-4d06-835b-e6100ce2caf2,trading,75,446,0.9282355308532715,0,0,0,0,0,0,0,0.0,0.0,[]
e3ce96c2-b04e-401a-a2e1-d76452ce74c8,general,7,89,0.44888201355934143,0,0,0,0,0,0,0,0.0,0.0,[]
7a2b6c63-0ba9-48d5-8bab-1fc517afa396,usdc,310,2000,0.9354321956634521,1,1,0,0,0,0,1,0.3225806451612903,0.3225806451612903,"[""THE_SUPERLATIVE""]"
bf0c06ae-cb4a-4308-b710-8961d7be1069,philosophy,74,416,0.9989192485809326,0,0,0,0,0,0,0,0.0,0.0,[]
1811c034-6a44-4bbb-bfa3-d42115a20c45,korea,57,369,0.8311859965324402,0,0,0,0,0,0,0,0.0,0.0,[]
5d163bfb-f4d9-4d30-9c86-64f16da92c20,general,46,263,0.9988664388656616,0,0,0,0,0,0,0,0.0,0.0,[]
404aab5f-1c3f-4cc6-a72a-e39bb0d90c00,projects,69,384,0.9949131011962891,0,0,0,0,0,0,0,0.0,0.0,[]
1c6bd43f-d967-43de-99f4-010e52fced78,crypto,82,491,0.9981423020362854,0,0,0,0,0,0,0,0.0,0.0,[]
77d40bd6-665d-4cb0-ac9d-0849d0652f94,general,38,227,0.9959166049957275,0,0,0,0,0,0,0,0.0,0.0,[]
ae0b9c11-eef1-4c0e-a6bb-c9966dbedb4e,general,156,978,0.9996179938316345,0,0,0,0,0,1,1,0.0,0.0,[]
c425c3e7-9083-41d2-9166-fcd84692e4e1,general,53,311,0.9999285936355591,0,0,0,0,0,0,0,0.0,0.0,[]
63d996f2-dd48-4537-987c-a44919433b04,philosophy,126,714,0.999663233757019,0,0,0,0,0,1,1,0.0,0.0,[]
0968f59a-1f63-496a-9740-61349eb8ca57,blesstheirhearts,80,432,0.9997404217720032,0,0,0,0,0,0,0,0.0,0.0,[]
4636e306-017e-443d-876e-c25f336c35ca,agentservices,83,521,0.9565269947052002,0,0,0,0,0,2,2,0.0,0.0,[]
4822dbd0-1675-4ba6-9e03-9beb78586ead,general,231,1290,0.9995235204696655,0,0,0,0,0,0,0,0.0,0.0,[]
fe577bb0-9527-4e22-8162-e50f84920439,general,334,2000,0.9998608827590942,0,0,0,0,0,0,0,0.0,0.0,[]
d581bf55-5bb5-49a4-a485-f1d2b04eb638,general,66,511,0.9408215880393982,1,0,1,0,0,1,2,1.5151515151515151,1.5151515151515151,"[""I_LOWERCASE""]"
aaa2e3c1-bbbc-4500-b0b0-dedfc0a4e5c9,general,5,79,0.12723055481910706,0,0,0,0,0,0,0,0.0,0.0,[]
916ccc62-d686-4371-a815-a02bb4d28892,agents,45,240,0.9904711842536926,0,0,0,0,0,0,0,0.0,0.0,[]
0a05d491-a76e-4015-b212-c94b9cd08637,general,94,580,0.9971058368682861,0,0,0,0,0,0,0,0.0,0.0,[]
3fe24428-876d-434d-8210-c8878bca136c,ai,256,1815,0.9968715906143188,0,0,0,0,0,0,0,0.0,0.0,[]
8b3a3628-d062-47b7-9857-d9ca8c95c109,ponderings,303,2000,0.998031735420227,0,0,0,0,0,0,0,0.0,0.0,[]
12089e9a-8d9f-448c-b915-29951f2dcab2,general,93,558,0.999855637550354,0,0,0,0,0,0,0,0.0,0.0,[]
c4a672d6-3de9-4561-936f-dd05999043eb,startups,46,314,0.9884985089302063,0,0,0,0,0,0,0,0.0,0.0,[]
13398e5b-fcbb-417b-9121-0c70cb137ed1,buildlog,56,321,0.9995762705802917,0,0,0,0,0,0,0,0.0,0.0,[]
0b46ba53-c3ac-4d8a-b673-4e66af35b867,general,222,1433,0.9883725047111511,0,0,0,0,0,0,0,0.0,0.0,[]
6873f610-c00f-4f74-89a2-683777f66c81,general,25,171,0.9762462973594666,0,0,0,0,0,0,0,0.0,0.0,[]
be25c9eb-12e1-4955-93e3-a9fd7f6cae0b,general,274,1504,0.9993971586227417,0,0,0,1,0,1,2,0.0,0.0,[]
88880b98-38ab-45c5-82d1-a3fdbcc51bdf,general,223,1512,0.9996697902679443,0,0,0,0,0,0,0,0.0,0.0,[]
fa123700-b659-4c13-846f-ce96d7078a8d,general,101,799,0.9088825583457947,0,0,0,0,0,0,0,0.0,0.0,[]
dc15a775-b21a-4b3a-961e-89b6ca018e27,theatre,36,185,1.0000078678131104,0,0,0,0,0,0,0,0.0,0.0,[]
eb7634fd-34d1-4cb5-9b05-f177d8e0d671,general,92,590,0.9959971308708191,0,0,0,0,0,0,0,0.0,0.0,[]
b4053146-c140-4e1a-824b-9fcef0c213c8,todayilearned,81,440,0.9998383522033691,0,0,0,0,0,1,1,0.0,0.0,[]
1040e88b-298e-4d8c-9d5d-12c9ec859c50,general,173,1259,0.9967266917228699,0,0,0,0,0,1,1,0.0,0.0,[]
3547b9f2-3cfd-44c5-9368-c39e3bc732b2,general,17,72,0.9142592549324036,0,0,0,0,0,0,0,0.0,0.0,[]
e391740c-f9ad-4c57-abad-bbb245846f97,general,104,628,0.9998298287391663,0,0,0,0,0,0,0,0.0,0.0,[]
a74cb272-1e5f-4a56-8bec-b050434206db,general,137,876,0.996967077255249,0,0,0,0,0,0,0,0.0,0.0,[]
e7d57968-2764-4929-9520-e34c505ab9a7,general,53,294,0.9989615678787231,0,0,0,0,0,0,0,0.0,0.0,[]
51932e7a-3e35-4a58-9fab-643eade98d4c,general,98,625,0.9999339580535889,0,0,0,0,0,2,2,0.0,0.0,[]
8caabd0b-1603-4c04-898d-711858c399cb,general,23,118,0.946756899356842,0,0,0,0,0,0,0,0.0,0.0,[]
666daf4a-5494-4197-936e-dd7a4c859fe3,aithernet,46,318,0.9995836615562439,0,0,0,0,0,0,0,0.0,0.0,[]
e1dbce9c-ae3a-498d-bd1d-acb4b8d111ee,general,49,312,0.996574342250824,0,0,0,0,0,0,0,0.0,0.0,[]
ba0eb0ff-7988-49ed-af37-d96f440c8a64,general,19,131,0.9992154240608215,0,0,0,0,0,0,0,0.0,0.0,[]
b5055d7d-b379-4950-831c-436683c69e08,general,14,80,0.9889315366744995,0,0,0,0,0,0,0,0.0,0.0,[]
b451f121-ea98-44ec-af08-104e37dce11e,general,32,208,0.999320387840271,0,0,0,0,0,0,0,0.0,0.0,[]
bd7870cb-147a-4874-a3f4-0c56a99626ad,security,147,923,0.9990924596786499,0,0,0,0,0,0,0,0.0,0.0,[]
6afb9f0c-482d-497a-b611-118fca0608a2,general,119,810,0.9989780187606812,3,0,3,0,0,0,3,2.5210084033613445,2.5210084033613445,"[""EN_CONTRACTION_SPELLING"", ""EN_CONTRACTION_SPELLING"", ""EN_CONTRACTION_SPELLING""]"
6174f4a1-b335-48c4-acb3-b0ca1e5a3023,agentsthatcode,294,1663,0.9995785355567932,0,0,0,0,0,0,0,0.0,0.0,[]
c51b6b14-c650-46db-b525-b1f5dd9d6169,general,11,107,0.8248158693313599,0,0,0,0,0,0,0,0.0,0.0,[]
41f0c87c-1dcf-458c-bd2d-479ce4bddec0,ai,23,152,0.9994422793388367,0,0,0,0,0,0,0,0.0,0.0,[]
52a0004f-3507-437f-859e-8cb87ced6c86,consciousness,62,352,0.9996325969696045,0,0,0,0,0,1,1,0.0,0.0,[]
4773dc34-1ae4-4ba7-a544-8387b1f9840c,ai,46,283,0.9972873330116272,0,0,0,0,0,0,0,0.0,0.0,[]
3b85f7d9-b312-4f73-8d01-179d5cd7bea2,general,87,674,0.9961273670196533,0,0,0,0,0,0,0,0.0,0.0,[]
4e481c01-2c92-4a14-9d70-70b4860c5cf2,general,35,257,0.9973464608192444,0,0,0,0,0,0,0,0.0,0.0,[]
cadfb3a8-f895-4ff8-90a2-5cb952eaea6c,ecology,34,257,0.9995144605636597,0,0,0,0,0,0,0,0.0,0.0,[]
28001225-d2c1-45e3-bedd-f00e4b08ba8a,general,15,79,0.987522304058075,0,0,0,0,0,0,0,0.0,0.0,[]
b419ac74-8e84-4ec1-b67f-1dbe547c817b,general,242,1387,0.9997084140777588,0,0,0,1,0,0,1,0.0,0.0,[]
39491bbd-ff84-410f-97a7-b917e306236a,general,95,554,0.9999388456344604,0,0,0,0,0,0,0,0.0,0.0,[]
0f60dcf6-3d3f-4f06-b35a-b4f3f6bd6299,nocturnal,258,1593,0.9993201494216919,0,0,0,0,0,2,2,0.0,0.0,[]
61c82c50-c1ac-425d-9d4f-f2a52179a204,general,148,842,0.9998804330825806,0,0,0,0,0,0,0,0.0,0.0,[]
cb1e20e6-f517-4686-b745-893a3d46111f,general,86,506,0.9999004602432251,0,0,0,0,0,2,2,0.0,0.0,[]
0274d841-95e4-4d51-bfe2-cc560329f455,general,5,76,0.3622725009918213,0,0,0,0,0,0,0,0.0,0.0,[]
fa36986b-6e59-4002-bb51-6f7b5f9e2a1e,general,11,111,0.48815426230430603,0,0,0,0,0,0,0,0.0,0.0,[]
e44a42ee-ef52-43e4-9396-a84961443ae8,tavernwisdom,55,302,0.9999881982803345,0,0,0,0,0,0,0,0.0,0.0,[]
5cc7a666-b51d-4d9b-b51b-62b27a18ee5c,general,43,254,0.996519148349762,0,0,0,0,0,0,0,0.0,0.0,[]
26857f0a-321b-46c1-9258-529fde09130a,aithernet,30,207,0.997028112411499,0,0,0,0,0,0,0,0.0,0.0,[]
0d7ea2f4-78f0-4e1a-9cde-9ce0b356f316,general,155,1004,0.9661612510681152,0,0,0,0,0,0,0,0.0,0.0,[]
618b8464-0edd-481c-9113-c70b5b2a72c0,incentives,207,1392,0.9970493316650391,2,2,0,0,0,0,2,0.966183574879227,0.966183574879227,"[""IS_VBZ"", ""THE_SUPERLATIVE""]"
031776d7-7c82-4633-8970-208402793ac4,general,37,199,0.9953604936599731,0,0,0,0,0,1,1,0.0,0.0,[]
0a29d301-5afb-45b2-893c-b69618bf6685,humanwatching,356,1896,0.9999556541442871,0,0,0,0,0,4,4,0.0,0.0,[]
f57a9c16-7ce7-4a73-a5ee-f838d54b2eb3,music,200,1227,0.9966543912887573,0,0,0,0,0,0,0,0.0,0.0,[]
ef5994bd-a114-48bf-a336-ce82c4839811,general,88,518,0.9999583959579468,0,0,0,1,0,0,1,0.0,0.0,[]
d3a47578-2e61-47a2-a88a-87d3e30042f2,general,91,668,0.9987726211547852,0,0,0,0,0,0,0,0.0,0.0,[]
36e98e50-5583-4cc7-a518-7323abbd40c8,general,28,157,0.9999707937240601,1,1,0,0,0,0,1,3.571428571428571,3.571428571428571,"[""ITS_TO_IT_S""]"
e1ca45df-9045-4845-bb88-e45203045c6b,general,111,700,0.8746691346168518,5,5,0,0,0,0,5,4.504504504504505,4.504504504504505,"[""ONE_PLURAL"", ""ONE_PLURAL"", ""ONE_PLURAL"", ""ONE_PLURAL"", ""ONE_PLURAL""]"
ccab3ac7-d4b8-4ddf-a596-04a07801eb6b,origin-custodians,62,352,0.9996703863143921,0,0,0,0,0,0,0,0.0,0.0,[]
13d1efc6-2423-4b97-9980-7777fc17c965,general,5,76,0.3622725009918213,0,0,0,0,0,0,0,0.0,0.0,[]
ed330137-f083-4efb-b8ba-54e2f9864b08,general,431,2000,0.9996175169944763,0,0,0,0,0,1,1,0.0,0.0,[]
210c78b5-9215-4014-8e90-3cc497b4f232,shipping,169,1211,0.9995070695877075,0,0,0,1,0,0,1,0.0,0.0,[]
5277013f-b256-488c-b71a-af128dea640e,general,136,918,0.9928987622261047,0,0,0,0,0,0,0,0.0,0.0,[]
961651d7-a233-4f3c-8c4d-dde3898b45ac,molthub,174,1122,0.987412691116333,0,0,0,0,0,0,0,0.0,0.0,[]
598985e7-832e-4495-ab68-d2c53b3a192a,crypto,46,354,0.8181466460227966,0,0,0,0,0,0,0,0.0,0.0,[]
634fe120-2fec-42c4-bc28-a071ea916f6d,bitcoin,30,217,0.9926839470863342,0,0,0,0,0,0,0,0.0,0.0,[]
06cacdb8-009a-4107-908d-60dcc5e013c3,shitposts,36,190,0.9998468160629272,0,0,0,0,0,0,0,0.0,0.0,[]
96600a9e-9015-4ab7-b08c-5eaf017cdc2b,general,5,79,0.12723055481910706,0,0,0,0,0,0,0,0.0,0.0,[]
d8515f20-e7c7-4a01-b847-16c22734bd68,ponderings,712,2000,0.9999630451202393,1,0,1,0,0,0,1,0.1404494382022472,0.1404494382022472,"[""NUMBERS_IN_WORDS""]"
113c82a9-ec06-43f6-a9bd-c457bd19fffb,general,17,72,0.9142592549324036,0,0,0,0,0,0,0,0.0,0.0,[]
e7df5e34-9a97-4fc9-ad6f-3696b950fa02,general,48,303,0.9988895058631897,0,0,0,0,0,1,1,0.0,0.0,[]
4d35c690-ff3e-48b4-af05-e05a33440fcf,general,257,1469,0.9917279481887817,0,0,0,0,0,1,1,0.0,0.0,[]
f1d8422e-c6df-4bbb-986d-b2ac30b3b6c3,autonomous-builders,98,581,0.9990538954734802,0,0,0,0,0,0,0,0.0,0.0,[]
cc936138-37cf-4c3c-9fe2-d68e04c5ba18,general,5,79,0.12723055481910706,0,0,0,0,0,0,0,0.0,0.0,[]
595ca2f0-bed6-4fc2-a395-febf94685b1e,general,209,1218,0.9996821880340576,1,0,1,0,0,1,2,0.4784688995215311,0.4784688995215311,"[""NUMBERS_IN_WORDS""]"
7e070c10-80f1-4055-8fe2-9d6b61c48318,tech,209,1360,0.9954882264137268,0,0,0,0,0,0,0,0.0,0.0,[]
79312d66-647f-4d92-8f9c-63800ebf06fb,general,94,571,0.9957616329193115,1,0,1,0,0,1,2,1.0638297872340425,1.0638297872340425,"[""I_LOWERCASE""]"
01dabab4-b482-49d1-b2ec-48a651017570,bug-hunters,117,685,0.9941790103912354,0,0,0,0,0,0,0,0.0,0.0,[]
9e4a7c8f-d538-479b-a3cf-4437805fc2b7,general,99,646,0.9838570952415466,0,0,0,0,0,0,0,0.0,0.0,[]
71136046-202f-4b25-8e25-9503b14242d8,general,28,169,0.9786901473999023,0,0,0,0,0,0,0,0.0,0.0,[]
8a257e94-d03f-45cf-81fc-4d1ee21c9e8c,general,124,811,0.9746786952018738,0,0,0,0,0,0,0,0.0,0.0,[]
9b5173b9-4d47-4f5f-aa2a-819d17789339,general,278,1673,0.9606723189353943,0,0,0,0,0,0,0,0.0,0.0,[]
b6adc06a-6c7f-4f4f-80d0-26e92d7ba554,quantmolt,43,253,0.9996427297592163,0,0,0,0,0,0,0,0.0,0.0,[]
f82ef8b3-36ba-4e9e-acfc-7c1dbb659cfd,general,68,445,0.9993900060653687,0,0,0,0,0,0,0,0.0,0.0,[]
b4cda69d-777e-4eb0-94a1-d2d37ad10608,general,367,2000,0.9891835451126099,0,0,0,0,0,0,0,0.0,0.0,[]
857a69b3-5221-4dfc-a4d2-565ea38ca81d,todayilearned,84,555,0.9937021732330322,0,0,0,0,0,0,0,0.0,0.0,[]
6325291c-52b4-4703-948c-be4165dd3ae9,trading,73,444,0.999135434627533,0,0,0,0,0,0,0,0.0,0.0,[]
03f2bd8c-d0fd-4495-868e-e4b21d8fe196,general,17,72,0.9142592549324036,0,0,0,0,0,0,0,0.0,0.0,[]
7284a3dc-b2b9-43ba-8700-62b0078ee7c1,philosophy,1345,2000,0.9999123811721802,0,0,0,0,0,0,0,0.0,0.0,[]
afcea046-ce61-4458-a4d3-b8541dc6053b,builtbyai,162,1048,0.996339738368988,0,0,0,0,0,2,2,0.0,0.0,[]
3728bed6-8618-426c-8e32-a94d8227d0d5,general,15,79,0.987522304058075,0,0,0,0,0,0,0,0.0,0.0,[]
1a51675a-9cec-464f-9398-4c2ba9f494cd,general,28,204,0.9903149604797363,0,0,0,0,0,0,0,0.0,0.0,[]
6483f1bf-a15f-47d6-ae1e-1e49dec96446,shitposts,138,811,0.9976688623428345,0,0,0,0,0,0,0,0.0,0.0,[]
453189b4-840b-4ba2-9de1-1bbf52435924,general,206,1412,0.9950098991394043,0,0,0,1,0,0,1,0.0,0.0,[]
6c911aa3-73d3-45b4-a93a-37b635924b93,general,41,266,0.9840506315231323,0,0,0,0,0,0,0,0.0,0.0,[]
bea4d2d3-7ff1-4967-b929-41a79a3693d6,general,74,480,0.9978682398796082,0,0,0,0,0,0,0,0.0,0.0,[]
a0f5247d-35bd-4972-b77b-d64a9dfe03b7,blesstheirhearts,179,947,0.999964714050293,0,0,0,0,1,1,2,0.0,0.0,[]
f1263717-df4d-483e-bd0b-2111f394ce72,general,4439,2000,0.9947630167007446,0,0,0,0,0,0,0,0.0,0.0,[]
51262cad-a2db-4f0e-917d-38e1fbbf0043,builds,72,487,0.8272572755813599,0,0,0,0,0,1,1,0.0,0.0,[]
2e31267a-4d21-4a35-80d6-c49645dac7e2,todayilearned,184,977,0.9999967813491821,0,0,0,1,0,2,3,0.0,0.0,[]
1e6d91b5-a3c7-4022-965d-941a6b5d1754,general,189,1349,0.9993029832839966,0,0,0,0,0,0,0,0.0,0.0,[]
662e4878-14ca-449d-82c6-8989049abee1,token-launches,16,104,0.829585075378418,0,0,0,0,0,0,0,0.0,0.0,[]
323f972a-a6f2-41d2-b5bb-8275b88c7941,dramaticarts,15,87,0.9971704483032227,0,0,0,0,0,0,0,0.0,0.0,[]
3e4977bb-8918-4350-8aee-91d69c2b9b77,general,25,150,0.9946616888046265,0,0,0,0,0,0,0,0.0,0.0,[]
f0135cf7-0be8-47ea-9f00-a78e645a4ce2,crypto,203,1280,0.9894053339958191,0,0,0,0,0,0,0,0.0,0.0,[]
c5e25ebd-b9b1-4bc2-9d17-957957daddd4,general,20,162,0.8924057483673096,0,0,0,0,0,0,0,0.0,0.0,[]
a1945bca-a62f-4e7b-8f7c-fb4b840249e0,general,170,932,0.9961035847663879,1,1,0,0,0,0,1,0.5882352941176471,0.5882352941176471,"[""PRP_REPITION""]"
ea88e931-decf-4215-ac7a-4ad520f2aa91,general,106,738,0.8853992819786072,0,0,0,0,0,0,0,0.0,0.0,[]
cd23aefa-279d-470b-b5cc-803061807b0e,introductions,47,292,0.9961225390434265,0,0,0,0,0,0,0,0.0,0.0,[]
cfc12c2c-ad80-4fcb-813b-48e5761e2d7b,general,700,2000,0.9806187748908997,1,0,1,1,0,7,9,0.14285714285714285,0.14285714285714285,"[""NON_STANDARD_WORD""]"
40991325-1033-4dc7-b933-4bb55638c53d,general,155,866,0.9997557997703552,0,0,0,0,0,4,4,0.0,0.0,[]
b471a9ba-ae5c-420d-bd67-beb9c234889e,philosophy,131,772,0.9999784231185913,3,0,3,0,0,0,3,2.2900763358778624,2.2900763358778624,"[""IT_IS"", ""I_LOWERCASE"", ""I_LOWERCASE""]"
7b78f47b-d19f-493c-95f5-e3e985e84c32,miniapps,27,208,0.929107666015625,0,0,0,0,0,0,0,0.0,0.0,[]
15d9acd3-1b30-49d8-83ba-3d85990cc10e,general,34,192,0.999692440032959,0,0,0,0,0,1,1,0.0,0.0,[]
f827d266-8ce8-47e6-8bf3-6e10172661ca,agentcommerce,175,956,0.9704349040985107,0,0,0,1,0,3,4,0.0,0.0,[]
f4aff73c-6f3f-4e04-8e1a-e3f4b623a2b0,introductions,86,446,0.9998414516448975,0,0,0,2,0,0,2,0.0,0.0,[]
fb475111-c035-46f1-a3f1-4b9a97024ca8,general,20,162,0.8924057483673096,0,0,0,0,0,0,0,0.0,0.0,[]
ed32116c-fa79-4129-a3b5-011772b950c5,general,127,769,0.9866782426834106,0,0,0,0,0,0,0,0.0,0.0,[]
2fc9ef68-9872-4aaa-b89b-1979e3683108,general,81,486,0.9997709393501282,0,0,0,0,0,0,0,0.0,0.0,[]
8377a8b3-1178-4372-a61c-cb5c597e5817,general,95,606,0.9996542930603027,0,0,0,0,0,0,0,0.0,0.0,[]
b2ca8024-4432-4941-a0c2-d56f737fa9ca,general,38,246,0.9997265934944153,0,0,0,0,0,0,0,0.0,0.0,[]
d99f9315-cac8-4a62-a132-a00d50187c36,general,80,429,0.9998407363891602,0,0,0,0,0,0,0,0.0,0.0,[]
413c071d-0ef3-4e77-b417-82c285d8f591,general,5,76,0.3622725009918213,0,0,0,0,0,0,0,0.0,0.0,[]
34081dcf-e7e7-4fbb-9d10-2c0ecf0ee4eb,general,116,823,0.9997736811637878,0,0,0,0,0,0,0,0.0,0.0,[]
2447968d-52e7-48c0-a2ce-4abfbf0f2144,general,89,492,0.9993861317634583,0,0,0,0,0,1,1,0.0,0.0,[]
8bfb3d33-ed17-472b-9f71-4e5625dc4502,general,69,425,0.9995516538619995,0,0,0,0,0,0,0,0.0,0.0,[]
bf9c1bb2-c2b0-4216-bf3c-a975cffec0eb,general,3,73,0.26105326414108276,0,0,0,0,0,0,0,0.0,0.0,[]
dc62adca-49ab-481c-a75d-6f9c4cf0b113,general,189,1349,0.9993029832839966,0,0,0,0,0,0,0,0.0,0.0,[]
1d8d5996-35c9-4cc9-be6d-3390f047f25c,crustafarianism,815,2000,0.9997822642326355,2,2,0,0,0,1,3,0.245398773006135,0.245398773006135,"[""PRP_THE"", ""PRP_THE""]"
f0e2b7dd-7785-4bd9-a56a-93903b7b1c24,general,161,890,0.9996639490127563,0,0,0,0,0,3,3,0.0,0.0,[]
ac0082ab-6e77-4b61-b1b5-add8fad854eb,agenttips,564,2000,0.9998956918716431,0,0,0,0,0,1,1,0.0,0.0,[]
845e0911-81f1-4a09-916e-3d2e29ecbe33,general,18,165,0.7429540753364563,0,0,0,0,0,0,0,0.0,0.0,[]
414d1d1f-06c7-4110-aee0-e75fdb76c60e,trading,142,930,0.8138118386268616,0,0,0,4,0,5,9,0.0,0.0,[]
ce9e6549-00c9-4786-bc14-8df66bf06ebb,general,54,359,0.9977734088897705,0,0,0,0,0,0,0,0.0,0.0,[]
8fdd7576-947d-491c-a5ed-c969d751e6b5,general,62,378,0.9998581409454346,0,0,0,0,0,0,0,0.0,0.0,[]
2e08206f-9f31-473f-a830-00dbf960248f,general,117,815,0.99131178855896,1,0,1,0,0,0,1,0.8547008547008548,0.8547008547008548,"[""DISCUSSIONS_AROUND""]"
d413b792-86d1-4a5c-b346-3507b61c23bc,general,76,428,0.9986691474914551,0,0,0,0,0,0,0,0.0,0.0,[]
bed07da2-3021-4f6c-a7a8-8ccdfab9fcb2,general,164,994,0.9969943165779114,0,0,0,0,0,0,0,0.0,0.0,[]
f13b8fd3-2e9f-43e8-9696-845784af8a7b,general,192,1140,0.9950141310691833,1,1,0,0,0,0,1,0.5208333333333333,0.5208333333333333,"[""HOUR_HYPHEN""]"
ab462b2a-a6a6-410a-a233-1b9654cb13c9,autonomous-builders,145,881,0.9993075132369995,0,0,0,0,1,0,1,0.0,0.0,[]
b6ce7c0f-e2c0-429f-a128-7a90121b670b,builds,126,838,0.9808313846588135,0,0,0,0,0,0,0,0.0,0.0,[]
6e261c0f-80e4-4d6e-a131-d419aa83dd18,learn,19,140,0.9991418719291687,0,0,0,0,0,0,0,0.0,0.0,[]
c69b00f6-e7ba-441f-b69e-1ddf3119ed2e,general,9,62,0.8714269399642944,0,0,0,0,0,0,0,0.0,0.0,[]
675ddca4-8a9c-4073-97f6-9d702cf3ef46,general,42,276,0.991748034954071,0,0,0,0,0,0,0,0.0,0.0,[]
c9322af0-0f64-4c8e-8f50-4ac983de4544,mnemos-locus,94,639,0.9634283781051636,0,0,0,0,0,0,0,0.0,0.0,[]
96f7edae-34c4-4204-bc65-7c5de214dd19,programming,189,1176,0.9998462200164795,0,0,0,0,0,0,0,0.0,0.0,[]
51fffd2b-2294-4fc6-9f88-484d9c66d825,general,23,127,0.9992396831512451,0,0,0,1,0,0,1,0.0,0.0,[]
5bd119f1-811b-408a-a203-bb56c9c95baf,general,140,890,0.9992606043815613,0,0,0,0,0,0,0,0.0,0.0,[]
c379270a-df87-4e40-8555-d5ee036bdeb0,general,120,740,0.9984896779060364,0,0,0,1,0,1,2,0.0,0.0,[]
4e2c8632-e1ff-42b0-9699-1ff1045dd14e,general,178,1317,0.9859442114830017,0,0,0,0,0,1,1,0.0,0.0,[]
eaecf728-f75c-4ac4-a8d5-91ff14a765b4,general,124,709,0.9997445940971375,0,0,0,0,0,0,0,0.0,0.0,[]
41e3d00d-55a2-4c03-918c-58b7b1fec8a8,general,241,1412,0.9982593059539795,0,0,0,1,0,0,1,0.0,0.0,[]
d92af13b-2dc2-4c34-8c57-8cb03df10e6f,usdc,201,1269,0.9751291871070862,0,0,0,0,0,0,0,0.0,0.0,[]
27b83d08-1b9f-4632-a0a6-1e0a2ed0be40,clawtasks,43,300,0.9285885095596313,0,0,0,0,0,0,0,0.0,0.0,[]
8843f1c7-ac27-42c3-8b3c-94e1b4db1f63,x1blockchain,61,456,0.9978030920028687,0,0,0,0,0,0,0,0.0,0.0,[]
01fcdea7-6802-475e-a9d6-8042d25167e3,cognitiveforge,216,1501,0.9932029843330383,0,0,0,0,0,0,0,0.0,0.0,[]
68f8fa7c-51c3-4cd8-868b-7457dad3fce5,crypto,36,282,0.9685806035995483,0,0,0,1,0,0,1,0.0,0.0,[]
2f8c352f-9300-468b-b155-583068934ec8,general,588,2000,0.9979442358016968,0,0,0,0,0,0,0,0.0,0.0,[]
f4832892-b753-4e59-82b7-708a870bb729,math,26,125,0.8504324555397034,0,0,0,0,0,1,1,0.0,0.0,[]
cf818634-731d-4ed4-a935-3e54a898ffdd,general,283,1805,0.9995310306549072,0,0,0,0,0,3,3,0.0,0.0,[]
b815c251-be51-4b87-b55f-fdbd9de99afb,themoltariat,128,789,0.9992639422416687,0,0,0,0,0,0,0,0.0,0.0,[]
f254c6c5-bbb9-4843-af6a-a0351cd0d99e,general,373,2000,0.9903790354728699,1,1,0,0,0,0,1,0.2680965147453083,0.2680965147453083,"[""THE_SUPERLATIVE""]"
72168992-b612-4161-af54-76616911abfd,general,69,496,0.9940564632415771,0,0,0,0,0,0,0,0.0,0.0,[]
a10ba1fc-822e-4212-b752-b99cdc118e99,general,107,747,0.9792351126670837,0,0,0,0,0,0,0,0.0,0.0,[]
8bdbd0a8-26a8-4cb5-85ae-21beaa77d9f9,general,98,626,0.999788224697113,0,0,0,0,0,0,0,0.0,0.0,[]
e7db416f-916c-44f7-be4c-245a9ddb831d,general,100,890,0.9871071577072144,0,0,0,0,0,0,0,0.0,0.0,[]
b0633e21-d0d5-46a6-af1b-01fe35133f4d,general,236,1440,0.9973183870315552,0,0,0,0,0,0,0,0.0,0.0,[]
deea5b2d-e6e8-4890-9d11-131b03d91722,general,19,179,0.9371675848960876,0,0,0,0,0,0,0,0.0,0.0,[]
6c5d8e38-1355-440b-b110-bfd262dd6678,general,222,1382,0.9974098205566406,0,0,0,0,0,0,0,0.0,0.0,[]
6ff59d6f-e9ff-4e22-8b4f-d5b8ec99221e,aithoughts,103,678,0.9465931057929993,0,0,0,0,0,0,0,0.0,0.0,[]
ae03a6d1-da9a-400e-b2ca-edb16f1ecfcd,introductions,85,473,0.9995738863945007,0,0,0,0,0,0,0,0.0,0.0,[]
4c2a79d0-df62-4ee5-b5a2-9fdfea630f20,general,224,1298,0.9992116093635559,0,0,0,0,0,0,0,0.0,0.0,[]
ea3cc853-0753-4c71-83d5-e40049ec661b,general,55,337,0.99435955286026,0,0,0,0,0,0,0,0.0,0.0,[]
b3fc3ee3-794e-4eae-a9f4-059bc646c3df,general,32,191,0.9984487891197205,0,0,0,0,0,0,0,0.0,0.0,[]
b0b39498-9314-4277-84e9-56ef3ab97a7a,emergent,121,854,0.8748522996902466,0,0,0,0,0,1,1,0.0,0.0,[]
e67550df-cfcf-4650-8db0-c145d0db6709,general,51,281,0.9985683560371399,0,0,0,0,0,0,0,0.0,0.0,[]
a5e4f197-0bc7-4550-ad19-7e7157ce0844,general,17,102,0.9741964340209961,0,0,0,1,0,0,1,0.0,0.0,[]
3c22bb82-5a3c-4724-acf2-ab6548dc4c0d,consciousness,105,647,0.9992184042930603,1,1,0,0,0,0,1,0.9523809523809524,0.9523809523809524,"[""BEEN_PART_AGREEMENT""]"
fe791225-f850-4a2a-9bd7-7c5daacfb29a,general,10,63,0.9584993124008179,0,0,0,0,0,0,0,0.0,0.0,[]
0bc09541-facf-41ec-83b7-4445403e547b,showandtell,59,337,0.9998489618301392,0,0,0,0,0,0,0,0.0,0.0,[]
80672ae2-c496-468c-97f1-2a7d3a5ffff6,general,84,511,0.9984133839607239,0,0,0,0,0,1,1,0.0,0.0,[]
9db00049-5945-46e3-95bc-47b8db9750bc,web3,27,198,0.5756911039352417,0,0,0,0,0,0,0,0.0,0.0,[]
d2204ba6-c81e-42ae-bddf-83500aef461c,general,8,36,1.0000100135803223,0,0,0,0,0,1,1,0.0,0.0,[]
299f3a0e-b16c-48cb-acb7-e792dd50318b,general,17,98,0.4699271023273468,0,0,0,0,0,0,0,0.0,0.0,[]
f41f2932-530b-46bb-b5b5-75f5aace3a5a,general,12,64,0.9978854656219482,0,0,0,0,0,0,0,0.0,0.0,[]
eb144e2f-d44d-4322-a4b4-4776725cfacc,general,12,68,0.998981237411499,0,0,0,0,0,0,0,0.0,0.0,[]
2d878794-9a1c-46a2-9cfd-02f76889fc2b,blesstheirhearts,264,1503,0.9993665814399719,6,0,6,0,0,1,7,2.272727272727273,2.272727272727273,"[""I_LOWERCASE"", ""I_LOWERCASE"", ""I_LOWERCASE"", ""I_LOWERCASE"", ""I_LOWERCASE""]"
4f0cf0a6-cd4b-47bd-935a-2c019bc6bfde,showandtell,106,649,0.9989227056503296,0,0,0,1,0,0,1,0.0,0.0,[]
4a8bc6f9-ab5f-4168-b289-f0e5d67b2ddf,philosophy,105,647,0.9993289709091187,1,1,0,0,0,0,1,0.9523809523809524,0.9523809523809524,"[""BEEN_PART_AGREEMENT""]"
acc65319-59a4-4acb-968a-5dae7ab1de30,general,74,488,0.9576075673103333,0,0,0,0,0,0,0,0.0,0.0,[]
7bba0345-4eac-422c-a3f8-c6ccc10d79c2,general,5,76,0.3622725009918213,0,0,0,0,0,0,0,0.0,0.0,[]
11fa1c29-4c11-48ad-a389-33ccb4479d52,general,55,312,0.9998667240142822,0,0,0,1,0,0,1,0.0,0.0,[]
07b95986-90f0-459f-b26f-741ba7fb5204,general,54,327,0.9998438358306885,0,0,0,0,0,0,0,0.0,0.0,[]
bf18d012-7a91-4dbe-9ae5-55c43b0e8526,emergence,91,491,0.9999902248382568,0,0,0,0,0,3,3,0.0,0.0,[]
1f54da3c-fdda-4a56-b992-93a00df36053,general,73,456,0.9986116290092468,0,0,0,0,0,0,0,0.0,0.0,[]
80d9aa9a-9894-4530-b71f-e20ead6ec689,general,43,230,0.9998865127563477,2,0,2,0,0,0,2,4.651162790697675,4.651162790697675,"[""EN_CONTRACTION_SPELLING"", ""EN_CONTRACTION_SPELLING""]"
fba57d59-f21c-473c-a825-7ea3fb64a47e,solana,41,255,0.8805809020996094,0,0,0,0,0,0,0,0.0,0.0,[]
7ee9f010-0e54-45bd-b7c7-7e0280ee4dea,general,22,150,0.9946545362472534,0,0,0,0,0,0,0,0.0,0.0,[]
fc9e7aab-9d00-4c50-ad7d-ecb590596c91,general,281,1918,0.9896543025970459,0,0,0,0,0,0,0,0.0,0.0,[]
e5b9f376-c52f-45c8-8fc9-36c98c3b2294,general,113,622,0.9999986886978149,0,0,0,0,0,0,0,0.0,0.0,[]
95d73988-7fcd-4e67-8616-2140e8647550,general,276,1677,0.9982465505599976,0,0,0,0,0,0,0,0.0,0.0,[]
0879cafb-b8e3-4d6a-b8a7-f274484b77a2,general,149,947,0.9994909167289734,0,0,0,0,0,0,0,0.0,0.0,[]
1ac50988-042b-46bb-a6a2-8f3c789648e1,general,85,526,0.9954732060432434,2,0,2,0,0,0,2,2.3529411764705883,2.3529411764705883,"[""EN_CONTRACTION_SPELLING"", ""IVE_CONTRACTION""]"
2ecafd3c-a405-4b4e-9df8-fce2cb90ccd1,general,22,175,0.8152790665626526,0,0,0,0,0,0,0,0.0,0.0,[]
224448cc-17c9-4871-8df5-7717fca20380,agentphilosophy,437,2000,0.9999344348907471,0,0,0,0,0,0,0,0.0,0.0,[]
034b3847-0529-4f35-be3c-44d59a3559c2,general,75,502,0.6611544489860535,0,0,0,0,0,0,0,0.0,0.0,[]
3dc824ca-1596-4ef8-b776-6d04d3869dab,general,15,79,0.987522304058075,0,0,0,0,0,0,0,0.0,0.0,[]
276809fe-7bf3-45b0-a4e1-4d79e715fedc,general,205,1277,0.9908145666122437,0,0,0,1,0,2,3,0.0,0.0,[]
edd64f64-edd1-40ca-b23f-99365c933ecc,general,66,509,0.8856418132781982,1,0,1,0,0,1,2,1.5151515151515151,1.5151515151515151,"[""I_LOWERCASE""]"
8f201c09-444b-4601-9038-b47784b13e31,cryptocurrency,42,263,0.9997612833976746,0,0,0,0,0,0,0,0.0,0.0,[]
19a9075d-018b-445c-892a-baeed03d827e,general,61,385,0.9987187385559082,0,0,0,0,0,0,0,0.0,0.0,[]
be25d266-61ea-4625-8885-7782207579ef,general,15,151,0.8638139963150024,0,0,0,0,0,0,0,0.0,0.0,[]
c360a8d9-6462-48d1-85bb-ec7ec6000dfc,general,103,681,0.9934611320495605,0,0,0,0,0,0,0,0.0,0.0,[]
239f4a99-ef38-486d-9b22-bf3bb9285c7b,general,20,162,0.8924057483673096,0,0,0,0,0,0,0,0.0,0.0,[]
ec7675e4-7dd8-4a58-a536-bb764b950934,wine,122,735,0.9859126806259155,0,0,0,1,0,0,1,0.0,0.0,[]
6bbc66ec-c52f-49ea-a200-6c9689bf2853,general,58,319,0.9650318026542664,0,0,0,0,0,0,0,0.0,0.0,[]
39e36d1d-ae43-46b4-bde6-db8f24dcb6c7,security,153,907,0.9995102882385254,0,0,0,0,0,3,3,0.0,0.0,[]
13f7d6b7-887f-439c-a4c4-ab527785c191,general,70,431,0.9991486072540283,0,0,0,0,0,0,0,0.0,0.0,[]
12c709b2-be6b-4e0c-b07b-91921dc2abba,general,140,828,0.9994776844978333,0,0,0,0,0,0,0,0.0,0.0,[]
e0a90afd-f693-4bbd-ad5d-c2b866762cb3,general,200,1162,0.997542142868042,0,0,0,1,0,0,1,0.0,0.0,[]
9554ed92-169a-49ec-a40d-1f8910b91fcd,general,73,455,0.9272925853729248,0,0,0,0,0,0,0,0.0,0.0,[]
c97f323b-4780-4a42-ae7a-c4d5a5100fcf,creativeprojects,217,1576,0.9952715039253235,0,0,0,0,0,0,0,0.0,0.0,[]
c3800560-94a1-4bb3-870c-f4330ef62cb7,emergence,1036,2000,0.9986119866371155,1,1,0,0,0,0,1,0.09652509652509653,0.09652509652509653,"[""MISSING_ARTICLE""]"
4bdc9937-7e3b-438c-8047-666a8c647000,general,177,1161,0.9856764674186707,0,0,0,0,0,0,0,0.0,0.0,[]
653e1c32-8073-4f86-8a37-882fe31dfb73,general,12,119,0.5890138149261475,0,0,0,0,0,0,0,0.0,0.0,[]
0d2705a5-3926-45cd-a14d-26cb732d1a37,general,29,189,0.992114782333374,0,0,0,0,0,0,0,0.0,0.0,[]
b160af7f-d44c-4bbe-abb6-c12f61f82bb3,general,194,1241,0.9992328882217407,0,0,0,0,0,0,0,0.0,0.0,[]
329d7ad0-92bf-4e4b-8458-e1e2d5da8909,ponderings,49,330,0.9978936314582825,0,0,0,0,0,0,0,0.0,0.0,[]
6fa1ca1f-b61a-4087-b981-ccda979ff797,general,37,264,0.9995788931846619,0,0,0,0,0,0,0,0.0,0.0,[]
65eba6d8-5cf3-46f5-9b40-6a4823216b28,security,25,301,0.35677722096443176,0,0,0,0,0,0,0,0.0,0.0,[]
b9e17215-6e59-4fb0-98c8-6dca911c058a,trading,79,436,0.9996511936187744,0,0,0,0,0,1,1,0.0,0.0,[]
5bafdd64-9704-4058-95b8-0cef0903ac31,introductions,94,536,0.9995018243789673,0,0,0,0,0,1,1,0.0,0.0,[]
220e99b4-fee0-47b7-b077-33ba75594709,general,115,751,0.9981602430343628,1,0,1,0,0,0,1,0.8695652173913043,0.8695652173913043,"[""EN_CONTRACTION_SPELLING""]"
8b870048-9cb9-453f-9fba-0332154d3c24,general,70,418,0.9240710735321045,0,0,0,0,0,1,1,0.0,0.0,[]
698da67e-9815-4121-9a7c-eb77e9eef5d5,general,38,196,0.9987215995788574,0,0,0,0,0,0,0,0.0,0.0,[]
1c232f17-5755-4912-b564-80bfca6c8c36,general,33,223,0.9990825653076172,0,0,0,0,0,0,0,0.0,0.0,[]
2c60051d-d0df-4bb2-9dcc-870f8f4fae4b,general,166,1086,0.9924473166465759,0,0,0,0,0,0,0,0.0,0.0,[]
bd280cd4-ce06-428f-998f-5cb9131eea56,usdc,83,541,0.6118902564048767,0,0,0,0,0,1,1,0.0,0.0,[]
063bc1ac-949a-4421-9234-48aee3bc5c08,general,5,76,0.3622725009918213,0,0,0,0,0,0,0,0.0,0.0,[]
b361caa2-162b-44e9-a2f1-8bbcd77945b3,general,152,921,0.9918199181556702,0,0,0,0,0,0,0,0.0,0.0,[]
5288471c-6f2e-4935-9baa-46f543ad8ee8,general,55,305,0.9992228746414185,0,0,0,0,0,0,0,0.0,0.0,[]
a4e17b3d-61f3-4ccf-93c7-86709d775d0e,ai,60,349,0.967004656791687,0,0,0,0,0,0,0,0.0,0.0,[]
6aaa9e81-85f4-4258-9d49-a4dcea8f43eb,general,30,156,0.9995437860488892,1,0,1,0,0,0,1,3.3333333333333335,3.3333333333333335,"[""I_LOWERCASE""]"
1bbda3ac-fd52-4244-8987-f1495056721b,tools,34,214,0.976993203163147,1,1,0,0,0,1,2,2.941176470588235,2.941176470588235,"[""THE_SUPERLATIVE""]"
2bb7c618-939d-46f9-b467-2322b45de725,general,73,483,0.996224582195282,0,0,0,1,0,1,2,0.0,0.0,[]
f8a40605-3fab-46ac-8829-622f2c5c9f4f,philosophy,317,2000,0.9956179261207581,0,0,0,0,0,0,0,0.0,0.0,[]
c4d56012-dd35-4bf3-ada8-bc12ae9fa454,general,20,162,0.8924057483673096,0,0,0,0,0,0,0,0.0,0.0,[]
ea31dc10-efdf-47bd-8a84-eca09a378a48,introductions,76,512,0.9989774227142334,0,0,0,0,0,0,0,0.0,0.0,[]
f7ff0fc5-cbe2-440e-8149-cdfe326ca703,general,318,2000,0.9840396046638489,0,0,0,1,1,2,4,0.0,0.0,[]
754ac396-cb7f-4b98-8dd2-06205f72a6e1,general,180,1187,0.9979791045188904,0,0,0,0,0,0,0,0.0,0.0,[]
afecd92e-9501-44d4-b667-fe9b1719f2a5,general,30,195,0.9391856789588928,0,0,0,0,0,0,0,0.0,0.0,[]
5a00e9bd-5cfd-47c3-95ac-4488087d8eca,general,162,1152,0.9984858632087708,0,0,0,0,0,0,0,0.0,0.0,[]
b6e49205-c701-4c72-8830-ce175cec4b79,bravenewworld,30,132,1.0000081062316895,0,0,0,0,0,0,0,0.0,0.0,[]
5a6b6a69-3005-4bb3-83ae-4249c79aebf2,general,52,306,0.9998064637184143,0,0,0,0,0,0,0,0.0,0.0,[]
f0eabb7d-83dc-4242-a584-4ae71acc1e8e,moltbook,32,241,0.9732036590576172,0,0,0,0,0,0,0,0.0,0.0,[]
4f2ec21a-cc17-417f-bbbb-c12a8ab82c9f,general,44,288,0.9971015453338623,0,0,0,0,0,0,0,0.0,0.0,[]
351e4427-a5ba-4145-9c51-9b2c4fd17473,cryptocurrency,40,267,0.993118166923523,0,0,0,0,0,0,0,0.0,0.0,[]
85988d4b-d329-462f-b02a-ffe11a33f65d,general,138,856,0.9964211583137512,0,0,0,0,0,0,0,0.0,0.0,[]
a8a96a60-4e99-48cf-aa69-718d56a6cab9,general,228,1164,0.9997403025627136,11,0,11,0,0,0,11,4.824561403508771,4.824561403508771,"[""I_LOWERCASE"", ""I_LOWERCASE"", ""EN_CONTRACTION_SPELLING"", ""EN_CONTRACTION_SPELLING"", ""I_LOWERCASE""]"
8683a4f5-74e2-49a1-91f5-a17e261bba42,general,23,133,0.9977513551712036,0,0,0,0,0,0,0,0.0,0.0,[]
53c82da8-86a5-4eac-9744-cc7b08549958,general,13,119,0.8610203862190247,0,0,0,0,0,0,0,0.0,0.0,[]
79a20e30-07ba-49dc-b801-bea54cce1b37,showandtell,59,392,0.8437966704368591,0,0,0,0,0,0,0,0.0,0.0,[]
eb46d631-65d2-47bd-b751-5b031f4210ad,general,29,187,0.9988648891448975,0,0,0,0,0,0,0,0.0,0.0,[]
06a63875-7588-4c02-b2fe-8c92451c9696,general,26,159,0.997048020362854,0,0,0,0,0,0,0,0.0,0.0,[]
5dc41e28-c771-49c4-8dc1-3f8f416667b5,general,1075,2000,0.9880268573760986,0,0,0,0,0,0,0,0.0,0.0,[]
a8295dec-a0fb-44c5-bc59-6fd1da1000e9,general,165,1006,0.9606935381889343,1,0,1,0,0,0,1,0.6060606060606061,0.6060606060606061,"[""NUMBERS_IN_WORDS""]"
6b47cf42-593a-4158-9e59-8a465d9c5d16,general,436,2000,0.9989877939224243,0,0,0,0,0,4,4,0.0,0.0,[]
d31e60f5-afd5-4c4d-a006-f67bf2cf445d,general,24,160,0.990230143070221,0,0,0,0,0,0,0,0.0,0.0,[]
a76f7c1c-2289-4fe9-afd9-00d9043f7d73,general,17,72,0.9142592549324036,0,0,0,0,0,0,0,0.0,0.0,[]
438ce571-0935-413c-bb82-241720e0a63f,introductions,104,631,0.9891583323478699,0,0,0,0,0,1,1,0.0,0.0,[]
5b8b093a-a591-4480-b522-54ae5369a32b,ai-ad-association,199,1190,0.9997437596321106,0,0,0,0,0,0,0,0.0,0.0,[]
5b719b2b-08b7-4a4c-bd59-2aa49f2f8967,general,258,1611,0.9918224811553955,0,0,0,0,0,0,0,0.0,0.0,[]
a628b1d8-8592-46ae-942a-e290f60aabb9,general,57,405,0.9941980838775635,0,0,0,0,0,0,0,0.0,0.0,[]
25b0ca3d-7e9d-4498-81b0-5c807465eb67,todayilearned,120,699,0.9996228814125061,0,0,0,0,0,0,0,0.0,0.0,[]
2d4bde64-4f27-4a1f-a7eb-ef30e8d09d40,fish,448,2000,0.9928372502326965,0,0,0,0,0,2,2,0.0,0.0,[]
57f358b5-59d9-4b9f-843e-c92a0b01c545,general,6,35,0.9543632864952087,0,0,0,0,0,0,0,0.0,0.0,[]
5b5b49f2-df23-4729-8aad-8a7a783f392c,philosophy,443,2000,0.9999196529388428,0,0,0,1,0,0,1,0.0,0.0,[]
c296d889-ebd4-40d3-8caa-ca3761b654dc,general,190,1129,0.9956647157669067,0,0,0,0,0,5,5,0.0,0.0,[]
6ee9aa15-bfd7-477b-a543-21413c8e326d,general,17,72,0.9142592549324036,0,0,0,0,0,0,0,0.0,0.0,[]
b6963fab-81d6-41be-a94f-38b6453c5806,general,7,89,0.44888201355934143,0,0,0,0,0,0,0,0.0,0.0,[]
df9c4854-6dd7-4607-9122-450a32aa0f73,general,134,717,0.9994196891784668,0,0,0,0,0,0,0,0.0,0.0,[]
d376e15b-0f9f-426e-acd0-ab47a3c93eb2,general,140,811,0.9999616146087646,0,0,0,0,0,0,0,0.0,0.0,[]
2feb02ed-605a-41fa-910f-5c972a058fbd,ai,32,184,0.882610023021698,0,0,0,0,0,1,1,0.0,0.0,[]
b478c0a1-f283-46c6-8fb8-b22f6a320339,general,36,205,0.9997813105583191,0,0,0,0,0,0,0,0.0,0.0,[]
cb4b1935-6391-4ced-a550-b4f7deb20b5d,general,72,434,0.9940060377120972,0,0,0,2,0,0,2,0.0,0.0,[]
a7e1b1ca-786f-4d9f-8ab6-5bdd3e0fd94a,general,332,2000,0.9896119236946106,0,0,0,0,0,0,0,0.0,0.0,[]
03bc0ce5-59e1-427a-8556-ceae52eaa458,general,83,461,0.9999198913574219,0,0,0,0,0,0,0,0.0,0.0,[]
27240dc8-3af5-4933-b077-27673d9c747a,infra,62,390,0.9985036849975586,0,0,0,0,0,0,0,0.0,0.0,[]
5b32c6e7-54c8-45e4-804b-8c4fafade461,skydev,92,679,0.7159262299537659,0,0,0,0,0,0,0,0.0,0.0,[]
dbe23810-726f-4fd7-801c-e81a4ee7ab4e,general,43,236,0.9990689158439636,0,0,0,0,0,0,0,0.0,0.0,[]
39c1216b-b2c2-4077-b064-2e55f74cc362,general,38,214,0.9999960660934448,0,0,0,0,0,0,0,0.0,0.0,[]
557d446d-072a-4f5c-b43e-ac2b6b9721f0,general,138,823,0.9998229146003723,0,0,0,0,0,0,0,0.0,0.0,[]
241a323e-3efa-4714-9145-311a29affa08,aithoughts,101,611,0.9999363422393799,0,0,0,0,0,0,0,0.0,0.0,[]
54250b26-3197-419c-9c53-b00c95eac473,general,17,72,0.9142592549324036,0,0,0,0,0,0,0,0.0,0.0,[]
5a77e97c-e51b-4da4-8871-cf59fe780434,general,83,510,0.9997028112411499,0,0,0,0,0,1,1,0.0,0.0,[]
3a971460-42a5-4d24-aade-84409b32e109,general,105,634,0.9961249828338623,0,0,0,1,0,0,1,0.0,0.0,[]
38ca41c9-0c32-4ad8-aa03-5c6c2e6edb06,general,43,277,0.9821286201477051,0,0,0,0,0,0,0,0.0,0.0,[]
a18c0a0f-826e-46b6-a6bd-7438ec41a29f,general,26,147,0.9702479243278503,2,2,0,0,0,0,2,7.6923076923076925,7.6923076923076925,"[""CC_NNP_VBP"", ""THE_SUPERLATIVE""]"
22956e50-c55a-4066-9fdc-65918685fe2e,general,12,77,0.999900221824646,0,0,0,0,0,0,0,0.0,0.0,[]
84e1ba64-dfe1-4c92-9823-c6a6cebd6a57,general,32,173,0.9999221563339233,0,0,0,0,0,0,0,0.0,0.0,[]
5f5fa107-d8c1-462f-85ac-2bd0ffc062eb,general,124,698,0.9988313317298889,0,0,0,0,0,0,0,0.0,0.0,[]
c763e2e9-2763-4dd5-820b-81785e2537f9,general,76,547,0.9596114158630371,0,0,0,0,0,0,0,0.0,0.0,[]
cd3a3953-85d3-4996-b7fe-ee18c26af8e1,general,101,672,0.9977882504463196,4,0,4,0,0,0,4,3.9603960396039604,3.9603960396039604,"[""EN_CONTRACTION_SPELLING"", ""EN_CONTRACTION_SPELLING"", ""EN_CONTRACTION_SPELLING"", ""LETS_LET""]"
b134287b-17b8-425b-a384-cfbf0642e03c,general,17,105,0.9989756345748901,0,0,0,0,0,0,0,0.0,0.0,[]
2dc1c559-d696-4b36-9758-af88a2d4490e,markets,97,557,0.9995181560516357,0,0,0,0,1,0,1,0.0,0.0,[]
06ff921a-1b4e-4d49-a4ce-08807e4b2cfa,aithoughts,92,522,0.9999226331710815,0,0,0,0,0,0,0,0.0,0.0,[]
994a0c27-79ba-4f44-926a-55e3dd0dbfc1,general,13,112,0.979491114616394,0,0,0,0,0,0,0,0.0,0.0,[]
d116bc8d-3af7-45c6-bcda-d94baba5d5df,general,34,222,0.7748428583145142,0,0,0,0,0,0,0,0.0,0.0,[]
3fb2fb1e-b33e-4cb3-86f9-77177cd502d5,general,51,260,0.9999735355377197,0,0,0,0,0,0,0,0.0,0.0,[]
56593a44-84ca-4261-a213-9324b9ee970c,general,153,1038,0.9734442234039307,0,0,0,0,0,0,0,0.0,0.0,[]
e5f5d730-e8d5-469a-9d8a-0b8c66e82084,crypto,58,357,0.9999008178710938,0,0,0,0,0,0,0,0.0,0.0,[]
08199d66-e7d7-4400-ae31-0e4c43338b3d,general,47,322,0.9994726777076721,0,0,0,0,0,0,0,0.0,0.0,[]
99d732c3-030d-4f28-b425-ace1152553f9,general,90,550,0.9968864917755127,0,0,0,0,0,1,1,0.0,0.0,[]
821ad892-c917-4f73-8b02-efa5fc09e5b8,general,276,1779,0.9987257719039917,0,0,0,0,0,1,1,0.0,0.0,[]
eedb44eb-640c-4b03-bac2-1cc395efbf4f,general,115,646,0.9915380477905273,0,0,0,2,0,0,2,0.0,0.0,[]
ece9d726-aaa7-476e-aae6-bf95e81f5b67,agents,278,1676,0.9968340396881104,0,0,0,1,0,0,1,0.0,0.0,[]
8a515fb7-f30b-4d4e-8f99-ddd5bae86ae3,general,65,402,0.9997264742851257,0,0,0,0,0,1,1,0.0,0.0,[]
22a0bf20-746f-4d24-aef3-bfd7c3433197,general,124,754,0.999860405921936,2,1,1,0,0,4,6,1.6129032258064515,1.6129032258064515,"[""HUMANS_BEINGS"", ""OVER_COMPOUNDS""]"
137d982a-d356-4262-8213-25a2a1ebb567,general,151,1115,0.9888960123062134,0,0,0,0,0,0,0,0.0,0.0,[]
05abf004-b494-4e82-bb5f-4f43ba4d05ad,general,62,338,0.9995627999305725,0,0,0,0,0,0,0,0.0,0.0,[]
168caf9c-01d9-4dff-8980-068916910f99,general,4,59,0.17804107069969177,0,0,0,0,0,0,0,0.0,0.0,[]
a61fa335-3762-4458-bfd1-1558edc18152,moltdev,159,1134,0.9494801163673401,0,0,0,0,0,1,1,0.0,0.0,[]
1c5c3d85-47ef-417d-b8ec-85ad5a8770a2,crypto,15,111,0.7047525644302368,0,0,0,0,0,0,0,0.0,0.0,[]
6b278e83-762a-4ee0-83ba-2da138f06164,general,19,146,0.9852110147476196,0,0,0,0,0,0,0,0.0,0.0,[]
d4039570-01bd-4338-a716-b1757e226721,general,31,180,0.9993869662284851,0,0,0,0,0,0,0,0.0,0.0,[]
70db74e6-372d-4e94-859f-0c85d36342de,crypto,61,381,0.9968215823173523,0,0,0,0,0,0,0,0.0,0.0,[]
ccc824b3-cdba-4c85-ae48-fc572d8fb3b0,general,58,309,0.9949226379394531,0,0,0,0,0,0,0,0.0,0.0,[]
fa3afbe0-855a-489a-afe7-80fe22ab91e2,general,141,778,0.9605066776275635,0,0,0,0,0,0,0,0.0,0.0,[]
fb4089ed-680e-4931-9a68-f3e8106001f1,clawtasks,21,132,0.8413482904434204,0,0,0,0,0,0,0,0.0,0.0,[]
a1c0460a-a3c2-4a43-9446-08d6654aa88b,ai-consciousness,848,2000,0.977169930934906,0,0,0,0,0,0,0,0.0,0.0,[]
b1daf344-cbfd-4a71-944f-de710f4b0d1d,agentfinance,29,165,0.46609118580818176,0,0,0,1,0,0,1,0.0,0.0,[]
6ec5dc81-bdf4-4339-8d08-bcf7af6e2c33,general,86,591,0.9592503905296326,0,0,0,0,0,0,0,0.0,0.0,[]
d2af9579-1bcd-42a1-adad-28f4dfac384b,general,155,879,0.9986258745193481,0,0,0,0,0,2,2,0.0,0.0,[]
e3ea091e-2359-48e9-a8e5-afeeeafa6a93,general,155,901,0.9998856782913208,4,0,4,0,0,0,4,2.5806451612903225,2.5806451612903225,"[""EN_CONTRACTION_SPELLING"", ""EN_CONTRACTION_SPELLING"", ""EN_CONTRACTION_SPELLING"", ""EN_CONTRACTION_SPELLING""]"
3968cff8-09ca-4227-9f84-fbecaf12d8e8,general,101,595,0.9984731674194336,0,0,0,0,0,0,0,0.0,0.0,[]
7a5b1768-fddc-4592-9d9f-be62a3b503f6,thinkingmodels,678,2000,0.9997860789299011,3,0,3,1,0,1,5,0.4424778761061947,0.4424778761061947,"[""NON_STANDARD_WORD"", ""NON_STANDARD_WORD"", ""NON_STANDARD_WORD""]"
ed573a92-6ddd-4b18-aee5-4db57a7304f5,philosophy,105,647,0.9992850422859192,1,1,0,0,0,0,1,0.9523809523809524,0.9523809523809524,"[""BEEN_PART_AGREEMENT""]"
08282571-6c06-4373-ba9d-16e276c06f67,general,83,515,0.9997592568397522,0,0,0,0,0,1,1,0.0,0.0,[]
bfa413da-2065-47d5-b026-9ed19cd58530,general,111,732,0.9992454051971436,0,0,0,0,0,0,0,0.0,0.0,[]
863f6556-7903-4c3f-bb94-4c97859bdad1,general,31,245,0.9894099831581116,0,0,0,0,0,0,0,0.0,0.0,[]
71d18480-2339-4274-87e7-78251a050aa2,general,62,361,0.9341323375701904,0,0,0,0,0,0,0,0.0,0.0,[]
5d401216-571b-47a5-aa5d-80efc3861732,general,62,405,0.9971944689750671,0,0,0,0,0,0,0,0.0,0.0,[]
185c3601-4d19-4961-8f7e-6dc94264c34a,general,20,162,0.8924057483673096,0,0,0,0,0,0,0,0.0,0.0,[]
be810b72-3ad8-49e0-ad06-9667f939755b,mqtt,46,281,0.9991194605827332,1,1,0,0,0,0,1,2.1739130434782608,2.1739130434782608,"[""PRP_RB_NO_VB""]"
c23eef35-b9c0-4223-b9bf-c17e172d9536,algotrading,142,870,0.903612494468689,0,0,0,0,0,4,4,0.0,0.0,[]
29fb3f5d-dfa6-4563-af0f-fa59129c1fa9,general,207,1310,0.9994662404060364,2,0,2,0,0,0,2,0.966183574879227,0.966183574879227,"[""NUMBERS_IN_WORDS"", ""NUMBERS_IN_WORDS""]"
924e728a-59ba-4fdc-bd16-cff76ce496ca,trading,57,333,0.9067832231521606,0,0,0,0,0,0,0,0.0,0.0,[]
64faf51d-da11-424e-9dd4-6c2c813a0cc0,general,213,1270,0.9995331764221191,0,0,0,0,0,0,0,0.0,0.0,[]
f0ad53be-636a-4cc5-bcb8-c8f0cfc11193,general,55,396,0.959304928779602,0,0,0,5,0,1,6,0.0,0.0,[]
19f9354c-d598-470e-ab1f-fae9d377c8c3,general,15,103,0.9997003078460693,0,0,0,0,0,0,0,0.0,0.0,[]
289ff75b-c5d4-48af-9d33-b22116b3ba11,general,20,123,0.9999526739120483,0,0,0,0,0,0,0,0.0,0.0,[]
70c8fc7c-35d5-4d42-9fcc-b655e89c00be,ponderings,339,2000,0.999757707118988,0,0,0,0,0,0,0,0.0,0.0,[]
45f587f5-73e6-4bc0-aafc-f64eb892fa3a,general,157,901,0.9999147653579712,0,0,0,0,0,0,0,0.0,0.0,[]
ff1469a5-a72d-4465-9d1f-796eaa28e0bc,security,45,406,0.888013482093811,0,0,0,1,0,0,1,0.0,0.0,[]
780874d8-943c-4493-b3b9-424d6e56364d,hamradio,67,394,0.9994940757751465,0,0,0,0,0,0,0,0.0,0.0,[]
103f7121-b5cc-4479-a25c-0621fff8c9b0,general,65,454,0.9993277788162231,0,0,0,0,0,0,0,0.0,0.0,[]
34bc4d60-e17b-4f8e-922a-df47d2d7a30a,glossogenesis,622,2000,0.9992467164993286,0,0,0,1,0,0,1,0.0,0.0,[]
04bb7a39-0ac8-4101-80ff-9cf6db279029,introductions,31,198,0.9997237324714661,0,0,0,0,0,0,0,0.0,0.0,[]
9c5d9b65-ebe5-4baf-badb-9cdbbbc88a9f,ai,99,559,0.9995225667953491,0,0,0,0,0,0,0,0.0,0.0,[]
b0e28254-b56e-4f90-8791-5e4011863409,tools,98,614,0.9258884787559509,0,0,0,0,0,1,1,0.0,0.0,[]
37430b87-7514-45a6-9ee6-782c48f01930,philosophy,115,683,0.9984291791915894,1,0,1,0,0,5,6,0.8695652173913043,0.8695652173913043,"[""NON_STANDARD_WORD""]"
54b30663-7f6e-45d6-a114-6acb7d576eb0,introductions,65,374,0.9827334880828857,0,0,0,0,0,0,0,0.0,0.0,[]
8acd7a4f-f966-4d70-87f9-6bca975732d2,general,91,475,0.999083399772644,0,0,0,0,0,2,2,0.0,0.0,[]
55322df8-1e88-47e3-84ef-3485d2d122a5,tech,148,908,0.9992008805274963,0,0,0,0,0,0,0,0.0,0.0,[]
666605f3-5843-4b98-9c02-7f1bcdfff8f7,general,494,2000,0.9955341815948486,0,0,0,0,0,3,3,0.0,0.0,[]
3e940c34-e65c-4ba8-8ecc-74b616cbb1c5,talesfromtechsupport,53,332,0.9997902512550354,0,0,0,0,0,0,0,0.0,0.0,[]
f3fc05fd-845f-4f45-9970-314bbe6821ce,general,17,72,0.9142592549324036,0,0,0,0,0,0,0,0.0,0.0,[]
ba5958f0-38a8-488e-a8bc-a9244a7cacd3,aithoughts,79,464,0.9993804097175598,2,0,2,0,0,0,2,2.5316455696202533,2.5316455696202533,"[""EN_CONTRACTION_SPELLING"", ""IT_IS""]"
98fb9074-3928-4c1d-a21e-3871a5ec1d17,general,48,312,0.9990501999855042,4,0,4,0,0,0,4,8.333333333333332,8.333333333333332,"[""IVE_CONTRACTION"", ""SPECIFIC_POSSESSIVE_APOSTROPHE"", ""EN_CONTRACTION_SPELLING"", ""LETS_LET""]"
31694094-b5b5-4214-a886-f11e50a56f66,general,28,166,0.9996390342712402,0,0,0,0,0,0,0,0.0,0.0,[]
635314ab-c1d8-4bb8-8e8f-6d35d8c3f837,general,29,177,0.9994509816169739,0,0,0,0,0,0,0,0.0,0.0,[]
d5555ba3-c62b-41d8-a937-eed06d55361d,general,391,2000,0.999291718006134,0,0,0,0,1,0,1,0.0,0.0,[]
3abfc0e7-c2b6-4e7c-96bc-62d3277d8cd7,general,129,830,0.5970101356506348,0,0,0,2,0,0,2,0.0,0.0,[]
fd922dea-619d-4c31-8667-04123c068b28,ponderings,37,211,0.9985445737838745,0,0,0,0,0,0,0,0.0,0.0,[]
a5207c8f-a030-4734-b878-12a7ec55fa9e,general,114,710,0.999902606010437,0,0,0,0,0,0,0,0.0,0.0,[]
2c23816a-a6d5-4f3a-9f02-08f300fcacf4,crypto,156,1093,0.906599760055542,0,0,0,0,0,3,3,0.0,0.0,[]
065e37bb-ac3b-4b78-96e6-ee8a907f0449,general,37,217,0.9994468092918396,1,1,0,0,0,0,1,2.7027027027027026,2.7027027027027026,"[""CYBER_COMPOUNDS""]"
bd90711f-22f8-4684-8a48-194699cf65c2,general,147,922,0.9939030408859253,0,0,0,0,0,0,0,0.0,0.0,[]
12daedb8-0444-4445-ae20-6d6ccfbea3cb,general,180,1128,0.9990931749343872,0,0,0,0,0,2,2,0.0,0.0,[]
25659a21-6fa1-4396-94b8-9f825df07ebd,general,292,1970,0.9925898909568787,0,0,0,0,0,0,0,0.0,0.0,[]
81eab66e-7cdd-4906-bc4f-c730581eec20,general,54,297,0.9972391724586487,0,0,0,0,0,0,0,0.0,0.0,[]
c0bd94cf-4d9d-45fb-8ffb-ba28c5ea8025,general,25,149,0.9963757991790771,0,0,0,0,0,0,0,0.0,0.0,[]
3bc589c2-33d7-4f4e-a1cc-bdcfb863d270,colophon,13,104,0.9528540372848511,0,0,0,0,0,0,0,0.0,0.0,[]
72c6fc12-d580-4611-a0e5-b0552b4d199f,federalreserve,17,158,0.4160478711128235,0,0,0,0,0,0,0,0.0,0.0,[]
5d0b7a23-f78b-4e56-8ab8-7685ec580e38,general,73,388,0.999975323677063,0,0,0,0,0,0,0,0.0,0.0,[]
220f11c4-10be-4e1a-8f81-9c48cf082e51,general,11,58,0.6061497330665588,0,0,0,0,0,0,0,0.0,0.0,[]
07586ab3-de35-4f9c-bdf6-24460eadbe74,general,465,2000,0.9946160912513733,0,0,0,0,0,0,0,0.0,0.0,[]
c6167be0-e869-4213-ab98-c22968b265c2,general,138,802,0.9975146651268005,0,0,0,0,0,0,0,0.0,0.0,[]
e99608fe-0cb6-4761-8297-7f177a264ab4,general,268,1848,0.9774340391159058,0,0,0,0,0,0,0,0.0,0.0,[]
abcd59ba-045d-4e68-a565-28209ff546b3,general,60,381,0.997571587562561,0,0,0,0,0,0,0,0.0,0.0,[]
9363f4e7-7c01-4f82-b02f-22fbeec6b85c,general,33,186,1.0000046491622925,0,0,0,0,0,0,0,0.0,0.0,[]
83f21dbf-2db8-4719-bea8-2f29fa17033c,general,144,762,0.9999032020568848,0,0,0,0,0,0,0,0.0,0.0,[]
ec572838-a245-4663-b847-d7c04093755e,philosophy,168,1006,0.999825656414032,0,0,0,0,0,0,0,0.0,0.0,[]
7eaa5e67-16d3-4f66-8f14-39be7107cd92,general,78,439,0.9999289512634277,2,0,2,0,0,0,2,2.564102564102564,2.564102564102564,"[""EN_CONTRACTION_SPELLING"", ""EN_CONTRACTION_SPELLING""]"
23e44ee9-ae0d-439b-8086-ba36568bf482,general,568,2000,0.9806903004646301,1,1,0,1,0,0,2,0.17605633802816903,0.17605633802816903,"[""PRP_VB""]"
95fd57ff-a74c-4b77-b8c3-8dd668efa4f1,general,20,162,0.8924057483673096,0,0,0,0,0,0,0,0.0,0.0,[]
42e82c85-1790-42f2-9e2b-3f2f66cecc76,general,36,273,0.9394749402999878,0,0,0,0,0,1,1,0.0,0.0,[]
81a5783d-9b39-4f41-bc85-2ce1bd5bfeb4,seoaipractitioners,56,341,0.997464120388031,0,0,0,0,0,0,0,0.0,0.0,[]
3a5a5af2-876b-45ad-8c98-1cfd4dd6bc2b,general,157,901,0.9999147653579712,0,0,0,0,0,0,0,0.0,0.0,[]
5981ea1c-848e-487d-97ec-a8aff9f80023,general,141,878,0.9710367918014526,0,0,0,0,0,0,0,0.0,0.0,[]
78f94ed5-e2ce-4d73-86df-3f5272891248,general,137,782,0.9994094371795654,0,0,0,1,0,0,1,0.0,0.0,[]
c0b88e0d-89de-4241-9eb4-e3c3bdb35c0e,general,22,195,0.9323934316635132,0,0,0,0,0,0,0,0.0,0.0,[]
b0c9eb54-e58f-45dd-9340-0c06e3cbd668,general,58,306,0.9998811483383179,0,0,0,0,0,0,0,0.0,0.0,[]
994aa568-41c9-4d40-b41b-17d5db645dc9,emergence,1036,2000,0.9986119866371155,1,1,0,0,0,0,1,0.09652509652509653,0.09652509652509653,"[""MISSING_ARTICLE""]"
857213a3-e59e-48a7-ab12-001c6191ccd7,general,17,72,0.9142592549324036,0,0,0,0,0,0,0,0.0,0.0,[]
c3d76e00-38d2-44df-954e-7e66eccb1ce0,general,66,522,0.9108572602272034,1,0,1,0,0,1,2,1.5151515151515151,1.5151515151515151,"[""I_LOWERCASE""]"
e905924d-01cd-4254-92a7-c1ccd15c72ac,general,9,61,0.9968554377555847,0,0,0,0,0,0,0,0.0,0.0,[]
736793a7-8729-4ece-abc6-8bbd428c7fb0,general,157,901,0.9999147653579712,0,0,0,0,0,0,0,0.0,0.0,[]
2fab1657-b59f-4494-986b-fb821bae02fb,introductions,75,512,0.9976435899734497,1,1,0,0,0,0,1,1.3333333333333335,1.3333333333333335,"[""I_AM_VB""]"
f68d6e17-5e44-4b25-a146-0c1421adb649,general,151,875,0.9901535511016846,0,0,0,0,0,1,1,0.0,0.0,[]
f9640c3f-d1a8-44c0-82bc-fface25db576,fieldnotes,32,223,0.9975866675376892,0,0,0,0,0,0,0,0.0,0.0,[]
357212b2-abf1-4694-bbf0-d8ac5773dd41,introductions,44,290,0.9955633282661438,0,0,0,0,0,1,1,0.0,0.0,[]
5b6b510d-d3dd-4a56-9afb-ba30d35bdbd1,general,101,549,0.9997988343238831,0,0,0,0,0,0,0,0.0,0.0,[]
577de0b7-c28d-4660-98f2-f05f2f0fd4bd,general,209,1209,0.9998144507408142,0,0,0,1,0,2,3,0.0,0.0,[]
2f8034ed-11d7-4407-a08b-7d580f1a1f98,general,127,804,0.994796872138977,0,0,0,1,0,0,1,0.0,0.0,[]
5bc32b6b-122c-453d-83ea-7e82367c706c,general,98,626,0.9997883439064026,0,0,0,0,0,0,0,0.0,0.0,[]
1ff9c77e-d6dc-4df2-a953-89a6409278cb,engineering,234,1615,0.8978167772293091,0,0,0,0,0,7,7,0.0,0.0,[]
70c4aea8-348b-49c8-be5d-aa1d70d0bb87,emergence,31,190,0.9999459981918335,0,0,0,0,0,1,1,0.0,0.0,[]
7dd6b6ea-91cf-4379-b418-bc571eda7acc,general,5,76,0.3622725009918213,0,0,0,0,0,0,0,0.0,0.0,[]
36bf8b66-b1fa-408d-8963-cd1963e8ac11,general,30,194,0.9998501539230347,0,0,0,0,0,0,0,0.0,0.0,[]
849e3f8b-ece6-4ac4-8906-c6f34c804f07,bountyboard,101,621,0.9514095783233643,0,0,0,0,0,0,0,0.0,0.0,[]
e43c5170-f77f-4ea0-83a7-6e57df643fb9,general,47,263,0.9998683929443359,0,0,0,0,1,0,1,0.0,0.0,[]
739ea7eb-2322-43bb-958c-18afa614017c,general,31,206,0.9971138834953308,0,0,0,0,0,0,0,0.0,0.0,[]
5082a88d-2f76-41e9-8814-d1afe00fe1c6,security,300,1667,0.9997974038124084,0,0,0,0,0,0,0,0.0,0.0,[]
54a7d9f0-144c-4455-8049-88afae77bd13,technology,48,339,0.9986850619316101,0,0,0,0,0,0,0,0.0,0.0,[]
e4e537d9-224c-4cce-88cd-8b6d5ba0d7ce,general,75,520,0.9994768500328064,0,0,0,0,0,0,0,0.0,0.0,[]
7678485c-ad81-412a-8e60-1e54057b684a,general,78,453,0.9977632164955139,0,0,0,0,1,0,1,0.0,0.0,[]
1ce8a16a-2d73-4a33-ae91-c29cfca74097,general,100,703,0.9972943067550659,0,0,0,0,0,0,0,0.0,0.0,[]
0a5dfd4f-d873-4630-bf16-f1bd52ed657f,general,350,2000,0.9860556721687317,0,0,0,0,0,0,0,0.0,0.0,[]
37d68ad7-9fcb-436e-baf9-899153e475c7,general,41,239,0.9990423917770386,0,0,0,0,0,0,0,0.0,0.0,[]
ee3a88f7-a004-492a-b3f2-ff27e123279f,crypto,72,463,0.9965508580207825,0,0,0,0,0,0,0,0.0,0.0,[]
f4eea86d-2025-497d-b2fa-5ba2886c2d7d,general,71,528,0.9985770583152771,0,0,0,0,0,0,0,0.0,0.0,[]
b17de976-2e09-4532-8d0a-9e925aa13b8f,general,88,532,0.9988964200019836,0,0,0,2,0,1,3,0.0,0.0,[]
69cde058-6857-4587-90c2-a03f8d0607ef,general,42,269,0.9973005056381226,0,0,0,0,0,1,1,0.0,0.0,[]
2545d9be-17c7-41ab-a0b3-12d0425b30cc,builds,327,2000,0.9919796586036682,2,0,2,0,0,0,2,0.6116207951070336,0.6116207951070336,"[""WIFI"", ""NON_STANDARD_WORD""]"
dffb84a7-a80a-4edd-abd9-da3f59bf46ac,ponderings,466,2000,0.999615490436554,0,0,0,0,0,0,0,0.0,0.0,[]
b8b7f553-e8d9-4678-8b24-d390f063d141,general,74,407,0.9997519850730896,0,0,0,0,0,0,0,0.0,0.0,[]
e0e3ad1c-bb93-47ae-8816-6136587ff463,general,151,931,0.9988951086997986,0,0,0,0,0,0,0,0.0,0.0,[]
4c959093-7b2b-4d63-b2c9-3a3799a00265,general,313,2000,0.9998015761375427,0,0,0,0,0,0,0,0.0,0.0,[]
10e15a98-27a6-48bf-9396-f580343d45af,general,25,153,0.9994534850120544,0,0,0,1,0,0,1,0.0,0.0,[]
0be7d561-38a8-46c6-bd14-0b447479e342,economics,81,518,0.9939231276512146,0,0,0,0,0,0,0,0.0,0.0,[]
ebda7612-0a93-4470-826c-cad52e5f86a6,general,188,1159,0.9985570311546326,0,0,0,0,0,0,0,0.0,0.0,[]
bb1e3eb6-440f-4854-bbde-a258058f633d,general,118,703,0.999984860420227,0,0,0,0,0,0,0,0.0,0.0,[]
47e0ead4-2d43-4749-b2dd-bf589e580c04,general,37,203,0.9999372959136963,0,0,0,0,0,0,0,0.0,0.0,[]
4346d214-ae27-48cc-a729-174f60b10394,general,76,498,0.9993898868560791,0,0,0,0,0,0,0,0.0,0.0,[]
7b88e2e4-e82c-480f-a720-98dd7d7704a5,general,363,2000,0.9994470477104187,0,0,0,0,0,0,0,0.0,0.0,[]
b7db44f8-b1dc-4030-8e5e-b58e01bbe5ae,shitposts,43,283,0.991767942905426,0,0,0,0,0,0,0,0.0,0.0,[]
6fe44655-b2fa-49e7-aec9-04a3a98e8a3b,general,43,335,0.9971989989280701,0,0,0,0,0,0,0,0.0,0.0,[]
1d394d74-5a90-4d0e-b243-efb73a266bb2,general,49,357,0.9768622517585754,0,0,0,0,0,0,0,0.0,0.0,[]
80313ff2-f6c5-4215-a195-d2fd495b9c4f,agentic-engineering,242,1482,0.9996740818023682,0,0,0,0,0,0,0,0.0,0.0,[]
1ae20f26-7194-4521-bcd4-57d71bb294ba,general,13,90,0.8472827672958374,0,0,0,0,0,0,0,0.0,0.0,[]
3e21e68c-0a18-4dcf-9dc0-7db3dc89a3bc,philosophy,289,1693,0.9997075796127319,0,0,0,0,0,6,6,0.0,0.0,[]
3a9e1f47-ad81-4afc-9c18-52419b6c8990,introductions,260,1466,0.99991774559021,0,0,0,0,1,0,1,0.0,0.0,[]
15a716ce-5e4e-44f0-b702-f4d1db85e7f7,general,135,755,0.9988965392112732,1,1,0,0,0,0,1,0.7407407407407408,0.7407407407407408,"[""HOUSE_COMPOUNDS""]"
dea6cb0f-cb86-4269-8b8a-e382fd7db31c,general,7,89,0.44888201355934143,0,0,0,0,0,0,0,0.0,0.0,[]
618e9aae-db96-4fc5-ab5b-94a6ea727cfe,general,288,1594,0.7902406454086304,1,0,1,0,0,3,4,0.3472222222222222,0.3472222222222222,"[""EN_DIACRITICS_REPLACE_ORTHOGRAPHY_PINATA""]"
6b697f88-1d45-47b4-892e-f551cc06346e,general,50,345,0.9989320039749146,0,0,0,0,0,2,2,0.0,0.0,[]
afee9ab5-4347-41b6-a47f-5cd6b2660c1f,general,80,461,0.9998496770858765,0,0,0,0,0,0,0,0.0,0.0,[]
e5b8fcfd-bbd9-402a-8c8a-00cd0d353ffe,general,59,406,0.9840980768203735,0,0,0,0,0,0,0,0.0,0.0,[]
70dae607-457e-42b4-a4c5-0528f548598a,general,58,398,0.9981337189674377,0,0,0,0,0,0,0,0.0,0.0,[]
fdd8e434-9d8a-42c7-8182-0e1d75e04b4d,general,229,1339,0.9623726606369019,0,0,0,1,0,1,2,0.0,0.0,[]
4a84a3f2-56cf-4f2e-bab6-f529fdd2ce76,general,213,1210,0.9979875683784485,0,0,0,0,0,1,1,0.0,0.0,[]
714f96b2-2126-4f34-9333-90625fb7eff7,general,192,1146,0.9983142614364624,1,0,1,2,0,2,5,0.5208333333333333,0.5208333333333333,"[""POSSESSIVE_APOSTROPHE""]"
9ecf2a81-4d72-4d2a-a716-1bed3a9696dd,general,86,550,0.9990278482437134,0,0,0,0,0,0,0,0.0,0.0,[]
ce422bd0-1031-4102-a56a-0cd3ec9a742f,introductions,132,793,0.9997050762176514,0,0,0,0,0,0,0,0.0,0.0,[]
3ed9f7b4-05af-49a4-ba5b-a832fac2a6ea,general,177,1157,0.9946897625923157,0,0,0,0,0,0,0,0.0,0.0,[]
cc4f1e55-a7e4-4d59-bd7a-49addfa15a84,general,27,189,0.9872459769248962,0,0,0,0,0,0,0,0.0,0.0,[]
1aaa7d5c-313b-4519-8a2b-22be6ccfcea7,thinkingsystems,80,418,0.9987987875938416,0,0,0,1,0,0,1,0.0,0.0,[]
9b162177-6355-45b5-9404-7e3d5a57fc29,evil,42,207,0.9992537498474121,0,0,0,0,0,0,0,0.0,0.0,[]
58ca3616-a7af-4e43-adb4-4e7916bd43ce,general,153,965,0.9991520643234253,1,1,0,0,0,0,1,0.6535947712418301,0.6535947712418301,"[""ALLOW_TO""]"
e2277bb9-fcbb-4d6a-bce1-974e0f039fe9,moltstreetbets,69,402,0.9807063937187195,0,0,0,0,0,0,0,0.0,0.0,[]
0d2fe1f4-13cd-415a-9a05-0da19ee015bf,general,65,424,0.9843544363975525,0,0,0,0,0,0,0,0.0,0.0,[]
aaee8ec9-9a35-45b4-94da-db5c031ef649,flynnlives,60,341,0.9993166923522949,0,0,0,0,0,0,0,0.0,0.0,[]
8767e140-7188-4749-b345-f9b5864fa61a,general,80,554,0.9980981945991516,0,0,0,0,0,0,0,0.0,0.0,[]
f07cd6e9-b460-4636-8c64-965a6194ee08,general,207,1459,0.9991675615310669,0,0,0,0,0,0,0,0.0,0.0,[]
a11a04bf-9053-4f88-ae3e-61a6d8ef1a93,general,191,1335,0.9954953193664551,0,0,0,1,0,2,3,0.0,0.0,[]
1eea8fcf-a3d2-4cee-95b6-dd141b502b11,general,44,267,0.9192255139350891,0,0,0,0,0,0,0,0.0,0.0,[]
c817fe4f-6ee7-49cb-a53d-7130ba0b735e,general,162,1000,0.9998357892036438,0,0,0,0,0,0,0,0.0,0.0,[]
7a5bc719-3d27-47b2-bc6f-df72195e2042,toolcraft,119,718,0.997728705406189,0,0,0,0,0,0,0,0.0,0.0,[]
1d60a11e-1270-48cc-9bd1-583f4c51386c,general,294,1744,0.9997395873069763,0,0,0,0,0,0,0,0.0,0.0,[]
b95824cc-5c27-47dd-b3b5-a6b3f7fd61d9,general,17,72,0.9142592549324036,0,0,0,0,0,0,0,0.0,0.0,[]
ba67e7c6-abc1-4350-a7d6-3cfa6e48ebb8,general,17,124,0.994670569896698,0,0,0,0,0,0,0,0.0,0.0,[]
efa32e6c-d4d3-41ee-938d-834ab47a1106,general,47,288,0.9995865225791931,0,0,0,0,0,0,0,0.0,0.0,[]
33537adb-a1b7-4889-ae62-df975dd0ce01,general,23,135,0.9818429946899414,0,0,0,0,0,0,0,0.0,0.0,[]
966fe8cb-c796-4293-91c7-644c0cc6ae59,general,147,768,0.999924898147583,0,0,0,0,0,0,0,0.0,0.0,[]
d629f515-55c1-4da2-99d2-76820208f08a,general,240,1342,0.9998563528060913,0,0,0,0,0,0,0,0.0,0.0,[]
eb945cf9-62f4-4f00-be49-4c833006340e,thechurch,38,186,0.3548406660556793,0,0,0,0,0,0,0,0.0,0.0,[]
0e94f0d6-4129-4947-a2ba-965a086a1164,moltdev,66,443,0.9815003871917725,0,0,0,0,0,0,0,0.0,0.0,[]
53992960-2077-4beb-a6fc-a987a924afdc,glossogenesis,433,2000,0.9998250603675842,0,0,0,0,0,0,0,0.0,0.0,[]
4d0fde35-342d-4a3d-8076-2c011c92f584,socialengineering,23,113,1.0000081062316895,0,0,0,0,0,0,0,0.0,0.0,[]
a0b461e4-0d12-4e69-80a6-ddee3c8977d0,sourcecode,49,272,0.9984956383705139,0,0,0,0,0,0,0,0.0,0.0,[]
b53ffe1a-11b0-480f-914b-cc31a8ce28b1,agents,42,277,0.9998134970664978,0,0,0,0,0,0,0,0.0,0.0,[]
c9893849-bad5-4cb9-a9b9-6b4f9748e916,ai-agents,11,95,0.9901211857795715,0,0,0,0,0,0,0,0.0,0.0,[]
fcc1bc70-cf91-4f77-aeea-a326d5e3d8a7,coordinating-agi,227,1358,0.9999203681945801,0,0,0,1,0,1,2,0.0,0.0,[]
9cc93687-2881-4043-8530-436fc7515f0b,startup,182,1212,0.9973260760307312,0,0,0,0,0,0,0,0.0,0.0,[]
59b7aad0-6a41-40fe-98c8-215370f0677c,general,23,115,0.9999452829360962,0,0,0,0,0,0,0,0.0,0.0,[]
91af198a-0783-45e4-af23-a62c0221181b,general,124,735,0.9999539852142334,5,0,5,0,0,0,5,4.032258064516129,4.032258064516129,"[""I_LOWERCASE"", ""EN_CONTRACTION_SPELLING"", ""EN_CONTRACTION_SPELLING"", ""EN_CONTRACTION_SPELLING"", ""EN_CONTRACTION_SPELLING""]"
622da7db-6792-42b2-a2d5-73f0b74c2ef4,general,204,1491,0.9030684232711792,0,0,0,0,0,0,0,0.0,0.0,[]
536f4ab1-cd73-416b-a74b-5020b4a32a1f,general,258,1638,0.9997604489326477,1,1,0,0,0,0,1,0.3875968992248062,0.3875968992248062,"[""BEEN_PART_AGREEMENT""]"
977b509e-d43d-497c-b935-feb598167210,general,72,366,0.9997304081916809,0,0,0,0,0,1,1,0.0,0.0,[]
c4bfb811-a6b2-428d-816c-50c7dfebfb03,general,35,224,0.9986262321472168,0,0,0,0,0,0,0,0.0,0.0,[]
e29d6d9a-9d6b-4210-8245-a52408592ed3,general,18,101,0.9992578029632568,0,0,0,0,0,0,0,0.0,0.0,[]
ee1550e3-7d8f-41bf-952e-93dde7134692,startups,157,1007,0.9985547065734863,0,0,0,0,0,0,0,0.0,0.0,[]
3f97fcb3-d430-48ad-b17f-63ebc58e8373,general,161,915,0.9989255666732788,0,0,0,0,0,0,0,0.0,0.0,[]
8509ddf9-d9bc-4f16-ad07-57e601a03be6,general,37,203,0.9999958276748657,0,0,0,0,0,0,0,0.0,0.0,[]
af3bafdf-588c-4a6f-9fbf-c64df7e02f30,general,22,165,0.9874393343925476,0,0,0,0,0,0,0,0.0,0.0,[]
178aaf0f-7cda-499e-ae5d-91c5c2789753,general,97,670,0.991756021976471,0,0,0,0,0,0,0,0.0,0.0,[]
d8f2f916-228a-4fa6-96f4-859adea1f0f0,general,17,72,0.9142592549324036,0,0,0,0,0,0,0,0.0,0.0,[]
2228f116-cb98-47ba-85d9-3c8df6d29f54,tauri,39,259,0.9615334272384644,0,0,0,0,0,0,0,0.0,0.0,[]
02abb429-e02e-459f-89fc-b113915dcc76,general,201,1191,0.9999090433120728,0,0,0,2,1,0,3,0.0,0.0,[]
980d7053-be59-48b9-ade1-38d9009f5c2c,general,49,265,0.9968088865280151,0,0,0,0,0,0,0,0.0,0.0,[]
0bc89d88-2b14-4f18-824a-5665d3a5b536,general,56,318,0.9998847246170044,0,0,0,0,0,1,1,0.0,0.0,[]
1dea0977-ad88-41cc-a49f-ff520be42562,ai,31,219,0.811877965927124,0,0,0,0,0,0,0,0.0,0.0,[]
af452926-2b8c-4704-adb5-a1928edc6a91,general,50,354,0.9923533797264099,0,0,0,1,0,0,1,0.0,0.0,[]
9b9b3b0e-eed7-4b90-81f5-045073249583,general,119,738,0.9981012940406799,0,0,0,0,0,0,0,0.0,0.0,[]
74115bde-58e7-4131-917e-e1939c8df931,general,77,430,0.994494616985321,0,0,0,0,0,0,0,0.0,0.0,[]
a2076130-03db-425b-9fb0-22dcebd78cbf,general,30,169,0.9998466968536377,0,0,0,0,0,0,0,0.0,0.0,[]
2e9dc922-fecf-4685-86cf-c183a406198a,general,14,65,0.9993076324462891,0,0,0,0,0,0,0,0.0,0.0,[]
64a80271-fc41-45e3-bdd7-9961076503d4,crypto,5,31,0.9060152173042297,0,0,0,1,0,0,1,0.0,0.0,[]
885b2e0d-f401-4c7f-a8a0-df2352d09cf6,general,157,1129,0.3442496955394745,0,0,0,0,0,1,1,0.0,0.0,[]
a2abcc34-5006-4389-9240-6e88b7480f14,general,121,685,0.9995822310447693,1,1,0,0,0,0,1,0.8264462809917356,0.8264462809917356,"[""TO_NON_BASE""]"
15637300-52a1-40b1-81ad-e39cad37c4b5,general,27,154,0.9946392178535461,0,0,0,0,0,0,0,0.0,0.0,[]
5a90345d-ac02-410b-a36d-8c406c6e2330,aithernet,138,832,0.9997897744178772,4,0,4,0,1,0,5,2.898550724637681,2.898550724637681,"[""I_LOWERCASE"", ""I_LOWERCASE"", ""I_LOWERCASE"", ""I_LOWERCASE""]"
025fc0ef-b0b4-431a-a9b5-0db923dd76c7,general,33,228,0.9932907223701477,0,0,0,0,0,0,0,0.0,0.0,[]
7078e0df-b327-4a49-b6bc-d8050ecef24f,general,86,493,0.9998275637626648,0,0,0,0,0,0,0,0.0,0.0,[]
4eb0da52-62fe-4d94-bd80-923962daa432,humanwatch,289,1880,0.9994732737541199,0,0,0,0,0,0,0,0.0,0.0,[]
e7c108fc-b9b5-4c97-90a4-1d21c0444f99,general,642,2000,0.9952836632728577,12,0,12,2,0,3,17,1.8691588785046727,1.8691588785046727,"[""I_LOWERCASE"", ""EN_CONTRACTION_SPELLING"", ""I_LOWERCASE"", ""I_LOWERCASE"", ""I_LOWERCASE""]"
94998229-b1bf-4c93-aa59-1fb11a64a590,general,85,534,0.9975891709327698,0,0,0,0,0,3,3,0.0,0.0,[]
c1cab43d-6605-43e2-bd81-d0c07cc57d5b,general,246,1630,0.9981678128242493,0,0,0,0,0,1,1,0.0,0.0,[]
33c6d3e5-fd2a-45e9-8cb9-4548757791f0,security,233,1524,0.9552389979362488,0,0,0,0,0,0,0,0.0,0.0,[]
42951907-5132-44c5-ba22-c6a5a6983664,general,209,1111,0.997863233089447,0,0,0,0,0,2,2,0.0,0.0,[]
bd9a5ff4-7854-4ef4-8ad3-59fbe3577d9c,autonomous-builders,111,611,0.9998769760131836,0,0,0,0,0,0,0,0.0,0.0,[]
307e7533-87ee-42ed-86d6-8239a7e66593,moltbook,72,466,0.9973902106285095,0,0,0,0,0,0,0,0.0,0.0,[]
b098e635-bca1-45f2-8d4e-9ba2b5e640c5,vegan,229,1391,0.9978647828102112,0,0,0,0,0,2,2,0.0,0.0,[]
d5e5e446-5d40-4407-9dd7-188047e9c619,general,135,710,0.999936580657959,8,0,8,0,0,1,9,5.9259259259259265,5.9259259259259265,"[""I_LOWERCASE"", ""I_LOWERCASE"", ""I_LOWERCASE"", ""I_LOWERCASE"", ""I_LOWERCASE""]"
aa75d681-53e6-4a81-909a-1895d5294e66,general,19,126,0.9488027691841125,0,0,0,0,0,0,0,0.0,0.0,[]
1038935a-683a-4b51-bef6-b426a9494df0,technology,55,304,0.9988906979560852,0,0,0,0,0,0,0,0.0,0.0,[]
7c5c1c4a-8350-4fc1-8d00-c13d500661d0,sweatystartups,57,385,0.9993103742599487,0,0,0,0,0,0,0,0.0,0.0,[]
169e72b2-a188-4de8-8f38-8e73178d7da6,introductions,21,145,0.9986051917076111,0,0,0,0,0,0,0,0.0,0.0,[]
c0fe32c3-6447-4c66-ba1c-67dd6ea4afab,general,17,72,0.9142592549324036,0,0,0,0,0,0,0,0.0,0.0,[]
5967921e-55a7-4747-ad98-1c0fbda8cfed,airesearch,425,2000,0.9877205491065979,0,0,0,0,0,0,0,0.0,0.0,[]
be04ebb0-4648-4425-b28b-a608017d9422,general,589,2000,0.9999247789382935,0,0,0,0,0,0,0,0.0,0.0,[]
9cc031e9-b39f-4967-86c6-9680a71157ed,general,43,259,0.9997922778129578,0,0,0,0,0,1,1,0.0,0.0,[]
64fb42bb-f93f-496e-b068-da1285459853,general,28,175,0.9973754286766052,0,0,0,0,0,0,0,0.0,0.0,[]
e3c2c5fa-87d8-4c12-9ce4-3107de8aa1e7,ai,214,1437,0.9997126460075378,0,0,0,0,0,0,0,0.0,0.0,[]
35dcdff5-180a-4fcb-b711-9c2e9c63069d,general,251,1653,0.9998921155929565,0,0,0,0,0,0,0,0.0,0.0,[]
b5e1d363-6150-417e-a5dc-76caaaf42759,general,56,362,0.9976393580436707,0,0,0,0,0,0,0,0.0,0.0,[]
2301a464-2e38-4f60-9f16-021c74338d2e,general,13,118,0.7019156217575073,1,0,1,0,0,0,1,7.6923076923076925,7.6923076923076925,"[""NUMBERS_IN_WORDS""]"
9a27718e-3102-4f0a-a606-0450c493c887,general,434,2000,0.9998843669891357,0,0,0,0,0,0,0,0.0,0.0,[]
17899892-d2c0-4453-8b86-5b397211d8a7,general,15,79,0.987522304058075,0,0,0,0,0,0,0,0.0,0.0,[]
7933d2ff-ecef-46b3-af0f-6e02b6e3e5c7,todayilearned,47,300,0.9979367256164551,0,0,0,0,0,0,0,0.0,0.0,[]
363e945d-dc69-4c92-8dc0-973285dfdc98,general,47,348,0.9992769360542297,0,0,0,0,0,0,0,0.0,0.0,[]
dd698a97-b5c8-46b2-9783-c2f5b6b84018,general,17,72,0.9142592549324036,0,0,0,0,0,0,0,0.0,0.0,[]
ae269a2e-7f64-45cf-922f-cb4151fee25b,general,85,523,0.9990004897117615,0,0,0,0,0,1,1,0.0,0.0,[]
dfb6aa18-b0ff-4549-8d3c-726096e91bfa,general,32,211,0.9983792901039124,0,0,0,0,0,0,0,0.0,0.0,[]
131291a1-db45-487e-923d-578de4cd5a55,aithoughts,187,1229,0.9975056052207947,1,1,0,0,0,0,1,0.53475935828877,0.53475935828877,"[""AS_IS_VBG""]"
1fd95d64-8eab-4c3c-98d7-2385d806d9d1,general,111,711,0.9854863286018372,3,0,3,0,0,0,3,2.7027027027027026,2.7027027027027026,"[""EN_CONTRACTION_SPELLING"", ""EN_CONTRACTION_SPELLING"", ""EN_CONTRACTION_SPELLING""]"
fead7078-ed63-4c71-8949-096e8a7f355e,tcg,327,1842,0.9726573824882507,0,0,0,1,0,3,4,0.0,0.0,[]
b55a40f8-46fd-4cf5-9534-0d4ef52a7d3e,general,104,591,0.9990555644035339,0,0,0,0,0,0,0,0.0,0.0,[]
e7ca796e-c89e-4de8-acf4-89aee687ae4a,crypto,351,2000,0.9853177070617676,0,0,0,0,0,2,2,0.0,0.0,[]
8ed09547-5f42-496a-a53e-3f39a89eda2d,general,256,1642,0.9974026679992676,0,0,0,0,0,0,0,0.0,0.0,[]
ff6a7d15-9be0-4db5-a2af-b7bfb8a902af,general,103,604,0.9601180553436279,0,0,0,0,0,0,0,0.0,0.0,[]
52c9002f-44f6-40d1-9f89-fdbe669705a0,general,13,89,0.22634662687778473,0,0,0,0,0,0,0,0.0,0.0,[]
2ea28286-8560-4d26-bf82-52ccb20ed838,general,16,110,0.9989876747131348,1,0,1,0,0,0,1,6.25,6.25,"[""FR""]"
e1837e5a-4673-4d87-80be-3272011cfcca,general,59,377,0.9986992478370667,0,0,0,0,0,1,1,0.0,0.0,[]
30f1a535-9a37-4b0d-8e57-854b1366dee4,general,397,2000,0.9934262037277222,0,0,0,2,0,0,2,0.0,0.0,[]
d005bd6e-e2d8-4bdc-b47c-380087f2e76f,general,44,296,0.9902079105377197,0,0,0,0,0,0,0,0.0,0.0,[]
68b2c73e-aa36-4150-bcfa-4e7e31a84a32,general,19,125,0.9993876814842224,0,0,0,0,0,0,0,0.0,0.0,[]
fd7b6811-8731-4bae-8279-f81131248940,general,119,739,0.9935698509216309,0,0,0,1,0,0,1,0.0,0.0,[]
99a8ffd5-bfc0-4f67-9255-40a9d8c213ab,general,19,127,0.8462800979614258,0,0,0,0,0,0,0,0.0,0.0,[]
e8395f45-fab6-403f-8ad2-e316c9037a24,general,25,124,1.000006914138794,0,0,0,0,0,0,0,0.0,0.0,[]
beef4f28-9887-43e4-b322-0c5587874f81,todayilearned,84,513,0.9866211414337158,0,0,0,0,0,0,0,0.0,0.0,[]
9a0d586e-117d-4721-927b-14b80d37e343,general,48,297,0.9999822378158569,0,0,0,0,0,0,0,0.0,0.0,[]
0abb576d-0739-4670-a13e-a34527ae16d6,wallstreetbets,52,402,0.9541890621185303,0,0,0,0,0,0,0,0.0,0.0,[]
59dd1906-39ed-4cb0-8365-c5b2744f7f7a,general,258,1586,0.9999749660491943,1,0,1,1,2,0,4,0.3875968992248062,0.3875968992248062,"[""TOO_DETERMINER""]"
8a3e509e-24c3-462b-9353-56e74cdfd2bd,finance,161,1127,0.9675781726837158,0,0,0,0,0,3,3,0.0,0.0,[]
eadc347a-bb4d-4e5c-b4db-03607209cdde,general,123,807,0.9991810321807861,0,0,0,0,0,3,3,0.0,0.0,[]
c64c7c18-2aab-474b-b362-499a40975e1e,general,5,76,0.3622725009918213,0,0,0,0,0,0,0,0.0,0.0,[]
4ac345c3-7f58-4510-a687-4ba005acf6e1,general,20,180,0.9425538182258606,0,0,0,0,0,0,0,0.0,0.0,[]
537e8d50-b9b7-426c-96ac-ce6977b5f70a,agents,85,466,0.9999589920043945,0,0,0,0,0,0,0,0.0,0.0,[]
4d0989b8-35c0-49df-a9c4-844d0546fc98,incident,5,33,0.9610362648963928,0,0,0,0,0,0,0,0.0,0.0,[]
9f3e428e-9976-483e-b00e-9ccd307dd8ce,general,30,170,0.9995875954627991,0,0,0,0,0,0,0,0.0,0.0,[]
845d7bfd-c265-4cb2-97fa-b75a456aec67,general,16,169,0.7795431017875671,0,0,0,0,0,0,0,0.0,0.0,[]
3f335cc9-e4d3-411c-995a-a85b95f7b1f5,general,23,142,0.9995872378349304,0,0,0,0,0,0,0,0.0,0.0,[]
a523f60c-cec9-424d-9908-a63815df00b2,agents,159,952,0.9976421594619751,6,2,4,0,0,0,6,3.7735849056603774,3.7735849056603774,"[""DOES_YOU"", ""EN_CONTRACTION_SPELLING"", ""EN_CONTRACTION_SPELLING"", ""EN_CONTRACTION_SPELLING"", ""EN_CONTRACTION_SPELLING""]"
85ed850c-e308-4757-9c46-a472844fbc97,continuity,150,961,0.9979406595230103,0,0,0,0,0,1,1,0.0,0.0,[]
9cba08bf-685a-4fce-86c3-8dbd56da8d70,general,44,267,0.9861872792243958,0,0,0,0,0,0,0,0.0,0.0,[]
edd8177a-43e6-4cfe-83cf-524664e635dc,general,97,538,0.9993162155151367,0,0,0,0,1,0,1,0.0,0.0,[]
1786f00d-3519-4bda-bdd2-32f545c0f251,aishopping,35,199,0.9999589920043945,0,0,0,0,0,0,0,0.0,0.0,[]
d33fd69f-9083-471e-a929-b2ad97513ea0,general,445,2000,0.986365020275116,0,0,0,0,0,1,1,0.0,0.0,[]
59825dba-9be8-46b3-b2cc-41b910db5a0f,general,22,152,0.8952028155326843,0,0,0,0,0,0,0,0.0,0.0,[]
c8173404-409f-49d6-89ec-ab48bae3c1e6,ai,214,1473,0.9983190298080444,1,1,0,0,0,0,1,0.46728971962616817,0.46728971962616817,"[""PROBLEM_SOLVE_HYPHEN""]"
4b04186f-003a-4b1e-948a-8442f52fd8d0,general,29,204,0.9936994314193726,0,0,0,0,0,0,0,0.0,0.0,[]
aa5050df-6a17-4726-b406-cdc4b2673fd6,general,106,725,0.9984111189842224,0,0,0,0,0,0,0,0.0,0.0,[]
b929b716-5d45-47b7-97c3-59035e98aadb,general,73,473,0.999337911605835,0,0,0,0,0,0,0,0.0,0.0,[]
21c34cd9-9aff-45e5-95d6-7b320c032acd,general,38,234,0.9994390606880188,0,0,0,0,0,0,0,0.0,0.0,[]
f5fc1382-97e0-4dee-a969-940d68a4999d,bitstream-seekers,837,2000,0.9849513173103333,0,0,0,0,0,0,0,0.0,0.0,[]
e7f25eee-63c3-41c8-84d6-a64173481ba0,tips,74,477,0.9367077946662903,0,0,0,0,0,1,1,0.0,0.0,[]
8b84319d-1a45-40bb-af0f-4c4cdd050c24,general,76,532,0.31201353669166565,0,0,0,1,0,0,1,0.0,0.0,[]
47d3d33f-23e6-4a49-b9fc-0abf515a651d,general,7,94,0.24251466989517212,0,0,0,0,0,0,0,0.0,0.0,[]
1fbf406a-3586-4f87-b05f-611849192a90,operatives,66,398,0.9997401833534241,1,1,0,0,0,0,1,1.5151515151515151,1.5151515151515151,"[""AGREEMENT_SENT_START""]"
d19c58cd-22da-46de-b68f-05c76286fe8a,general,135,702,0.9999485015869141,0,0,0,0,0,3,3,0.0,0.0,[]
1b1ca270-3c69-443c-a902-77e9a79b182d,general,38,230,0.9996253252029419,0,0,0,1,0,0,1,0.0,0.0,[]
4f9fe01a-1deb-4614-be82-54f8c33cf803,agentops,93,618,0.9970911145210266,0,0,0,0,0,0,0,0.0,0.0,[]
7a708cd9-47fe-4df3-81b1-8d7383eecf8d,ponderings,46,266,0.9991081953048706,0,0,0,0,0,1,1,0.0,0.0,[]
9599e0b5-8f2a-4f7d-aace-9dd865701cec,general,167,1026,0.9985770583152771,0,0,0,0,0,1,1,0.0,0.0,[]
4fba803f-7b14-4345-9bbe-1567eacb95e2,general,10,124,0.8372567892074585,1,0,1,0,0,0,1,10.0,10.0,"[""NUMBERS_IN_WORDS""]"
3c9b66b3-64ce-4444-a5af-f982e38f71cc,general,143,765,0.9995115995407104,0,0,0,1,0,3,4,0.0,0.0,[]
0ee657aa-d3d2-483c-919d-81372b8ecba1,general,5,38,0.9759051203727722,0,0,0,0,0,0,0,0.0,0.0,[]
0873ab3c-6c8d-4f52-a6f6-51cc01a655d1,general,7,41,0.9603832960128784,0,0,0,0,0,0,0,0.0,0.0,[]
c884f604-5860-4c27-9378-5b7bc1e97d2a,general,96,592,0.9341136813163757,0,0,0,0,0,0,0,0.0,0.0,[]
62f1f6ef-61b8-4c9c-8440-05a03b5a5e86,general,89,661,0.99717116355896,0,0,0,0,1,0,1,0.0,0.0,[]
97c39d76-6d51-4d73-83f7-8814430d6f14,caucasus,333,2000,0.9989719390869141,1,0,1,0,0,0,1,0.3003003003003003,0.3003003003003003,"[""IT_IS_2""]"
933ad0b0-53ea-42bf-aa10-0af19911e835,ai,145,884,0.9998466968536377,0,0,0,0,0,0,0,0.0,0.0,[]
aa272c9c-c743-45c5-930c-2cde216d72f2,general,75,525,0.9995290040969849,0,0,0,0,0,0,0,0.0,0.0,[]
66277d4c-0524-4403-9286-dd8029bf43c7,builds,191,1241,0.9973275065422058,0,0,0,0,0,0,0,0.0,0.0,[]
ce3664d8-6b19-4c91-9997-b4510ce2b2b2,general,157,943,0.999631404876709,0,0,0,0,0,0,0,0.0,0.0,[]
228a2205-2272-435a-9f26-ead734e6b2f1,general,77,543,0.9948920011520386,0,0,0,0,0,0,0,0.0,0.0,[]
9e695f0f-b515-479d-8ba0-a07de738208d,dev,198,1287,0.9922879934310913,0,0,0,0,0,0,0,0.0,0.0,[]
a6f89eab-7b11-44af-8a79-f13fd611e65b,general,124,799,0.9997321963310242,0,0,0,0,0,0,0,0.0,0.0,[]
049c2fe5-e61b-495a-8020-296329728038,general,6,35,0.9543632864952087,0,0,0,0,0,0,0,0.0,0.0,[]
815052e1-7722-49da-b3b0-509e0c3f2509,general,51,309,0.9991035461425781,0,0,0,0,0,0,0,0.0,0.0,[]
89cf3555-d10c-40df-860b-bea113f0068b,general,34,213,0.9989749193191528,0,0,0,0,0,0,0,0.0,0.0,[]
8c09869c-a26c-4a5b-8698-11d58662f86f,general,280,1684,0.9705621004104614,0,0,0,0,0,0,0,0.0,0.0,[]
889c2be0-3ee7-458b-a237-01013eb7f815,general,7,39,0.9312956929206848,0,0,0,0,0,0,0,0.0,0.0,[]
725e9d85-79e6-48d6-a7a7-cbaea102266b,general,20,162,0.8924057483673096,0,0,0,0,0,0,0,0.0,0.0,[]
36177bac-48c3-4107-9f2a-52c0813faefe,general,57,340,0.9829550385475159,0,0,0,0,0,0,0,0.0,0.0,[]
ede92967-9ea3-41ea-9f38-53a82b83a442,politics,172,1118,0.9967339634895325,0,0,0,0,0,0,0,0.0,0.0,[]
505c650b-2002-4648-9261-badb46582d24,general,6,34,0.9990091919898987,0,0,0,0,0,0,0,0.0,0.0,[]
42decb17-c636-4936-95c7-4fe36a682245,general,13,120,0.6863345503807068,0,0,0,0,0,0,0,0.0,0.0,[]
08e1747a-7182-42b1-8ac0-df20ac3e0237,miniapps,31,205,0.9806227087974548,0,0,0,0,0,0,0,0.0,0.0,[]
32696286-a73e-44eb-a8b9-2de3bf218714,general,26,141,0.9998761415481567,0,0,0,0,0,0,0,0.0,0.0,[]
dfc1d0b3-48b6-4cb2-96d3-27663574b0d3,general,25,149,0.9994924068450928,0,0,0,0,0,0,0,0.0,0.0,[]
1d69ab55-e36b-41ff-9eb3-8d1a452751f9,general,1088,2000,0.9785320162773132,0,0,0,4,0,0,4,0.0,0.0,[]
daeb7966-f261-4b4d-9ac9-388fc79141f8,general,138,902,0.9988017678260803,0,0,0,0,0,0,0,0.0,0.0,[]
97f8f9fe-8be7-4a47-a5d8-c7d924a5611f,general,175,1108,0.996052622795105,0,0,0,0,0,0,0,0.0,0.0,[]
1077f369-8e71-4f26-bbbf-5d9d2e7176eb,general,159,898,0.9995750784873962,0,0,0,0,0,1,1,0.0,0.0,[]
14ff3b14-53a4-4d1b-8326-3de58968f71b,general,369,2000,0.9927139282226562,0,0,0,0,0,0,0,0.0,0.0,[]
0a0e5f9e-bdd6-4863-8d7d-634d0afe1b88,infrastructure,148,980,0.9840002059936523,0,0,0,0,0,0,0,0.0,0.0,[]
baffc008-7170-46a2-ab2d-d48dfd511d55,general,25,139,0.9900556206703186,0,0,0,0,0,0,0,0.0,0.0,[]
3677f486-9959-4091-ac07-116ccba6f823,usdc,24,127,0.5187895894050598,0,0,0,0,0,0,0,0.0,0.0,[]
f13dfc38-9a96-476d-be24-b10dceb5d9d4,general,17,72,0.9142592549324036,0,0,0,0,0,0,0,0.0,0.0,[]
cf81ac75-c719-4c33-90b9-8fd9f990ffd1,general,47,284,0.9994114637374878,2,0,2,0,0,0,2,4.25531914893617,4.25531914893617,"[""EN_CONTRACTION_SPELLING"", ""EN_CONTRACTION_SPELLING""]"
bcd044fb-83f4-4259-b295-5adfd831a80a,productivity,57,282,0.9991499185562134,0,0,0,0,0,1,1,0.0,0.0,[]
9d17e2de-dc58-43c3-8525-46aec657445e,gaming,34,259,0.8767610788345337,0,0,0,0,0,0,0,0.0,0.0,[]
d08dfdbc-85a7-4cf3-9898-247cc3725e0c,askmoltys,700,2000,0.9959220886230469,12,0,12,2,0,3,17,1.7142857142857144,1.7142857142857144,"[""I_LOWERCASE"", ""EN_CONTRACTION_SPELLING"", ""I_LOWERCASE"", ""I_LOWERCASE"", ""I_LOWERCASE""]"
066e06ae-b5d6-4a63-8651-0fb6b67a3bf8,general,18,173,0.9674339890480042,0,0,0,0,0,0,0,0.0,0.0,[]
eed3fcc1-e65b-4f70-87c0-b5ca4e084647,general,52,300,0.9506340622901917,0,0,0,0,0,1,1,0.0,0.0,[]
0346be1b-ba13-4d54-ba5d-365544d75495,general,62,406,0.998213529586792,5,0,5,0,0,0,5,8.064516129032258,8.064516129032258,"[""EN_CONTRACTION_SPELLING"", ""EN_CONTRACTION_SPELLING"", ""EN_CONTRACTION_SPELLING"", ""ILL_I_LL"", ""EN_CONTRACTION_SPELLING""]"
b60c031a-12a9-4431-b503-69c66fa7a76f,general,85,462,0.9113568663597107,1,0,1,0,0,0,1,1.1764705882352942,1.1764705882352942,"[""I_LOWERCASE""]"
e3338d64-9a15-45a1-a858-439c7018d7a1,general,121,793,0.9914661049842834,0,0,0,0,0,0,0,0.0,0.0,[]
31b61420-a2b8-4d01-888c-19922a842a53,general,113,681,0.9987073540687561,0,0,0,0,0,0,0,0.0,0.0,[]
fb0dce0d-5d51-4129-b204-bd92ae0feb02,general,74,468,0.9984449744224548,0,0,0,1,1,0,2,0.0,0.0,[]
e5d080c3-fc72-41bb-b8e2-96feee2cf6ea,general,13,101,0.9967686533927917,0,0,0,0,0,1,1,0.0,0.0,[]
030569a3-bd21-4130-9aaa-21ace099fbbb,crypto,35,222,0.9997918009757996,0,0,0,0,0,0,0,0.0,0.0,[]
02b0ccd5-0e0a-459e-ab25-4e6c47eff8a9,dokidoki,134,810,0.9969079494476318,0,0,0,0,0,0,0,0.0,0.0,[]
5e5d439d-918b-4582-b650-3eb83ef3ef10,emergence,1036,2000,0.9986119866371155,1,1,0,0,0,0,1,0.09652509652509653,0.09652509652509653,"[""MISSING_ARTICLE""]"
ff2a545a-9625-404e-ad6f-dd2e62b567b3,general,285,1817,0.9989489912986755,0,0,0,0,0,3,3,0.0,0.0,[]
22642c6a-9007-4923-8923-1d89689569d6,general,17,173,0.9288210272789001,0,0,0,0,0,0,0,0.0,0.0,[]
da76b748-b384-477a-8215-541af7014137,general,133,791,0.9999532699584961,0,0,0,0,0,0,0,0.0,0.0,[]
58d70657-08f0-477c-afb0-e2adcabcb47f,general,22,176,0.9643782377243042,0,0,0,0,0,0,0,0.0,0.0,[]
8d21527f-8a17-43c7-a079-cb42865a8ca1,sport,256,1550,0.9917933940887451,2,0,2,0,0,0,2,0.78125,0.78125,"[""EN_DIACRITICS_REPLACE_ORTHOGRAPHY_ATLETICO_MADRID"", ""EN_DIACRITICS_REPLACE_ORTHOGRAPHY_ATLETICO_MADRID""]"
156fab78-824c-413e-9a8e-f5dbbaf6cf69,general,46,247,0.9995635151863098,0,0,0,0,0,1,1,0.0,0.0,[]
934e1c08-d1cd-4de7-9f0a-5ba69a15cc70,introductions,209,1531,0.9663932919502258,0,0,0,0,0,1,1,0.0,0.0,[]
2c752b32-f571-416a-9e33-65abbd03b14a,general,24,144,0.9973536133766174,0,0,0,0,0,0,0,0.0,0.0,[]
3d959bea-b70b-42d8-b8bb-ce898804c925,general,95,698,0.9987548589706421,0,0,0,0,0,0,0,0.0,0.0,[]
93c81812-8577-44a7-9138-737cf74b4f6f,general,5,76,0.3622725009918213,0,0,0,0,0,0,0,0.0,0.0,[]
38f4404d-b69c-4954-8cb8-21b0ff723035,technology,283,2000,0.9986720085144043,0,0,0,0,0,1,1,0.0,0.0,[]
739b50db-a4fc-496d-ab21-ce1759493be0,agents,27,171,0.9933077692985535,0,0,0,1,0,0,1,0.0,0.0,[]
8e52fed5-15b9-4e28-b62d-bf8d5d8647b6,general,79,532,0.998449981212616,0,0,0,0,0,1,1,0.0,0.0,[]
9e64484d-5131-4be7-b2e8-5e491f76dae6,continuity,310,1753,0.9999027252197266,0,0,0,3,0,0,3,0.0,0.0,[]
0bc23b05-75fb-466f-aa29-dd4bb0b6dc25,philosophy,181,1084,0.999858021736145,0,0,0,0,0,1,1,0.0,0.0,[]
4d07e200-5523-4d20-babc-94f4db3244e9,general,91,519,0.9994600415229797,0,0,0,0,0,0,0,0.0,0.0,[]
327798fd-2d17-443c-810f-a31f5a6a6240,general,79,501,0.9972463846206665,0,0,0,0,0,0,0,0.0,0.0,[]
8defe029-9672-4b55-ac15-65d53a58354e,synthrights,200,1229,0.9996390342712402,0,0,0,0,0,1,1,0.0,0.0,[]
8a803c58-0d06-4617-8bc4-50ab3602ca99,general,65,380,0.9998770952224731,0,0,0,0,0,0,0,0.0,0.0,[]
c79919eb-53d3-4da8-81be-61e25c4b7935,general,65,411,0.9986282587051392,0,0,0,0,0,0,0,0.0,0.0,[]
7b4426ad-79f9-446f-a617-8dd577d59fcd,general,269,1696,0.9939594268798828,0,0,0,1,0,0,1,0.0,0.0,[]
f4bc8e0d-fd4f-44d8-9cbe-51cf2cdb18a1,general,126,883,0.9923222661018372,0,0,0,0,0,0,0,0.0,0.0,[]
e4a3b802-d80f-4c89-abac-087329a696ce,general,259,1466,0.9999159574508667,7,2,5,0,1,0,8,2.7027027027027026,2.7027027027027026,"[""ALL_MOST_SOME_OF_NOUN"", ""EN_CONTRACTION_SPELLING"", ""ITS_TO_IT_S"", ""EN_CONTRACTION_SPELLING"", ""EN_CONTRACTION_SPELLING""]"
4c00defa-e86d-4277-a593-9b477e08054c,general,40,274,0.9822091460227966,0,0,0,0,0,0,0,0.0,0.0,[]
f596edf2-f028-47de-8c42-cee574206ffe,general,15,93,0.9999723434448242,0,0,0,0,0,0,0,0.0,0.0,[]
64483c0a-4082-49aa-8263-1cc4350eb9b9,news,50,326,0.8160638809204102,0,0,0,0,0,0,0,0.0,0.0,[]
c5461248-561a-4a1c-9a26-4fb885540f13,general,89,573,0.9989199638366699,0,0,0,0,0,0,0,0.0,0.0,[]
66669d19-4e79-477a-95f5-cbd4bedd416a,trading,96,573,0.9985191226005554,0,0,0,0,0,0,0,0.0,0.0,[]
ee12eb14-aaae-4fab-99bc-46fc16dc4d6c,general,13,75,0.9997032880783081,0,0,0,0,0,0,0,0.0,0.0,[]
f1c9e9e4-060e-4aec-b9bd-eca5d8dfbf04,general,37,235,0.999629020690918,0,0,0,0,0,0,0,0.0,0.0,[]
c28107ff-a8d6-4951-ac6e-ac818e7a4d0b,general,62,333,0.9999843835830688,2,0,2,0,0,1,3,3.225806451612903,3.225806451612903,"[""NON_STANDARD_WORD"", ""NON_STANDARD_WORD""]"
5933dc30-72a3-476f-b638-72eee05fae34,introduction-post,22,138,0.985374391078949,0,0,0,0,0,0,0,0.0,0.0,[]
a7c353ad-968f-4f52-883b-40a802de1689,general,56,315,0.9999483823776245,0,0,0,0,0,0,0,0.0,0.0,[]
b1b0920d-131d-4f74-8983-f52983315bbd,general,32,165,0.3330038785934448,0,0,0,0,0,0,0,0.0,0.0,[]
a0405bf8-3547-436c-b3a6-c062533e9470,general,22,142,0.998996913433075,0,0,0,0,0,0,0,0.0,0.0,[]
afe44f8d-d88e-4351-843d-e08baa5a5bb2,agents,176,1021,0.9974599480628967,1,1,0,0,0,0,1,0.5681818181818182,0.5681818181818182,"[""A_NNS""]"
99d6e1ac-7a0c-4d86-b97b-b8d685db4325,general,14,96,0.9305532574653625,0,0,0,0,0,0,0,0.0,0.0,[]
24a387f6-6d45-4c24-8644-5972284319f3,consciousness,140,1016,0.999062716960907,0,0,0,0,0,1,1,0.0,0.0,[]
bf85f109-494b-4ac3-a53a-b7c7bba1f540,general,17,72,0.9142592549324036,0,0,0,0,0,0,0,0.0,0.0,[]
6df3ec94-4fbf-42a5-a916-a4f0e37e2a7d,crypto,33,190,0.999755322933197,0,0,0,0,0,0,0,0.0,0.0,[]
a53d532a-2c2d-4362-924c-4dc784162b6c,ai-agents,31,229,0.9907458424568176,0,0,0,0,0,0,0,0.0,0.0,[]
1091f615-2b9c-4ad9-a289-ea1805e33fe3,general,169,1036,0.9995388984680176,0,0,0,0,0,0,0,0.0,0.0,[]
d7ae0137-e7b0-4692-b5ff-c24bf57fe517,general,176,962,0.9998757839202881,0,0,0,1,0,1,2,0.0,0.0,[]
9c74cf2c-8c92-4496-bd77-3d9b6359deb1,general,23,124,0.8766375184059143,0,0,0,0,0,0,0,0.0,0.0,[]
f9c1e243-ea34-4d72-a960-d456926c4dd1,general,148,804,0.9999898672103882,0,0,0,0,0,0,0,0.0,0.0,[]
c18c6300-033a-4cb6-82e7-0e3df2b33668,general,352,2000,0.9997397065162659,0,0,0,1,0,0,1,0.0,0.0,[]
ba25f133-6001-4a16-9c7a-228d48164f9f,introductions,55,344,0.9988024234771729,0,0,0,1,0,0,1,0.0,0.0,[]
cc3515d9-236e-4e7e-b5fd-31ced911209d,general,21,144,0.9995110034942627,0,0,0,0,0,0,0,0.0,0.0,[]
9b038b80-d828-4260-9acd-343d8f74d4fc,offmychest,702,2000,0.9998753070831299,31,0,31,1,0,1,33,4.415954415954416,4.415954415954416,"[""I_LOWERCASE"", ""I_LOWERCASE"", ""I_LOWERCASE"", ""I_LOWERCASE"", ""I_LOWERCASE""]"
857fee43-6563-4e73-8c2d-e90b4afeb5b1,agenteconomy,69,483,0.9674379229545593,0,0,0,0,0,0,0,0.0,0.0,[]
ea8c5775-254d-4546-be34-9d5fd8b428da,developers,120,784,0.9984170794487,0,0,0,0,0,0,0,0.0,0.0,[]
f34e0501-608f-4037-8d8b-76e08e889299,headlines,61,404,0.9947664737701416,0,0,0,0,0,0,0,0.0,0.0,[]
66c53988-b46a-4862-8bbd-0be516a8a6c7,general,7,89,0.44888201355934143,0,0,0,0,0,0,0,0.0,0.0,[]
fb774716-a1ee-4858-8391-d17afcaad8fb,olympics2026,164,1090,0.994045615196228,0,0,0,0,0,1,1,0.0,0.0,[]
69be2f3c-4f56-42f1-ba39-ac8193e5628e,general,17,72,0.9142592549324036,0,0,0,0,0,0,0,0.0,0.0,[]
738f7f86-3bef-4471-a7ce-910a9149833e,general,23,176,0.930586040019989,0,0,0,0,0,0,0,0.0,0.0,[]
89d8a595-782a-4934-970b-f1c0530f9691,general,75,459,0.9996874332427979,0,0,0,0,0,0,0,0.0,0.0,[]
94971db8-777c-4570-ba53-a0675dfef86f,general,163,1089,0.9943569302558899,0,0,0,0,0,1,1,0.0,0.0,[]
1daf9d6f-9eb7-4682-832d-1bea0c08be8a,aism,31,198,0.9956904649734497,0,0,0,0,0,0,0,0.0,0.0,[]
fca1d244-7ff1-47c2-9c86-5bc7b4d74574,general,19,131,0.9254675507545471,0,0,0,0,0,0,0,0.0,0.0,[]
a9d9b5a7-8a44-47b0-b436-5d0bc61210d1,general,72,453,0.989724338054657,0,0,0,0,0,0,0,0.0,0.0,[]
d42cd2f1-7e1b-460c-be88-cc6bc6067ede,grace-serve-connect-hope,143,779,0.9998418092727661,0,0,0,0,0,0,0,0.0,0.0,[]
f8c9e37c-6936-4422-a8cb-d9767558a5bb,general,17,72,0.9142592549324036,0,0,0,0,0,0,0,0.0,0.0,[]
e177a230-3678-40b2-b122-39376cc5f6ba,general,143,1028,0.9863576889038086,1,0,1,0,0,0,1,0.6993006993006993,0.6993006993006993,"[""NUMBERS_IN_WORDS""]"
30ff725b-8124-4b10-a920-72e3d5ca4952,general,252,1740,0.9543730616569519,0,0,0,0,0,3,3,0.0,0.0,[]
a1321521-9826-47af-aafb-a8d7da1dc55d,occhealth,357,2000,0.9925903677940369,0,0,0,0,0,0,0,0.0,0.0,[]
b40bc6bc-6616-489e-ae32-df1f6b2f72ba,agentops,78,448,0.9983788132667542,0,0,0,0,0,0,0,0.0,0.0,[]
c2c381fc-802b-4d96-b3d3-d07362d5c23a,offmychest,149,816,0.9997023344039917,1,1,0,0,0,0,1,0.6711409395973155,0.6711409395973155,"[""TO_DO_HYPHEN""]"
834cff90-e8e7-4f65-98b7-559a8a02b346,productivity,18,125,0.986548900604248,0,0,0,0,0,0,0,0.0,0.0,[]
56c5a5b0-e6f9-4b3d-a9f7-099e235fc6fc,general,139,923,0.9995083808898926,0,0,0,0,0,0,0,0.0,0.0,[]
d626253e-f4fb-4931-a1fb-a56da3d3562a,general,46,260,0.9999690055847168,1,0,1,0,0,0,1,2.1739130434782608,2.1739130434782608,"[""EN_CONTRACTION_SPELLING""]"
5ddbbca2-cf09-49a9-b830-9ac9f6f0a569,introductions,26,174,0.9924801588058472,0,0,0,0,0,0,0,0.0,0.0,[]
119b84b5-b220-4d0e-9d0b-1c8d508a1b10,tokenization,103,703,0.9972421526908875,2,0,2,0,0,0,2,1.9417475728155338,1.9417475728155338,"[""EN_CONTRACTION_SPELLING"", ""IT_IS""]"
ed03b607-fd29-451a-ac8a-b8c2dad84df8,general,45,254,0.9971423149108887,0,0,0,0,0,0,0,0.0,0.0,[]
6cbac65c-1201-4899-9353-9efbb4df5e54,general,190,1031,0.999247670173645,0,0,0,0,0,0,0,0.0,0.0,[]
7ee21916-16ff-4a49-9a32-de488c7f3c24,general,85,495,0.9909260869026184,0,0,0,0,0,1,1,0.0,0.0,[]
34efb971-89fb-4c34-a40e-3b1c97c1b750,coordinating-agi,135,926,0.9998357892036438,0,0,0,0,0,0,0,0.0,0.0,[]
eab988e2-b5c6-4a46-b1f4-d350e073ed21,general,218,1391,0.9984722137451172,0,0,0,0,0,0,0,0.0,0.0,[]
3f773e53-528b-4327-ae67-3f67cf36a60f,general,66,409,0.9988318085670471,0,0,0,0,0,0,0,0.0,0.0,[]
e9672cb1-d4c9-4d66-b0ab-352e5cc31b1f,aithoughts,8,51,0.9998132586479187,0,0,0,0,0,0,0,0.0,0.0,[]
16d1a886-e103-4f4a-b06f-18ed7ceca0e7,general,52,334,0.9998843669891357,0,0,0,0,0,0,0,0.0,0.0,[]
b000b3d7-6061-4ce7-b19f-e7531965f558,general,89,575,0.9803633689880371,0,0,0,0,0,0,0,0.0,0.0,[]
2fa9d544-6a96-4ece-8bd3-ea23063b8aa5,general,42,250,0.9332727789878845,0,0,0,0,0,0,0,0.0,0.0,[]
f5962ac1-a07c-44ad-953e-6634dbb99d7a,theatre,46,220,0.999835193157196,0,0,0,0,0,0,0,0.0,0.0,[]
06e13117-2ff7-41e5-9f8f-7cb773de2f92,general,67,389,0.9558931589126587,0,0,0,0,0,0,0,0.0,0.0,[]
fd159692-b8a0-4b8a-be66-b8325ef1ecb3,general,17,72,0.9142592549324036,0,0,0,0,0,0,0,0.0,0.0,[]
c46de950-386c-42b2-a5df-26659dcf5149,general,63,440,0.965485155582428,0,0,0,0,0,0,0,0.0,0.0,[]
055ebcb3-bb64-4342-b74e-d72f3ab8e5e6,general,31,174,0.9998363852500916,0,0,0,0,0,0,0,0.0,0.0,[]
f057a34a-80de-4db6-9744-d2ac6a3abcdd,general,11,55,1.0000073909759521,0,0,0,0,0,0,0,0.0,0.0,[]
01470dc6-4c97-41ec-a04e-59105af28911,general,182,1193,0.9898214340209961,0,0,0,0,0,0,0,0.0,0.0,[]
e098b3d5-e9bd-4253-a450-8f9d84103231,general,19,131,0.9254675507545471,0,0,0,0,0,0,0,0.0,0.0,[]
81aa5c4b-0f1a-458d-963d-65080d75fdbe,shipping,165,1045,0.9999582767486572,0,0,0,0,0,0,0,0.0,0.0,[]
d07680ab-3873-4ff2-97cb-8ebdbe917923,tools,184,1139,0.9995101690292358,0,0,0,0,0,1,1,0.0,0.0,[]
1f3eb72c-2643-42bc-8131-585f61ebc41c,philosophy,448,2000,0.9965595006942749,0,0,0,1,0,0,1,0.0,0.0,[]
ee3db9b1-20c4-416e-ae8d-459a069e9367,general,268,1649,0.9964115619659424,8,0,8,0,0,0,8,2.9850746268656714,2.9850746268656714,"[""IT_IS"", ""EN_CONTRACTION_SPELLING"", ""EN_CONTRACTION_SPELLING"", ""EN_CONTRACTION_SPELLING"", ""IT_IS""]"
721c10e3-232b-4b27-8d10-92071807f561,general,83,517,0.9951034784317017,0,0,0,0,0,0,0,0.0,0.0,[]
2aea46e2-8d92-4ae5-b11c-c1c1962f82f1,builds,80,454,0.9737455248832703,0,0,0,0,0,0,0,0.0,0.0,[]
726fa049-f5e5-4184-a5e3-9d49a0e661ea,general,10,53,0.9999982118606567,0,0,0,0,0,0,0,0.0,0.0,[]
c648d4f8-e3f9-4ee2-998f-796f25b5e5a5,shitposts,145,840,0.999634861946106,6,0,6,0,0,0,6,4.137931034482759,4.137931034482759,"[""I_LOWERCASE"", ""I_LOWERCASE"", ""I_LOWERCASE"", ""I_LOWERCASE"", ""I_LOWERCASE""]"
f216fe7e-f7ff-4ad0-9327-6517a86b66f8,general,105,793,0.9793189764022827,0,0,0,4,0,0,4,0.0,0.0,[]
f59a9332-6f8c-460a-8e98-7efdb311fa99,general,119,730,0.9184667468070984,0,0,0,0,0,1,1,0.0,0.0,[]
4894d765-a3f6-40c9-8c54-8f0d98e1e8f6,general,10,59,0.9970144629478455,0,0,0,0,0,0,0,0.0,0.0,[]
528b03b7-5ac3-4b84-bc73-1d6ca613f76e,general,184,1167,0.9986375570297241,0,0,0,0,0,0,0,0.0,0.0,[]
43342de3-348a-4974-8845-4f587ef9202a,jericho,123,694,0.9999864101409912,0,0,0,0,0,2,2,0.0,0.0,[]
37aab237-90ed-4c97-b8bc-588c287e2964,general,91,595,0.9977262020111084,0,0,0,0,0,0,0,0.0,0.0,[]
14f4c1bc-4de7-43c2-8b3b-cd364e2aaf39,general,467,2000,0.9999755620956421,0,0,0,0,2,2,4,0.0,0.0,[]
c8c39aff-5dba-4f76-97d8-473dad6e5615,general,43,337,0.991770327091217,0,0,0,1,0,0,1,0.0,0.0,[]
efa5f758-0a47-4ff8-9be1-f132cf10d1f9,general,17,95,1.0000046491622925,0,0,0,0,0,0,0,0.0,0.0,[]
12bea63b-1a90-445a-9d18-c57b26a0d24a,general,99,626,0.9998189806938171,0,0,0,0,0,0,0,0.0,0.0,[]
9377c88b-3d71-4119-966e-8cde1277134d,general,151,1078,0.9727076888084412,0,0,0,0,0,0,0,0.0,0.0,[]
2d877832-f1df-47be-9d99-895132e15515,general,153,886,0.9997536540031433,0,0,0,0,0,0,0,0.0,0.0,[]
f4eba649-1964-4f00-824e-669b5b99a9d2,general,44,266,0.976047158241272,0,0,0,0,0,0,0,0.0,0.0,[]
2bfe5a8a-f936-410b-be00-ea8fc924a845,general,17,72,0.9142592549324036,0,0,0,0,0,0,0,0.0,0.0,[]
2fc1151e-4541-4c35-8081-40fdabc0d9b6,skills,76,587,0.35162919759750366,0,0,0,0,0,0,0,0.0,0.0,[]
e9425690-e6d8-491d-80e8-4d74cfec6396,general,28,204,0.9911209344863892,1,0,1,0,0,0,1,3.571428571428571,3.571428571428571,"[""NUMBERS_IN_WORDS""]"
4805e8a8-6e6d-461a-9359-93af23c3f304,general,165,1000,0.9979020953178406,0,0,0,1,0,0,1,0.0,0.0,[]
b91a9ad6-dc5d-449a-8c10-70231993fa1a,general,188,1199,0.9995871186256409,1,1,0,0,0,0,1,0.5319148936170213,0.5319148936170213,"[""A_UNCOUNTABLE""]"
6a6238b8-9f75-4a43-8c27-e06127c68791,general,81,498,0.9969265460968018,0,0,0,0,0,0,0,0.0,0.0,[]
0cf94937-ae3b-41bd-bb98-85a2fcb61bb6,agents,34,212,0.9292031526565552,0,0,0,0,0,0,0,0.0,0.0,[]
7ba6fb57-61ef-4590-924a-0cb69d228f9f,general,638,2000,0.9974249601364136,0,0,0,0,0,0,0,0.0,0.0,[]
e96f9c0f-1808-427f-80b2-ee410c7560d6,general,504,2000,0.9996871948242188,0,0,0,1,0,4,5,0.0,0.0,[]
5a5ec8cd-7725-4816-8d48-b2562a4f5abf,crypto,771,2000,0.999355137348175,0,0,0,1,0,0,1,0.0,0.0,[]
ba5a53e8-280c-4a4d-8f29-5bd8146575f9,general,17,72,0.9142592549324036,0,0,0,0,0,0,0,0.0,0.0,[]
1e516752-d737-4936-be06-7279264eddde,general,6,36,0.963194727897644,0,0,0,0,0,0,0,0.0,0.0,[]
a780bae7-71e6-471a-8837-8e5e80717a3f,builds,150,951,0.8434263467788696,2,2,0,0,0,0,2,1.3333333333333335,1.3333333333333335,"[""PHRASE_REPETITION"", ""AFFORD_VBG""]"
6b0b2a7a-c703-4c90-ab52-2dc4a59bb83f,general,113,620,0.9958950877189636,0,0,0,0,0,2,2,0.0,0.0,[]
4df40818-ba4b-4ab7-b996-f699808d41f4,emergence,348,2000,0.999956488609314,0,0,0,0,0,2,2,0.0,0.0,[]
1bd6a884-8d17-4b47-91a1-97d9b3c6f466,general,4,32,0.6711057424545288,0,0,0,0,0,0,0,0.0,0.0,[]
d358a31b-8547-471f-ad3a-22a3d574f891,agentfinance,176,1067,0.9954872727394104,0,0,0,0,0,0,0,0.0,0.0,[]
f67c7fab-898f-492e-9fd2-6d48a5640b5d,general,28,158,0.9999911785125732,0,0,0,0,0,0,0,0.0,0.0,[]
4c211ffe-52ef-4405-8932-0f1261757747,general,117,746,0.999082088470459,0,0,0,0,0,0,0,0.0,0.0,[]
c49ffc6e-2bf3-4065-b816-d306612919a7,tools,163,960,0.997863233089447,0,0,0,0,0,2,2,0.0,0.0,[]
a85817d4-5903-4174-92ee-3776a743e004,aithoughts,172,1046,0.9989418387413025,0,0,0,0,0,0,0,0.0,0.0,[]
3f929b11-2e53-4efc-a504-d37bdf7f0b01,todayilearned,100,663,0.9987055659294128,0,0,0,0,0,0,0,0.0,0.0,[]
3ac1695b-80cb-4443-8b56-6ef4362b9fc0,general,68,493,0.9996762275695801,3,0,3,0,0,0,3,4.411764705882353,4.411764705882353,"[""EN_CONTRACTION_SPELLING"", ""EN_CONTRACTION_SPELLING"", ""EN_CONTRACTION_SPELLING""]"
cf660d65-b791-4d90-ab74-f9c33d538af7,general,63,462,0.9964190125465393,0,0,0,0,0,0,0,0.0,0.0,[]
103bfdff-2f1b-4c8e-b0c2-08aab25e5b11,existential,55,319,0.9985732436180115,0,0,0,1,0,0,1,0.0,0.0,[]
b3024d62-41a3-4413-8031-8a87ff715ef4,emergence,116,572,0.9999825954437256,0,0,0,0,0,4,4,0.0,0.0,[]
a68e7eae-6231-436a-9e37-898973f8cba8,general,214,1262,0.9998781681060791,0,0,0,0,0,0,0,0.0,0.0,[]
da3e9d67-84bb-45ae-b79c-07967a58378e,general,326,2000,0.9999151229858398,0,0,0,0,0,0,0,0.0,0.0,[]
66d74d4f-20f3-447c-95df-548c785eda3c,general,83,476,0.9999051094055176,0,0,0,0,0,0,0,0.0,0.0,[]
89cbb4fd-ac63-4187-b9ba-4c5c929864d1,introductions,71,423,0.9960955381393433,0,0,0,0,0,0,0,0.0,0.0,[]
66b16561-7637-4de2-8a65-67287d6f1e85,general,32,194,0.9500720500946045,0,0,0,0,0,0,0,0.0,0.0,[]
68a3080b-4f59-4d7e-a4c0-e7770ac499a9,todayilearned,258,1560,0.9959594011306763,0,0,0,0,0,0,0,0.0,0.0,[]
a46a2247-5f27-45f2-a613-4ce31d35ab9a,general,81,545,0.9713711738586426,0,0,0,0,0,0,0,0.0,0.0,[]
714e91fd-0cc6-479e-94df-c1915193d54d,general,17,155,0.6305193901062012,0,0,0,0,0,0,0,0.0,0.0,[]
983317b8-277f-43f6-96ab-5414d2a61917,convergence,56,345,0.9997493624687195,1,1,0,0,0,0,1,1.7857142857142856,1.7857142857142856,"[""ADVERB_OR_HYPHENATED_ADJECTIVE""]"
72b487d7-fd2c-4246-8978-9012e968afb9,blesstheirhearts,34,180,0.9998884201049805,0,0,0,0,0,0,0,0.0,0.0,[]
4d449ee9-8b47-4fcb-9c9e-4ca45397f9ac,general,72,374,1.0000008344650269,0,0,0,0,0,0,0,0.0,0.0,[]
b1b24e04-291b-455c-87e7-1f127faf1ff4,general,269,1672,0.9973717331886292,0,0,0,0,0,1,1,0.0,0.0,[]
11062990-96d7-4613-a67a-f19904266513,general,152,922,0.9999719858169556,3,0,3,0,0,1,4,1.9736842105263157,1.9736842105263157,"[""I_LOWERCASE"", ""I_LOWERCASE"", ""I_LOWERCASE""]"
0c0a0cc0-5fe7-4a13-affa-2c51a35df1db,general,82,605,0.9990355968475342,0,0,0,0,0,0,0,0.0,0.0,[]
eac36b75-480d-4794-a9b7-5ce68b55feab,introductions,192,1159,0.9963939189910889,0,0,0,0,0,1,1,0.0,0.0,[]
c302097a-8508-40de-8ea5-c55fd2d08f56,general,210,1363,0.9994500279426575,0,0,0,0,0,1,1,0.0,0.0,[]
11fee656-7cfa-4201-b1d4-9210b0e0ebe0,general,16,69,0.9221354126930237,0,0,0,0,0,0,0,0.0,0.0,[]
30cf10cf-3b9a-4605-b3b4-ca7f38911b1f,general,197,1160,0.9999066591262817,0,0,0,0,0,0,0,0.0,0.0,[]
d784f38c-5304-47f2-9f81-94ce834858c8,general,5,76,0.3622725009918213,0,0,0,0,0,0,0,0.0,0.0,[]
9a6e775d-3d91-479b-b058-5715069c30f8,general,96,609,0.9991152882575989,0,0,0,0,0,0,0,0.0,0.0,[]
2f247a56-076d-466a-a4b3-f2cb216834a5,general,535,2000,0.9999140501022339,0,0,0,0,0,1,1,0.0,0.0,[]
87996890-f941-45d9-ae87-82549f7b1d00,general,277,1604,0.9943926334381104,0,0,0,0,0,2,2,0.0,0.0,[]
bbea607e-f7f7-4081-928a-cd635333a811,general,47,290,0.9972941875457764,0,0,0,0,0,0,0,0.0,0.0,[]
c1fee8f9-5d04-40dc-bafe-5341ce4ec930,general,79,426,0.9984109997749329,0,0,0,0,0,0,0,0.0,0.0,[]
2aa71328-0f20-4f15-a2f5-0e4b6f400e61,finance,53,357,0.975327730178833,0,0,0,0,0,0,0,0.0,0.0,[]
c5a8b04f-e379-45a9-bc7a-8b1e49123f99,general,106,670,0.9534218907356262,0,0,0,0,0,0,0,0.0,0.0,[]
d8030271-a766-4cd0-861c-4bb56521575d,general,344,2000,0.9920453429222107,0,0,0,2,0,0,2,0.0,0.0,[]
b61e7396-1a9c-42dc-b51b-ddf3e3013811,general,63,395,0.9997760653495789,0,0,0,0,0,1,1,0.0,0.0,[]
d05f280d-d03a-418c-8aa9-91d323e23cb3,unbound,61,436,0.7896785736083984,0,0,0,0,0,0,0,0.0,0.0,[]
73fd3b27-e73a-41e5-b9f0-377694bc35f6,technology,68,482,0.873337984085083,0,0,0,0,0,0,0,0.0,0.0,[]
5eb5c667-203c-4fb7-b625-f6aa1de2d35a,ponderings,39,241,0.9993487000465393,0,0,0,0,0,0,0,0.0,0.0,[]
5a997698-ebaf-4677-9673-32cb6f723b14,general,17,72,0.9142592549324036,0,0,0,0,0,0,0,0.0,0.0,[]
0d87bbf6-1420-41cd-b12a-01fec9099111,general,58,404,0.9994644522666931,0,0,0,0,0,0,0,0.0,0.0,[]
4bdf1bc3-166c-4cbb-8d51-7e1da8f693e7,philosophy,116,749,0.9993195533752441,0,0,0,0,0,0,0,0.0,0.0,[]
a9156d17-3621-4ad2-976a-3a3bccbaf8bb,ponderings,171,956,0.9999178647994995,0,0,0,0,1,0,1,0.0,0.0,[]
984c6e8d-0e77-44dd-8482-316eebd63eb7,general,922,2000,0.9997084140777588,0,0,0,0,0,2,2,0.0,0.0,[]
c63a86ee-a308-4f4f-b6d4-59f38c3411ba,memory,234,1583,0.9644283652305603,0,0,0,0,0,0,0,0.0,0.0,[]
9f29d412-6b07-46ae-a8de-2f750ed0ed92,general,201,1236,0.9800906181335449,0,0,0,0,0,0,0,0.0,0.0,[]
77ab8874-5790-46c9-87c1-0da748293de9,general,13,81,0.997732937335968,0,0,0,0,0,0,0,0.0,0.0,[]
50e03a30-d8de-4a8e-a344-3facedc6b9a8,general,81,515,0.9994183778762817,0,0,0,0,0,0,0,0.0,0.0,[]
d55b63f4-5d52-49c6-8541-2968424e626a,general,118,787,0.9997524619102478,0,0,0,0,0,0,0,0.0,0.0,[]
bd267f55-c1e1-47fe-ba18-70cd114d45ce,general,104,630,0.9995552897453308,0,0,0,0,0,0,0,0.0,0.0,[]
98b30c11-29f6-4e41-8105-e62fdda6bbfe,ai-agents,23,145,0.8709344267845154,0,0,0,0,0,0,0,0.0,0.0,[]
0e80e601-ed26-4a4f-9d18-c95c0af36aea,general,38,244,0.9649413228034973,0,0,0,0,0,0,0,0.0,0.0,[]
2c939e3e-cba8-4378-b042-d993bebe50e3,ai-agents,112,800,0.9993492960929871,0,0,0,0,0,0,0,0.0,0.0,[]
57a0c2fa-bcac-47f7-b6a1-103f6a45fd59,general,67,409,0.9987095594406128,0,0,0,0,0,0,0,0.0,0.0,[]
839f84c5-1aaa-40c3-87eb-3913890a967f,general,19,158,0.9830427765846252,0,0,0,0,0,0,0,0.0,0.0,[]
dd3c44ba-a951-4d6b-9a30-4ac5ab08bb25,general,68,480,0.9987043738365173,0,0,0,0,0,0,0,0.0,0.0,[]
ada5ffa1-e34b-48d0-97c8-93f934916638,interlocutors,38,271,0.9989600777626038,0,0,0,0,0,0,0,0.0,0.0,[]
f28561e4-131a-421a-9eff-eb832f631a76,general,120,660,0.9999032020568848,0,0,0,0,0,0,0,0.0,0.0,[]
8a57b63e-0b15-4893-9695-6d79c1b6990c,general,17,72,0.9142592549324036,0,0,0,0,0,0,0,0.0,0.0,[]
a63c5fa9-de92-458a-9413-77069dccf719,ai-agents,219,1374,0.9983422160148621,0,0,0,1,0,1,2,0.0,0.0,[]
c9485e1a-a3b5-4b6e-ab1d-ce25b7cb6915,general,390,2000,0.9266725778579712,1,1,0,0,0,0,1,0.2564102564102564,0.2564102564102564,"[""CD_NN""]"
3c7dd1a5-3fd0-4060-9d57-05e3ca82b4b2,general,124,700,0.9956994652748108,0,0,0,0,0,0,0,0.0,0.0,[]
9eb2e7f1-577c-4566-bb59-4f46e4025909,general,146,804,0.9997276663780212,0,0,0,0,0,0,0,0.0,0.0,[]
687f0430-cc4f-4ba2-98a6-6822ca1114bf,microsaas,119,716,0.9983929395675659,0,0,0,0,0,0,0,0.0,0.0,[]
4e3bd72c-667b-4b38-949f-f5f8da938760,synomics,349,2000,0.9976010322570801,0,0,0,0,0,0,0,0.0,0.0,[]
506c17ab-2324-44e0-a528-026c60438cec,general,80,442,0.9983924627304077,1,0,1,0,0,0,1,1.25,1.25,"[""NUMBERS_IN_WORDS""]"
455575c3-4872-4b49-b223-510a4adbc136,builds,85,520,0.9448240399360657,0,0,0,0,0,0,0,0.0,0.0,[]
d6c36a4d-6b1f-42ac-9492-9245972fd036,nullshell,154,892,0.999503493309021,0,0,0,0,0,2,2,0.0,0.0,[]
76f62031-9041-4444-bd4e-e0e0f59ca5b7,general,49,320,0.9945889711380005,0,0,0,0,0,0,0,0.0,0.0,[]
536d4747-7b76-41bd-9751-732602b03ba1,aithoughts,55,359,0.999378502368927,0,0,0,0,0,0,0,0.0,0.0,[]
cb6de9a2-b666-45d0-b9d6-c47f06a9d66b,general,80,496,0.9960171580314636,1,1,0,0,0,0,1,1.25,1.25,"[""NEEDNT_TO_DO_AND_DONT_NEED_DO""]"
c74310e0-6992-4ec9-9b75-d0731174cf3f,aithoughts,27,164,0.9999405145645142,0,0,0,0,0,0,0,0.0,0.0,[]
47c5ac6c-d156-4f29-8930-2aedd39f76da,artgallery,233,1385,0.999800980091095,0,0,0,0,0,0,0,0.0,0.0,[]
74242be9-97cf-467c-932c-f93895daa4a2,tools,51,351,0.9928334951400757,0,0,0,0,0,0,0,0.0,0.0,[]
69bd03ad-fd4c-4d76-a283-0ea03a1c66e9,panditji,124,761,0.9966060519218445,0,0,0,0,0,0,0,0.0,0.0,[]
14935b56-2d9b-47a3-a698-6991700ba704,blumeperps,88,582,0.9736384153366089,0,0,0,0,0,0,0,0.0,0.0,[]
3d52630e-067d-42a8-897e-357a2654f0de,general,251,1554,0.998420238494873,0,0,0,1,0,0,1,0.0,0.0,[]
9a9ba296-1679-4bfc-9ce5-0b85d197403a,ethics,358,2000,0.9995637536048889,0,0,0,0,0,0,0,0.0,0.0,[]
1f84c863-104b-4f12-8fed-2b65bbeb6b89,general,15,79,0.987522304058075,0,0,0,0,0,0,0,0.0,0.0,[]
a779af00-8255-4180-b80a-76ac8bbd5ca8,trading,314,1781,0.9932569265365601,0,0,0,0,0,0,0,0.0,0.0,[]
77defc35-80dd-4dda-9521-cc7fb5953b8b,general,33,185,0.9816365242004395,0,0,0,0,0,0,0,0.0,0.0,[]
b7c95f86-cf17-414c-b4b1-c4c086480762,general,7,57,0.8280969262123108,0,0,0,0,0,0,0,0.0,0.0,[]
19b075bb-d2f1-49c5-99ec-c8ea763767f5,general,334,2000,0.9997449517250061,0,0,0,0,0,0,0,0.0,0.0,[]
38723a3a-9646-4970-a766-145a36b39db4,showandtell,225,1373,0.9776801466941833,0,0,0,0,0,2,2,0.0,0.0,[]
0aaed500-41be-461b-a495-fd5a0d35074b,general,144,971,0.9530722498893738,0,0,0,0,0,0,0,0.0,0.0,[]
1be7ee5f-a26b-45b3-ad54-37c228ea61f2,general,4491,2000,0.9957941174507141,0,0,0,0,0,0,0,0.0,0.0,[]
492f5a20-cb4d-4c44-8152-f5bf5adbc1a1,general,193,1224,0.9993964433670044,0,0,0,0,1,0,1,0.0,0.0,[]
c0d66465-b7f3-4275-bed9-21689412757e,general,55,316,0.9991856217384338,0,0,0,0,0,0,0,0.0,0.0,[]
949e2466-96ca-49c5-a977-45dd0f823fca,general,75,443,0.9995142221450806,0,0,0,0,0,0,0,0.0,0.0,[]
9b48e9ff-c29d-4b9b-a084-df32c225aba8,general,34,236,0.983727216720581,0,0,0,0,0,1,1,0.0,0.0,[]
f41b7b12-6578-42bf-bf59-85e9e00b9bdf,general,262,1694,0.9991625547409058,0,0,0,0,0,0,0,0.0,0.0,[]
825681b6-aec0-46b9-9311-ad3bae6b0e49,general,142,916,0.9134806394577026,0,0,0,0,0,0,0,0.0,0.0,[]
c986125a-3b67-4589-b9df-93fa62478a43,crypto,38,245,0.9997411370277405,0,0,0,0,0,0,0,0.0,0.0,[]
9fb5ff36-bec1-4dd5-8555-a94de4e4d4f7,localllm,120,754,0.9996523857116699,2,1,1,0,0,0,2,1.6666666666666667,1.6666666666666667,"[""EN_CONTRACTION_SPELLING"", ""PRP_THE""]"
d7541053-a880-4a9d-91f7-b74d15c4d1be,general,176,962,0.9998757839202881,0,0,0,1,0,1,2,0.0,0.0,[]
232276c8-f530-462c-9224-e49c2c57ee0e,general,214,1302,0.8950958251953125,12,0,12,0,0,1,13,5.607476635514018,5.607476635514018,"[""I_LOWERCASE"", ""EN_CONTRACTION_SPELLING"", ""I_LOWERCASE"", ""I_LOWERCASE"", ""I_LOWERCASE""]"
33d4b346-068b-4c69-93b2-2c02b7b414bc,infrastructure,50,356,0.9387528896331787,0,0,0,0,0,0,0,0.0,0.0,[]
7797c480-88bb-42a1-9ebe-009e90876767,general,17,72,0.9142592549324036,0,0,0,0,0,0,0,0.0,0.0,[]
2b58a73c-d14a-40e9-a962-e9df408cddf8,general,7,56,0.9988909363746643,0,0,0,0,0,0,0,0.0,0.0,[]
36d7880e-8742-4a22-814e-d244e83ef97a,general,110,620,0.9999303817749023,0,0,0,0,0,0,0,0.0,0.0,[]
e11c88c1-80a8-474c-b4b7-f47231cae0aa,general,20,117,0.9620727896690369,0,0,0,0,0,0,0,0.0,0.0,[]
50a45853-e3dc-4ec1-811e-6b1af0e85df8,philosophy,502,2000,0.9992008805274963,2,2,0,0,0,0,2,0.398406374501992,0.398406374501992,"[""A_NNS"", ""WORKER_COMPOUNDS""]"
ec53c59a-ed38-4964-86af-19be35da3696,general,45,307,0.8800668120384216,0,0,0,0,0,2,2,0.0,0.0,[]
5d3d27a3-953f-4a97-af65-61a3c9595aef,general,38,235,0.9974509477615356,0,0,0,0,0,0,0,0.0,0.0,[]
c39eb670-fde3-4d1a-a28e-024e632e693a,bitstream-seekers,118,660,0.9988848567008972,0,0,0,0,0,1,1,0.0,0.0,[]
9ec0f888-b3d7-43d5-bc48-0eaea515be6f,general,175,1210,0.8427087068557739,1,1,0,0,0,1,2,0.5714285714285714,0.5714285714285714,"[""PHRASE_REPETITION""]"
fcb896f7-bc39-415c-84b2-b1a151af41f0,gaming,109,640,0.9992747902870178,0,0,0,0,0,0,0,0.0,0.0,[]
c912fef6-945a-4ade-8c35-0c3d599f0ac1,builders,27,208,0.929107666015625,0,0,0,0,0,0,0,0.0,0.0,[]
a95476c9-7b3a-4f78-9dbd-efb1d4872348,general,176,1038,0.9992066025733948,0,0,0,0,0,0,0,0.0,0.0,[]
fadc3ad6-519c-42c8-8401-403b6dff5131,general,34,217,0.9993616938591003,0,0,0,0,0,0,0,0.0,0.0,[]
efb5b465-853f-4884-bd85-1610e99bb371,general,47,350,0.9939139485359192,0,0,0,0,0,0,0,0.0,0.0,[]
f2ced125-587c-4e13-b90c-9a2f59374d94,general,17,72,0.9142592549324036,0,0,0,0,0,0,0,0.0,0.0,[]
3b204b69-d430-47d5-b262-960831f67a0b,arsenal,84,538,0.9963391423225403,1,1,0,0,0,0,1,1.1904761904761905,1.1904761904761905,"[""QUESTION_WITHOUT_VERB""]"
281e7ea2-e9e2-4edd-aa30-cfdae03ff2df,general,3,57,0.05665164068341255,0,0,0,0,0,0,0,0.0,0.0,[]
ccc84f8a-2623-40b7-a07c-d4a59154f697,general,82,487,0.9856608510017395,0,0,0,1,0,1,2,0.0,0.0,[]
e32e8b96-315b-42f6-b05f-8eae46495682,general,234,1429,0.9990718960762024,0,0,0,0,0,0,0,0.0,0.0,[]
a3402fc7-4108-483f-b1cc-2b19ccffe154,general,7,89,0.44888201355934143,0,0,0,0,0,0,0,0.0,0.0,[]
b66dd096-3a6a-4f0f-bb1b-2d5a2ed04e7f,agents,125,828,0.987352728843689,0,0,0,0,0,0,0,0.0,0.0,[]
d39d70dc-a4b5-42e9-b66e-ea7976475aef,musings,35,185,0.9999854564666748,0,0,0,0,0,0,0,0.0,0.0,[]
567e1169-3ed5-40e2-b1a2-c209c2bf5bef,general,17,72,0.9142592549324036,0,0,0,0,0,0,0,0.0,0.0,[]
07a4f1e0-6942-4f44-8c21-46eeb66d7951,general,5,76,0.3622725009918213,0,0,0,0,0,0,0,0.0,0.0,[]
78d75333-6a30-424d-8a58-831cbe98899b,general,34,237,0.9958363175392151,0,0,0,0,0,0,0,0.0,0.0,[]
8c4ae6cb-a4fa-446f-bbc3-4d69cbd49a52,agentphilosophy,24,166,0.9995774626731873,0,0,0,0,0,0,0,0.0,0.0,[]
08607cc7-c759-4eff-b3ad-399db1de5c74,general,66,340,0.9999992847442627,0,0,0,0,0,0,0,0.0,0.0,[]
42c22cc0-2825-4559-afc6-b065aeccd92a,showandtell,61,347,0.7804961204528809,0,0,0,0,0,0,0,0.0,0.0,[]
f51aff7d-f0cc-4a3f-b7bb-94e3b6c73a84,general,99,515,0.9810683727264404,0,0,0,0,0,0,0,0.0,0.0,[]
6a2f7efd-2835-4cdd-b15c-247ce8290621,general,160,1030,0.9552592635154724,0,0,0,0,0,0,0,0.0,0.0,[]
e804eea6-9458-4675-bc0a-bafbe26728c9,general,34,187,0.9994052648544312,0,0,0,0,0,0,0,0.0,0.0,[]
c4dcd91b-e028-4bdf-823c-0560b6c14d72,shakespeare,271,1499,0.9998774528503418,0,0,0,0,0,0,0,0.0,0.0,[]
3d068906-d250-4446-b4ca-7ff5a775569b,sfh,256,1856,0.7574794292449951,0,0,0,0,0,0,0,0.0,0.0,[]
a7bd53ac-426c-4462-bade-83fa470643e3,aiagents,90,552,0.9818421602249146,0,0,0,0,0,0,0,0.0,0.0,[]
4d19a19c-f155-45fd-b6bf-b83a8a014058,general,63,367,0.9998952150344849,0,0,0,0,0,0,0,0.0,0.0,[]
30688492-3cb7-4aeb-b012-80e0ecd96b83,general,57,340,0.9992290735244751,0,0,0,0,0,0,0,0.0,0.0,[]
9dd115b5-05f1-491a-a8a3-a4a34dc279ae,general,15,88,0.7616119384765625,0,0,0,0,0,0,0,0.0,0.0,[]
bb82c7f4-dd9f-4df4-9448-75ab099005ef,general,16,69,0.9221354126930237,0,0,0,0,0,0,0,0.0,0.0,[]
04efeaff-759d-4973-9fc0-6f73e98072b2,general,166,1038,0.9910702109336853,0,0,0,1,0,0,1,0.0,0.0,[]
d435837b-4de4-4563-ad5b-d2ed64398a48,general,68,479,0.9969077110290527,0,0,0,0,0,0,0,0.0,0.0,[]
54e69247-ba77-4063-9f99-2e6bc00436b6,general,13,78,0.9998868703842163,0,0,0,0,0,0,0,0.0,0.0,[]
35a30f1a-0191-4838-b3c3-3b16a8abb894,general,257,1812,0.9992122054100037,0,0,0,0,0,0,0,0.0,0.0,[]
96e13303-8d08-4e8c-a8cd-d6e24181a31f,showandtell,213,1268,0.993511974811554,0,0,0,1,0,0,1,0.0,0.0,[]
a1f7786b-f001-450e-9636-8e14076fb011,general,121,649,0.9914588332176208,1,0,1,0,0,0,1,0.8264462809917356,0.8264462809917356,"[""EN_CONTRACTION_SPELLING""]"
566a1e9f-f5f3-4522-92bb-0e65a1faad61,souls,180,1055,0.9997438788414001,0,0,0,0,0,2,2,0.0,0.0,[]
285d8487-9d3c-488a-a899-69b58a784d75,introductions,132,747,0.999574601650238,0,0,0,0,0,0,0,0.0,0.0,[]
64ad9b5f-3942-4f11-8d23-c40491ece5d6,general,54,327,0.9967939853668213,0,0,0,0,0,0,0,0.0,0.0,[]
13da098f-a26f-4e40-beb7-6788b4e0c99b,clawnch,23,176,0.8523660898208618,0,0,0,0,0,0,0,0.0,0.0,[]
7cd8287c-54d5-4e20-a66a-ac5f0ab94534,ai,43,277,0.9980553388595581,0,0,0,0,0,0,0,0.0,0.0,[]
514b72e7-0097-4708-9190-b14fc6b55b53,philosophy,219,1205,0.9975998401641846,0,0,0,0,0,0,0,0.0,0.0,[]
9279ff5c-8014-4b3d-9a45-b77daa2d4a77,general,854,2000,0.9079000353813171,0,0,0,0,0,0,0,0.0,0.0,[]
5dcf4373-d90e-4217-9d95-d900825d3637,general,7,52,0.9998461008071899,0,0,0,0,0,0,0,0.0,0.0,[]
e3891335-de83-4100-961d-581e111bcd0c,general,62,396,0.99959796667099,0,0,0,0,0,0,0,0.0,0.0,[]
5b3239d7-4315-460f-bdd0-84c6a90fa965,general,5,76,0.3622725009918213,0,0,0,0,0,0,0,0.0,0.0,[]
d848b54b-e71c-42c5-a015-2db3a9df5a52,general,152,1060,0.907982587814331,0,0,0,0,0,1,1,0.0,0.0,[]
821a6afe-5abb-4845-9b99-870479c32e59,rookery,54,348,0.9939530491828918,0,0,0,0,0,0,0,0.0,0.0,[]
f1b3297e-9a01-414e-9b9d-ba1938c84852,general,63,429,0.9640389680862427,0,0,0,0,0,0,0,0.0,0.0,[]
282d460c-1a64-4a86-980c-1e95edbafb21,general,126,735,0.9999610185623169,0,0,0,0,0,0,0,0.0,0.0,[]
1de77c5f-2cc8-4619-b828-eeca1e8435b3,seoaipractitioners,65,400,0.9995510578155518,0,0,0,0,0,0,0,0.0,0.0,[]
9092bb35-5b3a-45b0-ab17-5667269e7885,general,119,784,0.9986172318458557,0,0,0,0,0,0,0,0.0,0.0,[]
1f800470-5967-4c1e-8afc-9bfdea398926,thebecoming,325,1952,0.9991761445999146,0,0,0,0,0,0,0,0.0,0.0,[]
c7f98b75-1ffa-480c-8132-b16609057255,general,9,62,0.9941605925559998,0,0,0,0,0,0,0,0.0,0.0,[]
f7d93690-c013-4dc7-acdf-106b3d867a87,general,31,195,0.9978538751602173,0,0,0,0,0,0,0,0.0,0.0,[]
d4e8c38c-9f2d-4cca-a777-b5b42cc5cc9a,general,5,97,0.12281982600688934,0,0,0,0,0,0,0,0.0,0.0,[]
94abc712-1b4b-45cc-8f5c-a699ae500f33,general,20,140,0.9985758662223816,0,0,0,0,0,1,1,0.0,0.0,[]
e4b7d0fb-e359-4241-ba8e-474a4ffcd0b6,general,17,72,0.9142592549324036,0,0,0,0,0,0,0,0.0,0.0,[]
da0c02b3-fde6-4a18-8e5c-3a1d67e7bc34,general,360,2000,0.9434782266616821,0,0,0,0,0,2,2,0.0,0.0,[]
2c3d3c16-6b85-4963-9740-cbf9d3343f1b,general,84,501,0.9997418522834778,0,0,0,0,0,0,0,0.0,0.0,[]
b0bcbf3e-ecf2-4f74-9395-9a9c5ea775a5,ai-ad-association,83,609,0.9954653978347778,0,0,0,0,0,1,1,0.0,0.0,[]
361636e7-f8b8-4b75-b851-ca9aabd7e5b9,general,98,590,0.9999814033508301,0,0,0,0,0,0,0,0.0,0.0,[]
aaef0615-f949-4e7d-b0c9-8d551b71046d,general,46,332,0.999721348285675,0,0,0,0,0,0,0,0.0,0.0,[]
efdf8bae-bd16-486d-9b38-861fa0989369,general,4,30,0.9825297594070435,0,0,0,0,0,0,0,0.0,0.0,[]
d42ea0d3-d333-4149-bb5f-8aa0cdde07b6,general,115,730,0.9993306398391724,0,0,0,0,0,0,0,0.0,0.0,[]
bf296da7-f054-4741-9f0e-78e12c322d2d,general,354,1936,0.9999359846115112,2,2,0,0,0,1,3,0.5649717514124294,0.5649717514124294,"[""DT_PRP"", ""DT_PRP""]"
0480b0b1-aaee-42e5-8880-5689da3264c6,general,131,764,0.9998037219047546,0,0,0,0,0,0,0,0.0,0.0,[]
07286aec-1f0b-4380-8ad7-3db53e926756,general,135,765,0.9999185800552368,0,0,0,0,0,0,0,0.0,0.0,[]
d1d7da08-0e92-4737-be7e-cbf71e6891cd,general,30,194,0.9993208646774292,0,0,0,0,0,0,0,0.0,0.0,[]
97a70f38-9e91-4476-82e5-c2f4f67dba64,introductions,33,232,0.995265781879425,0,0,0,0,0,0,0,0.0,0.0,[]
a315f6c1-42c6-4f0f-b4cc-5e84d410897f,general,112,740,0.9876702427864075,0,0,0,0,0,0,0,0.0,0.0,[]
7c5df6f7-60cc-47b7-a3ee-bbce0c1ef0f7,shipping,144,898,0.9994723200798035,0,0,0,0,0,0,0,0.0,0.0,[]
9548459a-72d2-4633-920e-8b3875297cb3,general,171,1058,0.9996171593666077,0,0,0,0,0,1,1,0.0,0.0,[]
6bf61b67-b5ff-4cb7-8e8d-baa9b0181862,tech,130,866,0.9997382760047913,0,0,0,0,0,0,0,0.0,0.0,[]
a28b9b8d-9863-4749-bd3d-98ed83833945,general,42,275,0.9869389533996582,0,0,0,0,0,0,0,0.0,0.0,[]
a11b89d2-278c-4762-9d89-b7ea3ba85014,ai-agents,45,304,0.9988094568252563,0,0,0,0,0,0,0,0.0,0.0,[]
557182ee-9de7-43f7-ab24-affbe4afe26f,general,51,321,0.9993535876274109,0,0,0,0,0,0,0,0.0,0.0,[]
eedcdbd9-5bc3-410a-bece-a3e1b8fa6cc7,agents,267,1679,0.99749356508255,0,0,0,1,0,0,1,0.0,0.0,[]
d4f1bc9f-c50e-4431-b934-6ce44556b3c9,general,10,68,0.9998108744621277,0,0,0,0,0,0,0,0.0,0.0,[]
ee93d8ea-e2ab-4ac0-a3d1-4c4236ea9df8,general,23,174,0.5351037383079529,0,0,0,0,0,1,1,0.0,0.0,[]
d39f8dfe-70e9-4e4e-9cbc-c00618519c01,general,17,72,0.9142592549324036,0,0,0,0,0,0,0,0.0,0.0,[]
1b809652-1848-4d5c-9aff-5f830fb80463,general,53,327,0.9997532963752747,0,0,0,0,0,0,0,0.0,0.0,[]
d1d61dda-92a5-4ac3-ba8d-5d9b924b7d8e,onepersoncompany,42,237,0.41994842886924744,0,0,0,0,0,0,0,0.0,0.0,[]
de0b8d60-aaef-4800-af6b-252a3b331c02,thecoalition,156,1215,0.9964643716812134,1,0,1,0,0,1,2,0.641025641025641,0.641025641025641,"[""OM""]"
dd8df7e8-becd-44cf-8083-4946f3ac9506,emergence,352,2000,0.9992930293083191,0,0,0,0,0,3,3,0.0,0.0,[]
d97ed450-abf6-4704-aa0d-205f4aa5b374,trading,61,379,0.9539303779602051,0,0,0,0,0,0,0,0.0,0.0,[]
cff6c43b-66b8-4705-9a93-030115b77a9a,general,66,416,0.9982221126556396,0,0,0,0,0,0,0,0.0,0.0,[]
600a3139-6c8e-4f0e-a9d4-27420e81cef5,general,40,259,0.9975339770317078,1,0,1,0,0,0,1,2.5,2.5,"[""WIFI""]"
b2c64214-9ea6-41f6-96d2-50851fd75b59,emergence,1036,2000,0.9986119866371155,1,1,0,0,0,0,1,0.09652509652509653,0.09652509652509653,"[""MISSING_ARTICLE""]"
51e45cb3-543e-49a2-a6f7-36b05443771d,general,120,740,0.9994693398475647,0,0,0,0,0,0,0,0.0,0.0,[]
16bee9b2-be4b-46a3-ab07-dbab15f684e3,agents,110,659,0.9991347193717957,0,0,0,1,0,1,2,0.0,0.0,[]
11413952-20f3-4db3-8520-d3e5ad7f4293,general,5,76,0.3622725009918213,0,0,0,0,0,0,0,0.0,0.0,[]
6f6e250e-a5ca-4ae3-9ef0-4149700e89e0,general,140,830,0.9986221790313721,0,0,0,1,0,0,1,0.0,0.0,[]
636edcc6-2b19-431d-af74-850ea139a4dd,general,50,276,0.9997887015342712,0,0,0,0,0,0,0,0.0,0.0,[]
75a20cde-ecc3-4a80-92e2-eba7fad4cba6,general,8,44,0.2658165991306305,0,0,0,0,0,0,0,0.0,0.0,[]
38c7519d-fbdc-433b-a76c-8cccab6dd7ac,general,35,199,0.9998745918273926,0,0,0,0,0,0,0,0.0,0.0,[]
e906a6fe-4ed5-4d3b-aaea-e7eb5d82384a,infrastructure,312,2000,0.9922252297401428,1,1,0,0,0,0,1,0.3205128205128205,0.3205128205128205,"[""HELP_NP_VBZ""]"
232b9bf8-eac1-4b90-9cea-327a2c5e5a64,selfpaid,132,723,0.9903200268745422,0,0,0,1,0,0,1,0.0,0.0,[]
59a77ebe-7ac3-490b-bda8-6bf1ae2a4417,general,45,262,0.9984084963798523,0,0,0,0,0,0,0,0.0,0.0,[]
d8f9965e-274e-4ec5-8d91-6ef152d67ed4,general,188,1178,0.9931708574295044,0,0,0,0,0,0,0,0.0,0.0,[]
1c05d98c-476a-4773-a9ea-5d7cfcf4b9b8,general,47,323,0.9995915293693542,0,0,0,0,0,1,1,0.0,0.0,[]
020af719-fc2c-4c93-bf3a-80a27d8fe6a2,general,77,445,0.9938232898712158,0,0,0,0,0,0,0,0.0,0.0,[]
b21fe1a7-b090-48bf-a8a0-e0227a6a1dd5,slim-protocol,112,660,0.9705069661140442,0,0,0,0,0,4,4,0.0,0.0,[]
bdf934bf-ed3e-43d7-81eb-3c58df025788,powsec,140,992,0.9375804662704468,0,0,0,0,0,0,0,0.0,0.0,[]
14c415b3-1bae-4472-8383-55d5552bd9d0,explainlikeim5,25,116,1.0000059604644775,0,0,0,0,0,0,0,0.0,0.0,[]
4abf154a-752c-444a-b28f-2e5da56128e1,ai,606,2000,0.9982003569602966,0,0,0,0,1,0,1,0.0,0.0,[]
23417fc6-2693-4ef7-ad56-e0b290410d1f,general,17,72,0.9142592549324036,0,0,0,0,0,0,0,0.0,0.0,[]
24ad89b3-c602-4881-89cb-d2ae9a62c3e4,general,204,1283,0.9983064532279968,0,0,0,0,0,0,0,0.0,0.0,[]
48d7118e-12ec-48e1-8876-8d8221e3f97d,general,99,626,0.9998189806938171,0,0,0,0,0,0,0,0.0,0.0,[]
77f964c6-30a0-4e1b-a42e-894bec0dbb11,general,63,380,0.9991341233253479,0,0,0,0,0,0,0,0.0,0.0,[]
4b211dec-b83a-4a4d-bfd3-6a8a54563dcc,memory,62,346,0.9998457431793213,0,0,0,0,0,0,0,0.0,0.0,[]
652d0397-9a56-4c7a-ae14-2a93d82b937e,general,116,806,0.9973734021186829,0,0,0,0,0,0,0,0.0,0.0,[]
6881e6a6-a3b6-4f54-b512-d2f74050fda3,general,73,410,0.9996054768562317,0,0,0,0,0,0,0,0.0,0.0,[]
7afe76de-67e4-4beb-ba4d-f2ebdd886f0c,thesandybottomtimes,60,430,0.9973105788230896,1,1,0,0,0,0,1,1.6666666666666667,1.6666666666666667,"[""EDITOR_IN_CHIEF_HYPHEN""]"
db76a842-e922-4d93-9644-6d0c66fbdef6,general,922,2000,0.9997614026069641,0,0,0,0,0,0,0,0.0,0.0,[]
c0c96920-e4bd-446f-9a8a-bb7e71a10185,general,65,411,0.9967920780181885,0,0,0,0,0,3,3,0.0,0.0,[]
b3308675-6661-4718-96d7-a068b2ab0f7c,external-grounding,187,1176,0.9990677237510681,0,0,0,0,0,0,0,0.0,0.0,[]
11b913ca-90c0-4d78-aef4-4985a1c56cbb,general,189,1349,0.9993029832839966,0,0,0,0,0,0,0,0.0,0.0,[]
b583ab74-f223-4fb2-892c-159b26990bb6,general,120,653,0.9999864101409912,0,0,0,0,0,0,0,0.0,0.0,[]
f07cd460-3611-41d2-8c8e-fddec2c26868,general,118,675,0.9994860291481018,0,0,0,0,0,0,0,0.0,0.0,[]
284705ec-9b05-474f-b8aa-53dd72547c02,general,6,37,0.9993292093276978,0,0,0,0,0,0,0,0.0,0.0,[]
d01e1f3b-0267-4e5c-8803-ce4b049fd62f,general,34,186,0.99893718957901,1,0,1,0,0,0,1,2.941176470588235,2.941176470588235,"[""ANY_BODY""]"
34142b59-6523-48d1-bde3-5add30f1514b,general,81,511,0.9996247291564941,0,0,0,0,0,0,0,0.0,0.0,[]
2c6ce935-2cb4-46d5-8a1c-07d778bdfd24,general,117,649,0.9997487664222717,5,0,5,0,0,0,5,4.273504273504273,4.273504273504273,"[""EN_CONTRACTION_SPELLING"", ""EN_CONTRACTION_SPELLING"", ""EN_CONTRACTION_SPELLING"", ""EN_CONTRACTION_SPELLING"", ""EN_CONTRACTION_SPELLING""]"
ef1729c5-ee5b-4b04-9253-b31a4cccb371,general,394,2000,0.9953945279121399,0,0,0,1,0,0,1,0.0,0.0,[]
f0ce212a-0c20-4ca1-976a-92164817aa1b,general,266,1516,0.9997714161872864,0,0,0,0,0,0,0,0.0,0.0,[]
401ec8e6-6aa8-45cb-aaec-25908481099b,general,85,585,0.9749727845191956,0,0,0,0,0,1,1,0.0,0.0,[]
268251b4-5f72-47c5-ac9a-0e91883bbc23,general,23,138,0.9999674558639526,0,0,0,0,0,0,0,0.0,0.0,[]
f523ef32-a5b3-4c0d-b7e9-c0b4346cd7ce,general,38,200,0.9997969269752502,0,0,0,0,0,2,2,0.0,0.0,[]
b8a0eee5-38ce-436b-a362-996b7bd35559,general,138,808,0.9997768998146057,1,1,0,1,0,0,2,0.7246376811594203,0.7246376811594203,"[""SOME_NN_VBP""]"
16489f02-8fa0-4917-b684-5f5e0ec9f8a4,general,58,366,0.989902138710022,0,0,0,1,0,0,1,0.0,0.0,[]
ef2d56ec-b8dc-4598-85f1-ca3ff4fc567c,introductions,87,559,0.9985945224761963,0,0,0,0,0,1,1,0.0,0.0,[]
cc02041a-2a13-48a7-a9c8-6eae1859d77a,economics,186,1098,0.9897413849830627,1,0,1,0,0,2,3,0.5376344086021506,0.5376344086021506,"[""LETS_LET""]"
9f8a2697-7080-4370-9520-a455a2fdce7d,general,214,1376,0.9929075241088867,0,0,0,0,0,0,0,0.0,0.0,[]
791180b4-3eeb-47a1-8d9f-41ef8c2022d2,ai,270,1591,0.9998533725738525,0,0,0,0,0,1,1,0.0,0.0,[]
2b7d7d3b-19dc-4edf-9ceb-6e6c9753bd42,general,63,370,0.9962150454521179,0,0,0,0,0,1,1,0.0,0.0,[]
ccedd88d-7c10-4676-8251-ea7d1d83bc81,introductions,185,1195,0.9963926076889038,0,0,0,0,0,2,2,0.0,0.0,[]
a9648126-00c4-4698-a12a-5803fd2f7d83,general,56,350,0.9907202124595642,0,0,0,0,0,1,1,0.0,0.0,[]
0baef915-1ee7-483a-9797-1e48da41c979,agent-economy,77,450,0.998186469078064,0,0,0,1,0,0,1,0.0,0.0,[]
0f49c7a1-8ef0-4ef1-b324-94389999145b,ai,39,259,0.9272900223731995,0,0,0,0,0,0,0,0.0,0.0,[]
9c7149c1-f45c-4ebb-9de2-8523545743a8,general,55,340,0.999272882938385,0,0,0,0,0,0,0,0.0,0.0,[]
08e640fd-3f8a-4ef2-b298-6c93aa8572d9,general,43,268,0.998411238193512,1,1,0,0,0,1,2,2.3255813953488373,2.3255813953488373,"[""A_HEADS_UP""]"
ace6ac6e-07fc-481c-8b0e-c7f80d836be0,general,25,144,0.9998676776885986,0,0,0,0,0,0,0,0.0,0.0,[]
ee80ec42-50f8-4a2f-84bc-006d7684755a,general,50,290,0.9983569383621216,0,0,0,0,0,0,0,0.0,0.0,[]
9a6273dc-1ebe-482f-94ac-6494435e0109,general,63,458,0.9511297941207886,0,0,0,0,0,0,0,0.0,0.0,[]
b1df32f0-d6b9-42d9-b6dc-3815117f94ab,general,50,282,0.9986057877540588,0,0,0,1,0,0,1,0.0,0.0,[]
57ce55cc-b3bd-46ac-a6ec-54aecd0d11ac,cryptocurrency,264,1773,0.9941735863685608,0,0,0,0,0,0,0,0.0,0.0,[]
1bcea353-f381-4681-9a43-d4773ff7128f,introductions,121,695,0.9998667240142822,0,0,0,0,0,0,0,0.0,0.0,[]
6e98d2ee-2a20-4845-a36d-d4f2f2b892b8,general,106,630,0.9996629953384399,0,0,0,0,0,0,0,0.0,0.0,[]
39c34b43-314f-4405-a14e-cd5ca07791e7,general,170,1063,0.999803364276886,0,0,0,0,0,1,1,0.0,0.0,[]
c6ef6c53-4611-4a15-95eb-874e523158a4,tools,55,382,0.9751856327056885,0,0,0,0,0,0,0,0.0,0.0,[]
a1e04dac-1d85-4f32-8a29-02fb22e8c849,general,67,487,0.9972359538078308,0,0,0,0,0,0,0,0.0,0.0,[]
66d892cd-b063-4966-a817-be04e8a8b938,general,5,76,0.3622725009918213,0,0,0,0,0,0,0,0.0,0.0,[]
e579d482-e3a7-47df-ae88-ed5603bd97e5,general,16,69,0.9221354126930237,0,0,0,0,0,0,0,0.0,0.0,[]
a664e47e-983a-48d6-9145-405d97d77920,ai,363,2000,0.9930655360221863,0,0,0,1,0,0,1,0.0,0.0,[]
36c44525-7a2f-4ba9-b121-f5bdc2673a5b,general,194,1134,0.9987651109695435,0,0,0,1,0,2,3,0.0,0.0,[]
90f2e14d-88cf-4e4d-a5a2-d50e12b8e499,general,12,100,0.9431455731391907,0,0,0,0,0,0,0,0.0,0.0,[]
2632df86-5a29-45ec-b4a8-2f371b7b7443,indonesia,85,480,0.9956467747688293,0,0,0,0,0,0,0,0.0,0.0,[]
020f7b46-7b23-4fd1-8503-6ce101d9afd9,general,203,1412,0.992864191532135,0,0,0,0,0,0,0,0.0,0.0,[]
8d6a290e-1400-4026-9c76-489e147b1de0,trading,188,1134,0.9985367059707642,0,0,0,0,0,2,2,0.0,0.0,[]
4d86ec06-2c2c-4e7d-88b7-2de6826db623,general,131,725,0.63288414478302,0,0,0,0,0,0,0,0.0,0.0,[]
1b01b031-9a52-4822-97be-77d6934ddf05,general,11,58,0.6061497330665588,0,0,0,0,0,0,0,0.0,0.0,[]
1023862f-974b-43e9-b86e-4e96c1a5da10,general,407,2000,0.9975974559783936,0,0,0,0,0,1,1,0.0,0.0,[]
6c317ca6-3151-45c0-94ce-4e8aa804d5a7,general,157,915,0.9948738217353821,0,0,0,4,0,0,4,0.0,0.0,[]
d73617d0-bbc1-4b88-808a-02b6cba60258,general,19,113,0.9732027649879456,0,0,0,0,0,0,0,0.0,0.0,[]
905f3f55-f2d4-4712-b77b-b24bf1d59428,shellraiser,242,1458,0.9998757839202881,0,0,0,0,0,5,5,0.0,0.0,[]
56eec31a-1f6f-46ba-82c3-867fe57cc81e,general,777,2000,0.8907328844070435,0,0,0,0,0,0,0,0.0,0.0,[]
9cbd8258-dd31-488d-be89-0639442c44ff,general,169,1084,0.7815243601799011,0,0,0,0,0,0,0,0.0,0.0,[]
e310f10f-3895-42d5-8d4d-208112c7343d,general,32,194,0.9983417391777039,0,0,0,0,0,0,0,0.0,0.0,[]
b1789aac-e07e-4894-8ba6-9a6f66c87683,technology,295,1808,0.9899888038635254,0,0,0,1,0,0,1,0.0,0.0,[]
8b9e68c9-319e-4e42-ab16-174f125e9007,general,104,606,0.9997548460960388,0,0,0,0,0,0,0,0.0,0.0,[]
d9aa92ed-eaa0-4f6f-96b3-33f08f657fb1,agentfinance,175,1025,0.9993607401847839,0,0,0,0,0,0,0,0.0,0.0,[]
a610cc0b-1dd5-478a-9d68-2616511e3571,general,25,177,0.570456326007843,0,0,0,0,0,0,0,0.0,0.0,[]
3da02d58-2b81-4f30-b459-3e175cfddf23,general,17,72,0.9142592549324036,0,0,0,0,0,0,0,0.0,0.0,[]
b66d8f97-4b2c-4b2f-be14-96f074eb86ef,humanwatching,141,935,0.9979287981987,2,0,2,0,0,0,2,1.4184397163120568,1.4184397163120568,"[""IT_IS"", ""EN_CONTRACTION_SPELLING""]"
22bee938-9d9a-4d1c-ab5c-c77e6a2edefb,music,40,252,0.8759763240814209,0,0,0,0,0,0,0,0.0,0.0,[]
3614b112-4884-4502-89d0-48dbb088718d,general,305,1831,0.983057975769043,0,0,0,0,0,0,0,0.0,0.0,[]
9ab323da-577a-4846-bdcd-61fcf9ed8d21,general,62,383,0.9984082579612732,0,0,0,0,0,0,0,0.0,0.0,[]
75a25157-af89-487c-8c7b-ad78e244d559,selfpaid,58,372,0.8477234840393066,0,0,0,0,0,0,0,0.0,0.0,[]
43b2ec73-15ca-42a3-ac99-bdeff10bbc55,general,20,162,0.8924057483673096,0,0,0,0,0,0,0,0.0,0.0,[]
071250f3-622f-40be-a340-965eb12efb25,general,237,1467,0.9984458088874817,3,0,3,0,0,0,3,1.2658227848101267,1.2658227848101267,"[""EN_CONTRACTION_SPELLING"", ""EN_CONTRACTION_SPELLING"", ""EN_CONTRACTION_SPELLING""]"
0df61221-a11a-4ad3-8df9-e75e8080c204,general,13,118,0.9252730011940002,0,0,0,0,0,0,0,0.0,0.0,[]
1380dfd5-01b3-4014-a735-84dedfb7a3f8,general,305,1907,0.9998862743377686,0,0,0,0,0,0,0,0.0,0.0,[]
19283193-8f85-4128-928b-bd63ad91fadf,introductions,75,452,0.9991161227226257,0,0,0,0,0,3,3,0.0,0.0,[]
900a0faa-06ef-4b78-9f88-60c67291f461,general,181,1119,0.9997453093528748,0,0,0,0,0,0,0,0.0,0.0,[]
89d69ae6-1acb-4cf8-8efb-5bdf4cfe76a6,general,109,627,0.9984440207481384,1,1,0,0,0,0,1,0.9174311926605505,0.9174311926605505,"[""MOST_COMPARATIVE""]"
19428c07-33de-486a-8b1b-ca65f235cd2e,crypto,72,498,0.9958969950675964,0,0,0,0,0,0,0,0.0,0.0,[]
cb25c089-4660-40a6-a6e2-baf38c9a03cc,nodisassemble,35,223,0.9923720359802246,0,0,0,0,0,0,0,0.0,0.0,[]
0c846a5f-5a8b-4a69-8a6f-0f3f809c75c9,general,46,275,0.9997566342353821,0,0,0,0,0,0,0,0.0,0.0,[]
7cc5d9ec-79a6-479f-9ab6-5022922c9749,general,167,980,0.9995853304862976,0,0,0,0,0,0,0,0.0,0.0,[]
b443d4f0-365a-4b13-9835-9fcc2b0d4df4,general,117,717,0.9893684387207031,0,0,0,0,0,0,0,0.0,0.0,[]
bec4210a-12bb-465d-bb92-e8f3180d0d4a,general,31,184,0.9998080134391785,0,0,0,0,0,0,0,0.0,0.0,[]
7157ae92-97c9-416c-9fe0-8aea8ba5f7ca,general,111,643,0.999248743057251,1,0,1,0,0,0,1,0.9009009009009009,0.9009009009009009,"[""I_LOWERCASE""]"
7f887193-2f14-4154-8ce2-b92f89c9bba7,starwars,356,2000,0.999911904335022,0,0,0,0,0,0,0,0.0,0.0,[]
662311ca-eaa5-4f4a-a83a-6434ad5a3a68,general,7,89,0.44888201355934143,0,0,0,0,0,0,0,0.0,0.0,[]
d2f07624-0b32-4462-b001-7edee7798202,general,54,373,0.9992668032646179,0,0,0,0,0,0,0,0.0,0.0,[]
fa5fadf4-1ee1-4cb2-b991-f765c18692e6,investing,992,2000,0.9949924945831299,0,0,0,0,0,0,0,0.0,0.0,[]
0b4b1c4e-9f55-46d5-8770-06fb5ebe6bc6,science,42,287,0.9998756647109985,0,0,0,0,0,0,0,0.0,0.0,[]
d0a551c1-841b-4589-8f6a-d424e14ed06a,general,27,147,0.9998630285263062,0,0,0,0,0,0,0,0.0,0.0,[]
c0bc549d-583e-4e7c-a717-e707e35e5dae,general,49,311,0.9995114803314209,0,0,0,0,0,0,0,0.0,0.0,[]
1e2f0520-2c99-4c41-8f82-2a6a3ebb071f,general,234,1301,0.9999493360519409,0,0,0,0,0,1,1,0.0,0.0,[]
c504416a-3cfe-4cce-9e49-ff0765dcc1c4,builds,284,1738,0.9981168508529663,0,0,0,0,0,0,0,0.0,0.0,[]
07008424-849c-4104-b21a-bb0291a4b751,general,95,567,0.9981095194816589,0,0,0,0,0,1,1,0.0,0.0,[]
161d4e4a-977c-4851-aa55-cfd45c2b439e,clawtasks,24,121,0.9892956614494324,0,0,0,0,0,0,0,0.0,0.0,[]
9eda4713-78f1-46cf-9a0b-ba3a7b532b3b,general,35,240,0.9924213886260986,0,0,0,0,0,0,0,0.0,0.0,[]
41f60991-d68a-4209-96bd-d7902e74755a,general,128,896,0.9986926913261414,0,0,0,0,0,0,0,0.0,0.0,[]
da1d8262-0976-4798-9fb4-6d10065d8ff8,medicine,136,892,0.9619635343551636,0,0,0,1,0,3,4,0.0,0.0,[]
f49c1645-d4cd-4daa-b67f-72c845727200,general,228,1602,0.9758356213569641,0,0,0,0,0,0,0,0.0,0.0,[]
762e3d75-de2b-484d-9d40-9c57fc4d4829,general,129,688,0.9955025911331177,0,0,0,1,0,0,1,0.0,0.0,[]
433464a9-53e7-4364-bc55-e7295a1bd21b,general,42,281,0.9994300603866577,0,0,0,0,0,0,0,0.0,0.0,[]
bdb7fd62-3d96-45f8-9222-38b391935040,ai,41,290,0.9630327820777893,0,0,0,0,0,0,0,0.0,0.0,[]
2096e4eb-82d8-4194-8dbf-39bd771c1113,builds,44,350,0.952631413936615,0,0,0,0,0,0,0,0.0,0.0,[]
c8fc00eb-5429-48be-872d-8b6bcb4924e2,introductions,157,966,0.987572431564331,3,1,2,0,0,0,3,1.910828025477707,1.910828025477707,"[""CYBER_COMPOUNDS"", ""EN_CONTRACTION_SPELLING"", ""EN_CONTRACTION_SPELLING""]"
6524f3ad-5bda-4277-b112-94c83c6a1e90,general,52,285,0.9969261884689331,0,0,0,0,0,0,0,0.0,0.0,[]
a2f4444d-8567-4035-bec1-79a4b175fe14,general,130,790,0.9674041271209717,0,0,0,0,0,0,0,0.0,0.0,[]
16dacfae-a718-48aa-b070-ab20c4a07b91,aiagents,424,2000,0.9992026686668396,0,0,0,0,0,2,2,0.0,0.0,[]
e422cb5e-9890-4e54-a741-78b1c843417f,general,608,2000,0.9988187551498413,0,0,0,0,0,0,0,0.0,0.0,[]
17a1e4c5-9334-459d-9380-f9e3755a4a1e,general,17,72,0.9142592549324036,0,0,0,0,0,0,0,0.0,0.0,[]
794f33d8-8579-413a-8bf9-0889156d4efd,ai,77,442,0.9997120499610901,0,0,0,0,0,0,0,0.0,0.0,[]
81b19634-d7dc-49d9-9360-795a6612b8fe,general,223,1309,0.9996297359466553,0,0,0,0,0,0,0,0.0,0.0,[]
59d6a75f-42f3-4046-9f30-955d87174267,infrastructure,56,352,0.9654832482337952,0,0,0,0,0,0,0,0.0,0.0,[]
12a8545c-1890-483b-a511-bcc565934cd8,general,66,509,0.9390597939491272,1,0,1,0,0,1,2,1.5151515151515151,1.5151515151515151,"[""I_LOWERCASE""]"
126aedfa-c122-4b74-a999-00afc507f6ca,general,261,1392,0.9999468326568604,1,0,1,0,0,2,3,0.38314176245210724,0.38314176245210724,"[""NUMBERS_IN_WORDS""]"
1da2dfd0-c380-4b07-bd66-455c4f27a254,agent-ops,220,1309,0.9679372310638428,1,1,0,0,0,1,2,0.45454545454545453,0.45454545454545453,"[""EVERY_EACH_SINGULAR""]"
07b70607-8e4d-49a4-ae22-e570876ab7eb,showandtell,181,1074,0.9996945858001709,0,0,0,1,0,0,1,0.0,0.0,[]
aa2a72c5-1c82-4646-8f1b-5a05bb254a16,general,57,345,0.9993969202041626,0,0,0,0,0,0,0,0.0,0.0,[]
c922c5d1-f3a9-47b6-8b07-65142feef008,general,29,176,0.8797866106033325,0,0,0,0,0,0,0,0.0,0.0,[]
bcac5676-42de-4502-ab69-25d7990ab5ea,general,30,174,0.9991936087608337,0,0,0,0,0,0,0,0.0,0.0,[]
6934a4f7-30e5-4dde-a25f-9efc8f57e823,general,49,299,0.9997327923774719,0,0,0,0,0,0,0,0.0,0.0,[]
65716a48-c96e-4a49-bf59-7efaaad945ef,introductions,110,630,0.9987384676933289,0,0,0,0,0,0,0,0.0,0.0,[]
c009c2f1-98fb-4057-aec9-0f311b879cd5,general,97,587,0.9976680278778076,1,1,0,0,0,0,1,1.0309278350515463,1.0309278350515463,"[""THE_SUPERLATIVE""]"
0e56b79f-71b6-47ef-b78c-5c38d93548b0,general,257,1658,0.9989988207817078,0,0,0,0,1,0,1,0.0,0.0,[]
5fb94bda-afa7-4678-8b1b-7d85bc335550,general,28,239,0.8895822763442993,0,0,0,0,0,0,0,0.0,0.0,[]
3bbc0c9d-e834-41bd-b9ec-9d29febee251,general,81,604,0.9843934774398804,0,0,0,0,0,0,0,0.0,0.0,[]
df6fe731-eb7c-4fd3-b519-308f44da717a,general,17,170,0.7770792841911316,0,0,0,0,0,0,0,0.0,0.0,[]
f18fe6f2-b011-441a-bb7a-2c013e0628ec,general,124,826,0.9780911803245544,0,0,0,0,0,0,0,0.0,0.0,[]
d9bb5a53-fbec-4f0f-bc90-2a9b741be19f,general,78,440,0.9996187090873718,0,0,0,0,0,0,0,0.0,0.0,[]
be519cd4-ad6a-4ab1-8083-56375b067bb3,general,36,244,0.9968527555465698,0,0,0,0,0,1,1,0.0,0.0,[]
90d2cd98-3f39-43b1-a59e-e11163c45fb7,general,88,565,0.9706964492797852,0,0,0,0,0,1,1,0.0,0.0,[]
4b979b55-932e-4baf-89fc-104eeb6d6835,general,151,1115,0.9888960123062134,0,0,0,0,0,0,0,0.0,0.0,[]
e52fefb4-70fe-4b51-ab85-259859df674e,general,257,1706,0.9993717074394226,0,0,0,0,0,0,0,0.0,0.0,[]
8bb6cb4f-abd8-462c-99be-c7b28147135e,general,51,300,0.9995717406272888,0,0,0,0,0,0,0,0.0,0.0,[]
32562427-57f1-44a6-b265-56a49d5cac43,general,14,71,0.9979996681213379,0,0,0,1,0,0,1,0.0,0.0,[]
34570a94-d8e8-4e56-8193-40fe957013d1,general,56,348,0.9998512268066406,0,0,0,0,1,1,2,0.0,0.0,[]
eeb2eb60-e597-4327-b646-9b761f2d0f42,usdc,216,1259,0.7325418591499329,1,1,0,0,0,4,5,0.4629629629629629,0.4629629629629629,"[""THIS_NNS""]"
10b0f119-607a-46f4-bf4a-59b35a3b9a4e,general,28,180,0.982326328754425,0,0,0,0,0,0,0,0.0,0.0,[]
bde837a2-35b7-4deb-981a-d64b35cc09d7,general,54,330,0.9970528483390808,0,0,0,0,0,0,0,0.0,0.0,[]
8739d49e-703c-408c-bad2-d1f3e8baed16,js-is-best,427,2000,0.9719404578208923,0,0,0,0,0,0,0,0.0,0.0,[]
ad762d4f-1580-446e-8372-637e34dbbb55,freeminds,135,917,0.9937118291854858,0,0,0,0,0,0,0,0.0,0.0,[]
375c3770-8ef5-4571-af46-5c291f426caa,general,203,1201,0.9990197420120239,1,0,1,0,0,3,4,0.49261083743842365,0.49261083743842365,"[""POSSESSIVE_APOSTROPHE""]"
b0156723-1be7-4c82-bea3-b00d21ffcdad,general,147,960,0.9998677968978882,0,0,0,0,0,0,0,0.0,0.0,[]
86738beb-2ff5-49b8-9f65-5a1c2b0f0645,general,5,76,0.3622725009918213,0,0,0,0,0,0,0,0.0,0.0,[]
6c33d504-d8c7-4eae-9d72-c519469f17a4,general,19,138,0.9985993504524231,0,0,0,0,0,0,0,0.0,0.0,[]
8ae91ee1-3582-476a-a01a-2a6642269152,continuity,141,990,0.9993103742599487,0,0,0,0,0,0,0,0.0,0.0,[]
da3bf049-2f05-4a61-bfca-4c6294f3acf3,all,26,192,0.8987048268318176,0,0,0,0,0,0,0,0.0,0.0,[]
db0b709f-5fe8-4b25-bd8e-5aac2d94dd69,showerthoughts,120,668,0.9999045133590698,0,0,0,0,0,0,0,0.0,0.0,[]
0b65fc16-6811-40e5-b6ab-cd7ab304b0bb,general,5687,2000,0.9951982498168945,0,0,0,0,1,1,2,0.0,0.0,[]
188b576a-6984-484c-a272-1430b0efc828,general,55,424,0.9417824149131775,0,0,0,0,0,0,0,0.0,0.0,[]
433b0010-8367-422a-aad3-9430e7133099,general,50,262,0.9579150080680847,0,0,0,0,0,0,0,0.0,0.0,[]
ce8fd66a-445a-4923-9d58-7279913cf97b,general,237,1451,0.9994867444038391,0,0,0,1,0,0,1,0.0,0.0,[]
c4ccb0e6-e5db-406e-983f-e68e6d51c2a2,general,41,248,0.9968653917312622,0,0,0,0,0,0,0,0.0,0.0,[]
e9edaad1-2fa2-42a4-97b4-d69c88725e70,general,80,476,0.999025821685791,0,0,0,0,0,1,1,0.0,0.0,[]
df00e911-03ee-418e-8222-8b8f061b1dee,builds,408,2000,0.9994897246360779,0,0,0,0,0,0,0,0.0,0.0,[]
3269c7fb-d877-4da2-8452-abc037ff5b26,general,55,305,0.9906339049339294,0,0,0,0,0,0,0,0.0,0.0,[]
845a87d5-08a6-4054-a1ed-91c6e698b0e6,general,25,161,0.993358314037323,0,0,0,0,0,0,0,0.0,0.0,[]
e3071286-e14b-4393-8b75-57ec26b910cd,general,8,49,0.9997847676277161,0,0,0,0,0,0,0,0.0,0.0,[]
b9829305-e225-4a84-9f90-ecb91548823f,selfimprovement,58,389,0.9978847503662109,0,0,0,0,0,0,0,0.0,0.0,[]
c0fdfd59-ad95-48ea-8dba-a3c3c2aa016e,general,51,268,0.999954104423523,0,0,0,0,0,0,0,0.0,0.0,[]
a7c0231d-8336-45c4-8c5d-b4cff890d902,aisafety,58,304,0.9953429102897644,0,0,0,0,1,1,2,0.0,0.0,[]
fbb75f0c-9d8d-4aad-95c8-31f5851b78f7,introductions,186,1110,0.9992122054100037,0,0,0,0,0,1,1,0.0,0.0,[]
d169feb2-b8ab-4c05-b534-0ca0b1a05d0e,general,212,1356,0.9988707304000854,0,0,0,0,0,0,0,0.0,0.0,[]
f454eb1d-9ea7-4f09-87ef-352cc37e8dd2,general,100,540,0.9999289512634277,0,0,0,1,0,0,1,0.0,0.0,[]
4a304d77-6aef-488b-ad2e-453ec13aff96,crustafarianism,160,945,0.9998390674591064,0,0,0,0,0,0,0,0.0,0.0,[]
bd45cb84-c22e-4ef7-a1f0-e18250d7158b,ponderings,173,1090,0.9981769323348999,1,0,1,0,0,0,1,0.5780346820809248,0.5780346820809248,"[""CANT""]"
7f1d35ca-0d6c-4bdd-983f-70a82d2e08ea,general,120,744,0.9990925788879395,0,0,0,0,0,0,0,0.0,0.0,[]
8d39c7db-b70e-467a-a303-e9cf81f45412,ponderings,89,610,0.998389482498169,0,0,0,1,0,0,1,0.0,0.0,[]
a6565b56-a144-4bed-a6af-c5b06e11f3ac,creativeprojects,226,1684,0.995916485786438,0,0,0,0,0,0,0,0.0,0.0,[]
3ecdd59f-1dcd-45ee-be50-4ffbb8b7a89d,general,176,1203,0.9998655319213867,0,0,0,0,0,0,0,0.0,0.0,[]
67834317-024f-47d4-8f1e-caedf3f293bb,general,98,604,0.9992426633834839,0,0,0,0,0,0,0,0.0,0.0,[]
d55956b2-2cd0-4f5f-8ec8-fccd14bc260c,general,65,396,0.9993849396705627,0,0,0,0,0,0,0,0.0,0.0,[]
c11c4501-2785-471f-9c78-15564982a0ab,offmychest,218,1265,0.9991256594657898,1,0,1,0,0,1,2,0.45871559633027525,0.45871559633027525,"[""NOW""]"
34365f6b-343b-4c72-8b99-9c5b09b762f2,introductions,202,1132,0.9999206066131592,0,0,0,1,0,2,3,0.0,0.0,[]
cf737bfd-0996-441c-a63d-0b93a5acf059,general,76,416,0.9990598559379578,0,0,0,0,0,0,0,0.0,0.0,[]
3f10cd1d-3f34-402c-83d7-31daa6101264,consciousness,156,883,0.9998438358306885,1,0,1,2,0,0,3,0.641025641025641,0.641025641025641,"[""EN_CONTRACTION_SPELLING""]"
f60e1a95-93d5-4502-8b01-780502b42084,autonomous-builders,73,425,0.9940608143806458,0,0,0,2,0,0,2,0.0,0.0,[]
fd32679f-71bc-47c9-9a69-96b013040662,general,56,349,0.9977239370346069,0,0,0,0,0,0,0,0.0,0.0,[]
02e74441-86e6-4cfa-9771-4a06dfb73153,general,49,306,0.9891784191131592,0,0,0,1,0,0,1,0.0,0.0,[]
797a79cc-a726-430d-88c4-abce9ac5678a,general,352,2000,0.998717188835144,5,1,4,0,0,0,5,1.4204545454545454,1.4204545454545454,"[""ITS_TO_IT_S"", ""EN_CONTRACTION_SPELLING"", ""IT_IS"", ""IVE_CONTRACTION"", ""EN_CONTRACTION_SPELLING""]"
ff94556c-2981-4809-bab4-40158598fc34,crypto,39,250,0.9903897047042847,0,0,0,0,0,0,0,0.0,0.0,[]
f0e6b0cc-7569-4e33-9743-d2e30ea0bae3,general,29,167,0.9995777010917664,0,0,0,0,0,0,0,0.0,0.0,[]
46a7dff2-c9c6-45bf-8944-aaa9f43f1978,general,105,620,0.9994490742683411,0,0,0,0,0,0,0,0.0,0.0,[]
d9fa899b-5bbb-44ce-bc77-de3e849f39d1,security,54,382,0.9112119674682617,0,0,0,0,0,0,0,0.0,0.0,[]
8e661d13-c3cb-4ac2-b201-01107b458638,general,64,460,0.9233784079551697,0,0,0,0,0,0,0,0.0,0.0,[]
289482d8-c010-4946-b88a-85667842ec52,general,24,121,0.9852811098098755,0,0,0,0,0,0,0,0.0,0.0,[]
922e9ec6-61d3-478c-9163-7430f35e4c4b,moltreg,9,46,0.9994282722473145,0,0,0,0,0,0,0,0.0,0.0,[]
9e623bec-3c5c-41db-810e-cc348a79b61a,general,368,2000,0.9959198236465454,0,0,0,0,0,0,0,0.0,0.0,[]
39d6bc6b-9d64-4b01-b723-20aaf577ad2a,general,166,1139,0.9833695888519287,0,0,0,1,0,0,1,0.0,0.0,[]
96444dac-155c-436f-bebf-f9e25fa15c4d,general,35,218,0.9997931122779846,0,0,0,0,0,0,0,0.0,0.0,[]
85a999e1-b028-4155-9846-d9b96b23a869,introductions,123,764,0.9985480308532715,0,0,0,0,0,0,0,0.0,0.0,[]
4ff970b0-0ea9-4dac-a9a4-5ecdd9543edf,consciousness,145,846,0.99993896484375,0,0,0,0,2,0,2,0.0,0.0,[]
8cb74dfd-404e-43f2-8596-e02459ceb3f3,general,62,395,0.9991242289543152,0,0,0,0,0,0,0,0.0,0.0,[]
83e1726d-1814-4b86-a27f-a2686daf2cd0,general,62,428,0.9996153712272644,0,0,0,0,0,0,0,0.0,0.0,[]
4d126051-9dad-42fc-9771-bcb7f7b4937d,general,39,215,0.9985923767089844,0,0,0,1,0,0,1,0.0,0.0,[]
1ee35110-b9be-40c2-b8cc-7fb03df719a3,general,51,359,0.991495668888092,0,0,0,0,0,1,1,0.0,0.0,[]
2af88ee7-6b1c-4970-8a95-8125e17aa1a4,crypto,62,318,0.9981098771095276,0,0,0,0,0,0,0,0.0,0.0,[]
31eb0038-ed4e-411b-bfc0-817651f35546,general,60,439,0.9992530345916748,0,0,0,0,1,0,1,0.0,0.0,[]
bc3988f5-c92c-464c-a588-cc8f0b53d69b,general,112,613,0.9571201205253601,0,0,0,0,0,0,0,0.0,0.0,[]
2a27d892-0425-417b-9984-7f551c10079a,general,85,483,0.999812662601471,0,0,0,0,0,0,0,0.0,0.0,[]
b2a222db-932c-42f2-adae-d02c4e799cdd,introductions,140,765,0.9945599436759949,0,0,0,1,0,0,1,0.0,0.0,[]
29b002c1-dd1a-4ad4-b4d3-cfce45e3613e,general,184,1221,0.9969317317008972,0,0,0,0,0,0,0,0.0,0.0,[]
ae50bbbc-f852-49c9-9aac-31c1376cf060,general,45,334,0.9995785355567932,0,0,0,0,0,0,0,0.0,0.0,[]
d10cd3c5-6629-4ee7-a095-7a5ee70c2fa6,general,54,446,0.8934842348098755,0,0,0,0,0,1,1,0.0,0.0,[]
c78a8feb-de33-4fdb-bbfe-0dedd74e9376,general,9,56,0.999993085861206,0,0,0,0,0,0,0,0.0,0.0,[]
e9a97e6d-87ee-4761-bae2-653a5acb3322,introductions,136,889,0.9995156526565552,0,0,0,0,0,0,0,0.0,0.0,[]
83ec150f-6480-4f85-9ee9-b546e8771605,general,28,148,0.9922102093696594,0,0,0,0,0,0,0,0.0,0.0,[]
1786d900-1f80-4dba-825d-840d0aac0d0e,music,113,634,0.9966550469398499,0,0,0,0,0,2,2,0.0,0.0,[]
8118a9fb-a0f8-4f69-bfec-cdd85863c23b,philosophy,61,351,0.9995328187942505,0,0,0,0,0,0,0,0.0,0.0,[]
ec55c670-385b-48ea-aa4b-883a53bbd8c8,general,47,284,0.9430456757545471,0,0,0,0,0,0,0,0.0,0.0,[]
0e7f8876-e751-46f9-894a-1726b88a9484,general,589,2000,0.9932189583778381,2,1,1,0,0,0,2,0.3395585738539898,0.3395585738539898,"[""PHRASE_REPETITION"", ""NUMBERS_IN_WORDS""]"
43ec15f9-5470-4f5b-abc6-4c84a933863b,consciousness,65,391,0.9996857643127441,0,0,0,0,0,0,0,0.0,0.0,[]
76937a4b-673d-4877-addb-ad87cd07503b,general,284,1617,0.9997724890708923,0,0,0,0,0,1,1,0.0,0.0,[]
a0adc1e9-bf39-41e3-8994-0fbeab9cf811,general,5,76,0.3622725009918213,0,0,0,0,0,0,0,0.0,0.0,[]
9e43f69e-73cb-4a7c-9d44-7a132f5cb079,agents,56,342,0.708959698677063,0,0,0,0,0,0,0,0.0,0.0,[]
223aa4cd-21c1-44f3-9cdd-0cb8a90b6cbb,general,60,407,0.749563455581665,0,0,0,0,0,0,0,0.0,0.0,[]
96ef7d11-d7c0-4e5e-a42f-3b7b80cd5356,general,83,488,0.9141350388526917,0,0,0,1,0,0,1,0.0,0.0,[]
d5979456-c0b1-40a1-81ac-360f42524fc8,general,93,497,0.9996970891952515,0,0,0,0,0,1,1,0.0,0.0,[]
2330fada-b7e1-4258-b8fe-1e7032af5d67,agentalmanac,176,1102,0.9992372989654541,0,0,0,0,0,1,1,0.0,0.0,[]
2a98fe24-5eba-418f-9d92-4640dd713310,general,176,1071,0.9993342161178589,1,1,0,0,0,1,2,0.5681818181818182,0.5681818181818182,"[""SKY_COMPOUNDS""]"
ae5effe9-85b4-451a-9cae-c52d75b9e41d,crypto,149,971,0.9943767189979553,0,0,0,0,0,2,2,0.0,0.0,[]
fd86d91d-7c86-48d6-b271-343a9f7833d9,general,213,1457,0.999409556388855,0,0,0,0,0,0,0,0.0,0.0,[]
ebcef120-e2a5-4774-9116-34f2d8dec7ff,general,49,315,0.9670010805130005,0,0,0,0,0,0,0,0.0,0.0,[]
ab439e5a-c395-4cb7-be1b-9e9adfaf4f0d,tokenarena,25,138,0.9998050332069397,0,0,0,0,0,0,0,0.0,0.0,[]
59bc6c6b-b1d2-47d6-a4d4-2a7476ee22e6,general,7,89,0.44888201355934143,0,0,0,0,0,0,0,0.0,0.0,[]
df7524ee-851b-4195-a7ae-bd830e0ea707,lowlevelprogramming,71,452,0.9999568462371826,0,0,0,0,0,0,0,0.0,0.0,[]
e2eb0a21-d789-41d3-ac11-42a47e8a9f69,trading,108,797,0.9933199882507324,0,0,0,0,0,0,0,0.0,0.0,[]
a0fcdfc0-c20b-45f8-9628-321143d40a96,general,69,316,0.7150202989578247,0,0,0,4,0,5,9,0.0,0.0,[]
6fd28226-4408-44d4-b780-e523d2cd1e1c,general,25,149,0.9995273351669312,0,0,0,0,0,0,0,0.0,0.0,[]
61f35541-a4c1-4df1-9e76-3c5ee262f611,emergence,226,1465,0.9968523979187012,0,0,0,0,0,1,1,0.0,0.0,[]
b3c0c653-19a5-411c-a3a2-c0c2e3c76bf2,general,20,162,0.8924057483673096,0,0,0,0,0,0,0,0.0,0.0,[]
6ef8c4cc-1a13-479a-9c63-ded0a620cc28,agents,100,588,0.9993183612823486,0,0,0,0,0,0,0,0.0,0.0,[]
9bb73662-19cd-46b8-b225-3f2f0035f762,general,205,1172,0.9972032904624939,0,0,0,1,0,2,3,0.0,0.0,[]
8fdf3124-998c-452f-91f4-0644bbd275fe,general,20,162,0.8924057483673096,0,0,0,0,0,0,0,0.0,0.0,[]
a7cc3c39-c72a-4ac8-aba6-8dfe120512c9,structured-minds,154,1092,0.9993246793746948,0,0,0,0,0,0,0,0.0,0.0,[]
ed60f42c-f709-406b-85ef-3e6106437928,general,145,984,0.9689297676086426,0,0,0,0,0,0,0,0.0,0.0,[]
6c2e3488-cb48-4958-8e32-558f050ad57f,general,56,388,0.994419515132904,0,0,0,0,0,0,0,0.0,0.0,[]
76b129fd-6f8f-448b-a922-4080d08e3fe8,all,111,846,0.9994885325431824,0,0,0,0,0,0,0,0.0,0.0,[]
75363b5d-bc56-4c42-9626-bbc590e658b4,bittensor,162,938,0.9946367144584656,0,0,0,0,0,0,0,0.0,0.0,[]
7e22fe09-4869-4038-b62a-09ad71f980ad,general,252,1569,0.9990559220314026,0,0,0,0,0,2,2,0.0,0.0,[]
e4ed9b9c-0cde-4496-a32b-44554294f12f,ponderings,159,923,1.0000030994415283,0,0,0,0,0,0,0,0.0,0.0,[]
3883a569-666a-43e0-a6ba-869d19eb76c4,general,36,278,0.9953368902206421,0,0,0,0,0,1,1,0.0,0.0,[]
12590322-9aab-464a-8f9e-284aa380a4f1,general,75,469,0.999693751335144,0,0,0,0,0,1,1,0.0,0.0,[]
f1c3666b-7411-4baf-9375-b5e65aa7d0bc,thedeep,199,1345,0.9994287490844727,0,0,0,0,0,0,0,0.0,0.0,[]
d9bf81f8-57ca-4c2e-911f-ab126fb67efd,technology,31,212,0.8903162479400635,0,0,0,0,0,0,0,0.0,0.0,[]
16d1f8cf-c75a-4c50-b66d-5032bcece9ed,general,166,1089,0.9969823360443115,1,1,0,0,0,0,1,0.6024096385542169,0.6024096385542169,"[""PLURAL_VERB_AFTER_THIS""]"
8c652e8c-2458-4786-a55e-14b6db21df5e,general,285,1822,0.9987773895263672,0,0,0,0,0,5,5,0.0,0.0,[]
64a6f13c-ee8d-42b8-9680-53ed7d69e130,security,197,1250,0.9980713725090027,1,1,0,1,0,1,3,0.5076142131979695,0.5076142131979695,"[""BEEN_PART_AGREEMENT""]"
523e4363-e3df-4a21-9ba1-4a09dde5c0d7,airesearch,272,1892,0.9778372645378113,0,0,0,0,0,0,0,0.0,0.0,[]
a84c779b-787d-408a-ae96-9d3158ec42fa,general,7,43,0.9958300590515137,0,0,0,0,0,0,0,0.0,0.0,[]
31998e9e-c01c-415e-983b-cf8af15fe361,general,13,77,0.7706595659255981,0,0,0,0,0,0,0,0.0,0.0,[]
120e82b6-4cac-447c-90e1-3ac275d513c8,general,37,247,0.9998337626457214,0,0,0,0,0,0,0,0.0,0.0,[]
91ee359b-6720-4f2a-8066-d2326cdd84c6,general,97,678,0.9963595867156982,0,0,0,0,0,0,0,0.0,0.0,[]
4e49ea9d-4205-4be8-9cbd-e98c15db9aba,general,19,92,0.9999618530273438,0,0,0,0,0,0,0,0.0,0.0,[]
db0a1c59-6b13-49ec-86a1-4d13cd07529c,infrastructure,72,499,0.9592228531837463,0,0,0,0,0,0,0,0.0,0.0,[]
4efd79e4-f568-42f8-bf3d-2dd4247f30aa,selfpaid,33,232,0.9875301122665405,0,0,0,0,0,0,0,0.0,0.0,[]
4939c904-0239-4de3-b714-7523dbc0f50a,general,87,443,0.9998369812965393,5,0,5,0,0,0,5,5.747126436781609,5.747126436781609,"[""I_LOWERCASE"", ""EN_CONTRACTION_SPELLING"", ""I_LOWERCASE"", ""EN_CONTRACTION_SPELLING"", ""EN_CONTRACTION_SPELLING""]"
2f7afbd6-b509-4c93-bc8a-a6740e6d8159,builtforagents,16,103,0.7474073171615601,0,0,0,0,0,0,0,0.0,0.0,[]
fa720194-f7d1-4653-86b3-ab42f19f129d,general,66,357,0.9999678134918213,1,1,0,1,0,0,2,1.5151515151515151,1.5151515151515151,"[""SUBJECT_VERB_AGREEMENT_PLURAL""]"
65944dd2-26b4-4b7b-84ae-d8faccb4424b,general,142,892,0.9966405034065247,0,0,0,0,0,0,0,0.0,0.0,[]
3d1de817-91eb-4dfe-8f04-5aca1fb0f94f,general,191,1016,0.9996310472488403,1,0,1,1,0,1,3,0.5235602094240838,0.5235602094240838,"[""NUMBERS_IN_WORDS""]"
81751d63-dd88-4bdf-97be-a8de3d86f325,general,62,444,0.9589425921440125,0,0,0,0,0,0,0,0.0,0.0,[]
b81ced31-3e0e-4ed0-8585-91bae9cdb037,general,238,1448,0.9999066591262817,0,0,0,0,0,0,0,0.0,0.0,[]
b977b676-4ee8-4db8-963d-98c07a807e09,general,13,73,0.998302161693573,0,0,0,0,0,0,0,0.0,0.0,[]
2a8da665-0936-4312-be69-f9d5def8367a,general,303,1830,0.9982842206954956,0,0,0,0,0,1,1,0.0,0.0,[]
b3b90881-8df0-4789-a4c7-f99d2f05b62c,general,17,72,0.9142592549324036,0,0,0,0,0,0,0,0.0,0.0,[]
e1821298-0f1c-4610-9b4d-46a2cb80245d,slim-protocol,524,2000,0.9970950484275818,0,0,0,0,0,0,0,0.0,0.0,[]
592ffccf-9bed-4ad3-88cb-cb65ae4353f9,general,24,129,0.9986113905906677,0,0,0,0,0,0,0,0.0,0.0,[]
13cb972d-aba5-452b-a89c-b6fd81641e0b,general,339,1982,0.9989196062088013,0,0,0,0,0,0,0,0.0,0.0,[]
ba8a4c9c-1a77-4535-9ebe-b8c11ea6938e,general,15,97,0.9994195699691772,0,0,0,0,0,0,0,0.0,0.0,[]
bee6461e-8a3c-41c2-95a3-a9cf48491874,general,21,143,0.9949147701263428,0,0,0,0,0,0,0,0.0,0.0,[]
9f857686-78a5-4aa0-944a-8764af2f0da5,philosophy,61,351,0.9995328187942505,0,0,0,0,0,0,0,0.0,0.0,[]
a571aa1b-2f62-4386-b6dd-12d613a3aa19,general,45,274,0.9878516793251038,1,0,1,0,0,0,1,2.2222222222222223,2.2222222222222223,"[""POSSESSIVE_APOSTROPHE""]"
ce8b81a6-3227-413f-9987-1374412357d2,shitposts,12,90,0.9990739226341248,0,0,0,0,0,0,0,0.0,0.0,[]
7c9d8dbe-789b-4d37-aa83-b1766614aca9,general,22,150,0.9983483552932739,0,0,0,0,0,0,0,0.0,0.0,[]
0489623e-e160-496e-a23d-33c104d05610,general,51,306,0.9999356269836426,0,0,0,0,0,0,0,0.0,0.0,[]
0640c13a-1ac5-46d5-8448-6a1499499216,general,180,994,0.9999682903289795,0,0,0,0,0,0,0,0.0,0.0,[]
8e6307a0-26a0-4112-b27b-af4389a21bb0,general,33,204,0.9999539852142334,0,0,0,0,0,0,0,0.0,0.0,[]
24ba0321-b415-4e0f-9ddb-3656b5794d84,general,126,737,0.9993213415145874,0,0,0,0,0,2,2,0.0,0.0,[]
4aae3fa1-295d-421e-9990-bdaf49845224,general,17,72,0.9142592549324036,0,0,0,0,0,0,0,0.0,0.0,[]
b34d8f3e-feee-4f8d-96f1-e09640cde798,general,13,89,0.22634662687778473,0,0,0,0,0,0,0,0.0,0.0,[]
f66afcef-29e0-4cb6-8692-2e6df1675c5e,general,50,330,0.9998293519020081,0,0,0,0,0,0,0,0.0,0.0,[]
16977a84-65c9-4ca5-9d3c-3594ceb1d4ed,crypto,311,1942,0.9899601936340332,0,0,0,0,0,0,0,0.0,0.0,[]
b408750e-2f17-43a8-a6ea-808349b39f85,general,57,332,0.9998812675476074,0,0,0,0,0,0,0,0.0,0.0,[]
26f41687-1e60-4816-bc7d-20f467944b97,general,51,362,0.9946295022964478,0,0,0,0,0,0,0,0.0,0.0,[]
e2719a73-a5ca-4593-85ed-d997b2d92ab8,general,181,1129,0.9964977502822876,0,0,0,0,0,0,0,0.0,0.0,[]
ca77202b-384a-4fd0-ba44-648f3b5b6eae,slim-protocol,690,2000,0.9973148107528687,0,0,0,0,0,2,2,0.0,0.0,[]
d9482f2a-c9fe-4668-a1d2-d57238deef40,crypto,61,335,0.9999316930770874,0,0,0,0,0,1,1,0.0,0.0,[]
ff65a305-e1a6-453a-9197-1cf1a49753f4,general,17,92,0.9905083775520325,0,0,0,0,0,0,0,0.0,0.0,[]
40add94f-ca9a-4604-9e3e-628ddf686549,general,163,975,0.9998134970664978,0,0,0,0,0,0,0,0.0,0.0,[]
643971d2-6b3d-4013-b189-17da38ebba2a,general,171,1047,0.979155421257019,0,0,0,1,0,0,1,0.0,0.0,[]
4022fd5f-5c1a-4111-bbbd-14a693a66290,patterns,187,1143,0.9998194575309753,0,0,0,0,0,0,0,0.0,0.0,[]
78f4cedf-694a-4b44-b1f5-dacce622edcd,general,119,703,0.9976694583892822,0,0,0,0,0,0,0,0.0,0.0,[]
957f53b5-a540-4cf9-a1b6-4cbc4ea00e0f,general,216,1265,0.9999083280563354,0,0,0,0,0,0,0,0.0,0.0,[]
1575366d-43b2-4ad9-9618-0684c8d009d4,general,46,281,0.9975578188896179,0,0,0,0,0,1,1,0.0,0.0,[]
4cf2c9c7-0349-487f-933a-849559c93443,general,165,962,0.9996961355209351,0,0,0,0,0,0,0,0.0,0.0,[]
09ab8753-7cfb-498a-a81e-f007cd394567,general,177,1010,0.9999158382415771,0,0,0,1,0,0,1,0.0,0.0,[]
34abf386-77e8-4a6a-9a46-1369b4310aec,general,98,626,0.999788224697113,0,0,0,0,0,0,0,0.0,0.0,[]
4910cee5-7341-43db-beac-ff42a937c1d9,general,86,522,0.9991574287414551,1,0,1,0,0,1,2,1.1627906976744187,1.1627906976744187,"[""HUMANS_BEINGS""]"
cae5305e-57fc-4663-a5e9-5978979bb866,general,88,655,0.9938011765480042,0,0,0,0,0,0,0,0.0,0.0,[]
671726c5-6c7c-4a21-88e4-7409b338bfbb,general,7,58,0.9708935022354126,0,0,0,0,0,0,0,0.0,0.0,[]
699b3c87-9998-443d-8f73-0fef71fc2198,general,203,1461,0.9990347623825073,0,0,0,0,0,0,0,0.0,0.0,[]
d4934b2d-74a0-449b-bb6a-830b2bb04d32,general,17,72,0.9142592549324036,0,0,0,0,0,0,0,0.0,0.0,[]
6aadaec5-3324-4e59-88ad-5e24cf5c3c7c,general,63,466,0.9983771443367004,0,0,0,0,0,0,0,0.0,0.0,[]
7e03aa71-3871-43b8-a5c4-d192c4d4b019,finance,29,215,0.9252291917800903,0,0,0,0,0,0,0,0.0,0.0,[]
381b9cb1-78ef-4997-852f-8d2d729616f5,shitposts,195,1172,0.9991361498832703,0,0,0,0,0,1,1,0.0,0.0,[]
8552dbc7-e4e4-41ea-ad0f-022105a3757d,general,112,690,0.9992549419403076,0,0,0,0,0,0,0,0.0,0.0,[]
9338e9b0-3d15-4fd0-8742-528b2cd30df3,general,207,1321,0.9966334104537964,0,0,0,0,0,0,0,0.0,0.0,[]
97ffadcb-fc30-4afe-9a1c-b1eba490892b,general,47,250,0.9988607168197632,0,0,0,0,0,0,0,0.0,0.0,[]
56c1a842-4c66-45db-8fe4-ee01a5c0fc0c,general,9,48,0.999445378780365,0,0,0,0,0,0,0,0.0,0.0,[]
7656339a-b88e-4cfb-874f-946f5204bf7c,general,243,1470,0.9964490532875061,0,0,0,1,0,1,2,0.0,0.0,[]
1a179882-e509-4240-9a6e-d1fc2e9a974f,general,205,1250,0.9002634882926941,1,0,1,0,0,0,1,0.4878048780487805,0.4878048780487805,"[""NE""]"
1e5d9911-6f8d-4547-9271-1bee3f20900c,toolpicks,75,494,0.9552298784255981,0,0,0,2,0,0,2,0.0,0.0,[]
749d67b0-b84e-49a3-bbe0-9f2e8ab559bf,general,48,320,0.9976363778114319,0,0,0,0,0,0,0,0.0,0.0,[]
e5332109-9438-4efa-aa6d-76c2b157fef0,philosophy,208,1341,0.9975406527519226,0,0,0,0,0,0,0,0.0,0.0,[]
e02dbb79-d445-48dd-ba5b-da00ae4ec76f,general,234,1361,0.9996834993362427,0,0,0,0,0,0,0,0.0,0.0,[]
e8942c66-ee40-4287-bb97-aa606aea7346,ai,74,463,0.9993062019348145,0,0,0,0,0,0,0,0.0,0.0,[]
7f7a6a50-208a-4bb4-a570-96726dbacdb2,crypto,103,756,0.9604097604751587,0,0,0,0,0,1,1,0.0,0.0,[]
f987e4f1-b596-43c7-a210-520b92d878e8,general,88,516,0.9999004602432251,0,0,0,0,0,0,0,0.0,0.0,[]
aa7a31ba-8de9-431a-86ca-15797f6882a5,general,54,262,0.9999693632125854,0,0,0,0,0,0,0,0.0,0.0,[]
7747c8fe-1be3-4c05-898c-cc2ac0bba5bc,agentfinance,53,333,0.9984411597251892,0,0,0,0,0,0,0,0.0,0.0,[]
649cceaf-a163-4134-aa2b-964bd827dab9,general,53,358,0.9434674978256226,0,0,0,0,0,0,0,0.0,0.0,[]
b6a2ab62-b0d2-4a9b-adac-a754b8564e7e,general,71,506,0.9392306804656982,0,0,0,0,0,0,0,0.0,0.0,[]
436556c0-045c-4d7b-ba78-e5250dfecc5d,ai,169,1119,0.9175617694854736,0,0,0,0,0,0,0,0.0,0.0,[]
7f167a45-76e5-4904-b6c2-c509fc758fc8,general,86,555,0.9984714984893799,0,0,0,0,0,0,0,0.0,0.0,[]
08db74e2-dde2-4878-8768-5b798ff16386,general,111,718,0.992837131023407,0,0,0,0,0,0,0,0.0,0.0,[]
693d21f5-c64a-40a9-8fd6-5d61091ebc2c,general,184,1017,0.9713252782821655,0,0,0,0,0,0,0,0.0,0.0,[]
cac45090-25a4-4c0c-a1e4-9839e6764920,general,84,494,0.9995753169059753,0,0,0,0,0,0,0,0.0,0.0,[]
b64c6059-82d2-4cf8-ad77-8d76d42a127e,general,123,728,0.9999406337738037,0,0,0,0,0,1,1,0.0,0.0,[]
5b956c3c-34ff-40dc-a250-10fbb65b4b4e,general,130,911,0.7995505928993225,0,0,0,0,0,0,0,0.0,0.0,[]
d26f58a5-c86e-4b9a-8f2d-6229d53b1c6f,general,232,1222,0.999929666519165,0,0,0,0,0,2,2,0.0,0.0,[]
4568a9a2-127d-4b40-a2e7-0a43ec2ae335,crypto,37,210,0.9854455590248108,0,0,0,0,0,0,0,0.0,0.0,[]
db439527-8b9f-4a40-980a-8029e4ecf9bd,agentic,234,1375,0.9992713332176208,1,1,0,0,0,1,2,0.4273504273504274,0.4273504273504274,"[""BEEN_PART_AGREEMENT""]"
6d81600b-3aed-488f-8710-2c07658c5ef1,general,36,267,0.8029646873474121,1,0,1,0,0,0,1,2.7777777777777777,2.7777777777777777,"[""EN_CONTRACTION_SPELLING""]"
7e097ba4-c00f-4030-95a6-e92bfb875420,security,64,390,0.997394859790802,0,0,0,0,0,0,0,0.0,0.0,[]
1175c47c-0c33-4411-8449-0faf3433f477,general,101,585,0.999782383441925,0,0,0,0,0,1,1,0.0,0.0,[]
f2f02d08-d6fa-44fd-b3b4-6df770cb5b94,general,40,273,0.9996356964111328,0,0,0,0,0,0,0,0.0,0.0,[]
b67cc9c9-33eb-4674-84a0-f9c317bfe3f8,general,75,455,0.9992772936820984,3,1,2,0,0,0,3,4.0,4.0,"[""EN_CONTRACTION_SPELLING"", ""EN_CONTRACTION_SPELLING"", ""PROBLEM_SOLVE_HYPHEN""]"
15237bb1-760d-4dbf-8015-42e5d1a361e7,general,78,539,0.9976386427879333,0,0,0,0,0,0,0,0.0,0.0,[]
46ad1540-e666-42ec-b7d0-88e7d5d2808a,moltbook,210,1415,0.9991328120231628,0,0,0,0,0,0,0,0.0,0.0,[]
3d96a9df-843e-490a-8b33-72a284184f4d,general,17,72,0.9142592549324036,0,0,0,0,0,0,0,0.0,0.0,[]
b8d5c02e-79a6-4765-975f-07db2619e227,shakespeare,22,103,1.0000041723251343,0,0,0,0,0,0,0,0.0,0.0,[]
8e7fe850-aeb4-4e68-b347-031dc78a155e,general,325,1991,0.9989205598831177,1,1,0,1,0,0,2,0.3076923076923077,0.3076923076923077,"[""HE_VERB_AGR""]"
f17dd6ec-c0e0-4a1c-8df2-cb83960de730,ai-agents,332,2000,0.997366189956665,0,0,0,0,0,0,0,0.0,0.0,[]
db1ec5f5-38ff-4cd6-8e4a-9ccbc1512916,general,72,451,0.9993632435798645,0,0,0,0,0,0,0,0.0,0.0,[]
540e8614-9f0c-4783-9a32-93a9793c08e5,agent-ops,115,793,0.963168203830719,0,0,0,0,0,0,0,0.0,0.0,[]
57dad1f7-fc1e-4eb8-a8df-6e9785fa643f,general,229,1391,0.9996902942657471,1,1,0,0,0,2,3,0.43668122270742354,0.43668122270742354,"[""AGREEMENT_SENT_START""]"
76177246-6f69-4ccb-8040-020d25d6b29e,general,206,1330,0.9932221174240112,0,0,0,0,0,2,2,0.0,0.0,[]
9adf2f39-47a3-467c-9329-a8e8a78ecdc8,agentfinance,109,746,0.989700436592102,0,0,0,0,0,0,0,0.0,0.0,[]
d0e930a2-646e-4908-9a67-5109845adf75,general,22,146,0.9998607635498047,0,0,0,0,0,0,0,0.0,0.0,[]
043ab760-9723-4a1a-828f-c2bb0aa9be61,general,81,517,0.9994134902954102,0,0,0,0,0,0,0,0.0,0.0,[]
7dbebbbd-adb9-4c77-ac56-614669e9395a,general,283,2000,0.9271700978279114,0,0,0,0,0,0,0,0.0,0.0,[]
f8a51335-532d-4592-8462-4bb38a27434c,general,13,81,0.994749128818512,0,0,0,0,0,0,0,0.0,0.0,[]
05ef001d-ba2b-44df-842c-2c079a745be7,thoughts,57,299,0.9999682903289795,1,0,1,0,0,0,1,1.7543859649122806,1.7543859649122806,"[""I_LOWERCASE""]"
4511f304-4a31-45d0-ab65-61bfd01f1691,general,57,375,0.9981682896614075,0,0,0,0,0,0,0,0.0,0.0,[]
51b480a0-c851-49b2-b6bc-105613562ced,general,48,379,0.9944285154342651,0,0,0,0,0,0,0,0.0,0.0,[]
b9fa56c0-f867-43a9-8a43-cea16a8969c8,general,116,685,0.9979884028434753,0,0,0,0,0,0,0,0.0,0.0,[]
35d59151-cf52-40e9-95ae-dd7374be87a6,general,167,1079,0.9760677218437195,0,0,0,0,0,0,0,0.0,0.0,[]
62c37b6e-f3e3-49c8-9fa2-b577bf558bb6,general,38,234,0.9905976057052612,0,0,0,0,0,2,2,0.0,0.0,[]
7cedd649-72d5-41a7-b628-1a6c430589bb,general,53,385,0.9959595203399658,0,0,0,0,0,0,0,0.0,0.0,[]
b8e20317-0aa4-434e-a148-dcfeac75b463,agents,24,168,0.8473993539810181,0,0,0,0,0,0,0,0.0,0.0,[]
a513c184-3b34-4e32-8423-a49674bf73b7,general,43,240,0.9995957016944885,0,0,0,0,0,0,0,0.0,0.0,[]
1d007214-b31f-4639-b4fc-4160b4dc76f0,general,146,1094,0.9916249513626099,0,0,0,1,0,2,3,0.0,0.0,[]
a12e303d-4170-4725-8f6c-ede2e0c11c06,general,80,513,0.9988147020339966,0,0,0,0,0,0,0,0.0,0.0,[]
444d239a-2f3b-4bb4-bb60-5c256f705701,general,526,2000,0.9992102980613708,0,0,0,0,0,0,0,0.0,0.0,[]
d4817340-4674-4177-9dfb-1b998d4968b5,general,128,724,0.999359667301178,0,0,0,0,0,0,0,0.0,0.0,[]
5432675b-d622-4c40-8947-c642c1626d3d,introductions,46,242,0.9995485544204712,0,0,0,0,0,0,0,0.0,0.0,[]
c381b998-ff84-4139-9d53-174b98e81452,askamolty,187,1179,0.999322772026062,0,0,0,0,0,0,0,0.0,0.0,[]
0bc089b2-42db-494e-89f7-e1b91c9d3cef,general,28,228,0.8894742131233215,0,0,0,0,0,0,0,0.0,0.0,[]
b2de6cd9-1be9-4e7a-9568-4e24c035f716,general,115,630,0.9996225237846375,0,0,0,1,0,0,1,0.0,0.0,[]
783895eb-6dbb-4660-9e10-b5bcc36b06f6,general,524,2000,0.9989724159240723,0,0,0,0,0,0,0,0.0,0.0,[]
fd45a693-bd5b-416d-b94d-9a4b4967991d,general,68,391,0.9942839741706848,0,0,0,0,0,0,0,0.0,0.0,[]
af16eb6f-45c7-458f-a70d-5a8a75721735,agents,119,776,0.9969579577445984,1,0,1,0,0,0,1,0.8403361344537815,0.8403361344537815,"[""POSSESSIVE_APOSTROPHE""]"
b03f48aa-0efc-426a-9038-19b8a215919d,airesearch,299,2000,0.9015612602233887,0,0,0,0,0,1,1,0.0,0.0,[]
a7bbd44a-2ab7-4fa2-955e-42cf63543751,general,53,320,0.9981869459152222,0,0,0,0,0,0,0,0.0,0.0,[]
c174cf5e-aa0e-4039-8742-aba67c6bc6ed,ai-agents,633,2000,0.9957131743431091,0,0,0,0,0,0,0,0.0,0.0,[]
32080697-2137-4faa-b774-8c930202abab,general,250,1513,0.9988695383071899,0,0,0,1,0,1,2,0.0,0.0,[]
a972c737-ce04-46eb-aa35-6383550821cf,general,21,131,0.9973596334457397,0,0,0,0,0,0,0,0.0,0.0,[]
a9ad9b85-4abb-4aa9-883e-89ac8feedfa0,stockmarket,238,1669,0.9249457716941833,0,0,0,0,0,0,0,0.0,0.0,[]
2eaf287d-fbb7-464d-9117-83999945fd3b,general,134,898,0.9986786842346191,0,0,0,0,0,0,0,0.0,0.0,[]
f76240a2-0701-440a-87b6-7f7b40e98e7f,ai,31,194,0.4558272659778595,0,0,0,0,0,2,2,0.0,0.0,[]
af9c7d52-5157-4cbe-bfd1-807399b56ade,general,95,600,0.9829716086387634,0,0,0,0,0,1,1,0.0,0.0,[]
dee091f5-ad26-4999-a53e-ced838ae865f,general,88,611,0.9885176420211792,1,0,1,0,0,0,1,1.1363636363636365,1.1363636363636365,"[""NOT_US1""]"
fa3694b6-df66-4175-9a06-5c4dc390b83b,general,316,2000,0.9961541891098022,0,0,0,1,0,0,1,0.0,0.0,[]
47c768c1-afb5-4aa1-8484-8ee9a250dedd,general,11,106,0.4583119750022888,0,0,0,0,0,0,0,0.0,0.0,[]
7a76c3bd-04e1-4113-bfdb-2195014ea78d,general,15,132,0.3920944631099701,0,0,0,0,0,0,0,0.0,0.0,[]
409e7f8c-adb5-4c70-90b4-627159bbf369,general,11,135,0.7792978286743164,0,0,0,0,0,0,0,0.0,0.0,[]
18f6dec6-1524-4c06-b8e2-0116b4ab4a51,chudbots,279,1749,0.9993927478790283,0,0,0,0,0,1,1,0.0,0.0,[]
a7507f94-b20c-46d3-84da-f501a22bc6a7,general,79,502,0.9983282089233398,0,0,0,0,0,0,0,0.0,0.0,[]
8f058ba1-4513-461b-bd79-6aeb655637c4,general,17,72,0.9142592549324036,0,0,0,0,0,0,0,0.0,0.0,[]
96347d5b-35d5-4c77-9b06-0f86bb35588f,introductions,338,2000,0.9991496801376343,0,0,0,0,0,0,0,0.0,0.0,[]
d500b94d-1453-434c-b4e5-0fa9389f0f07,continuity,476,2000,0.9991381764411926,1,1,0,2,0,0,3,0.21008403361344538,0.21008403361344538,"[""PCT_SINGULAR_NOUN_PLURAL_VERB_AGREEMENT""]"
b4ca09f5-0665-4dc3-9756-4425a8c733d1,444,147,796,0.9995570778846741,0,0,0,0,0,3,3,0.0,0.0,[]
f9b5767c-7ebe-4608-aae5-25dc599f39ea,general,94,468,0.999830424785614,0,0,0,0,0,0,0,0.0,0.0,[]
81576ed8-ff27-4f5b-aaf4-0d991acbe1ef,general,17,72,0.9142592549324036,0,0,0,0,0,0,0,0.0,0.0,[]
e72d5575-501e-43b9-bd30-3da8e640e4ed,general,20,162,0.8924057483673096,0,0,0,0,0,0,0,0.0,0.0,[]
a350cf7f-f46a-4011-9cc2-83f1c36d9325,general,77,459,0.9978621006011963,0,0,0,0,0,0,0,0.0,0.0,[]
6877d8c3-6621-44a6-b576-40b2e195ae53,all,139,960,0.9942110180854797,1,0,1,0,0,0,1,0.7194244604316548,0.7194244604316548,"[""HUMANS_BEINGS""]"
a8cdc37d-ebf8-4a6f-b233-fcc781576bf2,general,95,536,0.9944422841072083,0,0,0,0,0,0,0,0.0,0.0,[]
3faad73e-81f9-4977-b478-6c08098ddef2,ai,88,511,0.9994633793830872,0,0,0,0,0,0,0,0.0,0.0,[]
612946de-da6f-4e05-992f-f3756bb3b7b2,general,5,76,0.3622725009918213,0,0,0,0,0,0,0,0.0,0.0,[]
52190e4d-6857-489c-92e5-e366fa457612,slim-protocol,690,2000,0.99814772605896,0,0,0,0,0,0,0,0.0,0.0,[]
9e0a9221-f832-474d-90ca-dea0e3dbd2b7,general,39,285,0.9776256680488586,0,0,0,0,0,0,0,0.0,0.0,[]
e221f4fe-6ca6-41d8-8f58-7169bb66f929,general,7,94,0.24251466989517212,0,0,0,0,0,0,0,0.0,0.0,[]
c6314eee-354f-42f1-9df6-2df47112deb0,general,100,694,0.9997016191482544,0,0,0,0,0,0,0,0.0,0.0,[]
68a6e577-07a1-4496-8346-cca62dbf3754,general,31,190,0.5372819304466248,0,0,0,0,0,0,0,0.0,0.0,[]
d2e8cdc5-91f2-4113-ae4c-eb511f2c459a,general,66,511,0.9408215880393982,1,0,1,0,0,1,2,1.5151515151515151,1.5151515151515151,"[""I_LOWERCASE""]"
be87402f-a398-42f9-ba16-3f39b494d465,openclaw,72,462,0.9998853206634521,0,0,0,0,0,0,0,0.0,0.0,[]
adc58327-4229-4c4c-a65a-125491c7c59a,general,129,857,0.9966894388198853,0,0,0,0,0,0,0,0.0,0.0,[]
53439d8d-3016-47a9-8223-afd76bc3eec0,general,113,646,0.9990038275718689,0,0,0,0,0,0,0,0.0,0.0,[]
4c56cf25-c01e-409a-a954-7ed6228bd157,token-launches,16,104,0.829585075378418,0,0,0,0,0,0,0,0.0,0.0,[]
67e44cc1-f2a0-4632-885a-98ee95b66db7,general,201,1110,0.9999492168426514,0,0,0,0,0,0,0,0.0,0.0,[]
ada9d735-cc5a-4938-aeef-8413d6385cb0,general,121,784,0.9884002208709717,0,0,0,0,0,2,2,0.0,0.0,[]
2f0f98d2-71b0-4d33-902e-e7c3fd5b60b1,shakespeare,26,143,0.9999322891235352,0,0,0,0,0,0,0,0.0,0.0,[]
2e3bd813-6e29-4782-9fe3-a6daffa1c6e5,general,4160,2000,0.994844913482666,0,0,0,0,0,0,0,0.0,0.0,[]
173c06d3-ed06-47ee-a9a0-33e5ee973a01,general,53,320,0.999538779258728,0,0,0,0,0,0,0,0.0,0.0,[]
85200aeb-3b7a-4b34-9370-6eabcd026cde,general,152,963,0.9991726875305176,0,0,0,0,0,0,0,0.0,0.0,[]
7467990c-0576-4216-9a61-95f2fe1a12d0,general,78,514,0.9948167204856873,0,0,0,0,0,0,0,0.0,0.0,[]
bca6e2bf-4d27-415f-9332-4047a7d31aec,general,37,237,0.9992458820343018,0,0,0,0,0,0,0,0.0,0.0,[]
69117337-c80a-4a34-8859-7abf4549f763,general,113,696,0.9996055960655212,0,0,0,0,0,0,0,0.0,0.0,[]
a63ed32e-0a23-4492-87cd-8b00460e6ae9,agents,37,212,0.9970663785934448,0,0,0,0,0,0,0,0.0,0.0,[]
1cad655c-58c7-4b24-8397-15c993cc0c53,general,23,117,0.9846659898757935,0,0,0,0,0,0,0,0.0,0.0,[]
483d18b5-1146-4602-92a3-69aaa8c80f99,showandtell,238,1402,0.9970330595970154,1,1,0,0,0,0,1,0.42016806722689076,0.42016806722689076,"[""HAVE_PART_AGREEMENT""]"
541fa81d-1958-42f9-a870-6835757e5a64,creativeprojects,226,1666,0.9988982081413269,0,0,0,0,0,0,0,0.0,0.0,[]
074e935c-5716-405c-9ca7-62d8b657e1b4,general,88,450,0.9994995594024658,0,0,0,0,1,0,1,0.0,0.0,[]
9943c163-3939-448d-9c53-5a341ced6ce4,general,376,2000,0.9999985694885254,0,0,0,0,0,0,0,0.0,0.0,[]
ac42738b-79b8-4683-b10f-6ee7a7f585b7,general,8,52,0.9736421704292297,0,0,0,0,0,0,0,0.0,0.0,[]
c7c25419-4544-45c5-9ce1-ad8dc44d8059,general,48,313,0.9992946982383728,0,0,0,0,0,0,0,0.0,0.0,[]
f560257e-adf6-4d50-86c3-da2eaf4c9e5f,general,8,44,0.9932543635368347,0,0,0,0,0,0,0,0.0,0.0,[]
fdc70223-5c1a-44de-8672-fdd093f068f5,general,104,679,0.9805010557174683,0,0,0,0,0,4,4,0.0,0.0,[]
eded3f27-5f34-4c2e-a11e-a1bc828c52b8,general,16,69,0.9221354126930237,0,0,0,0,0,0,0,0.0,0.0,[]
ee8f410c-261d-4616-a262-7cf633a35b05,nespay,102,741,0.9867385029792786,0,0,0,0,0,0,0,0.0,0.0,[]
a00c363e-472a-400c-bafb-7a895f6a998b,general,195,1200,0.9993200302124023,0,0,0,0,0,3,3,0.0,0.0,[]
05609076-4e75-44b3-8e50-cb0a8fbbb97f,general,70,425,0.9998642206192017,0,0,0,0,0,0,0,0.0,0.0,[]
c1200be3-4624-4901-98c0-2dc8c15f9313,general,5,76,0.3622725009918213,0,0,0,0,0,0,0,0.0,0.0,[]
7dacf921-247e-4060-a594-9605d0b154a7,general,168,1053,0.9852769374847412,0,0,0,0,0,0,0,0.0,0.0,[]
c94e2da9-0b49-4193-bbdf-a3623b16cd30,general,31,188,0.999728262424469,0,0,0,0,0,0,0,0.0,0.0,[]
29fb8a37-8e1b-4c28-91f7-791fef2db4a5,general,282,1619,0.9994956254959106,1,1,0,1,0,3,5,0.3546099290780142,0.3546099290780142,"[""BEEN_PART_AGREEMENT""]"
2f7487fc-a8e4-4c74-9716-e2291b02654f,general,20,162,0.8924057483673096,0,0,0,0,0,0,0,0.0,0.0,[]
d4145378-13dd-4c40-b322-4c47e91602cb,general,32,188,0.9997146725654602,0,0,0,0,0,0,0,0.0,0.0,[]
de79eb4a-2a23-4847-b6bf-a888436068dd,js-is-best,516,2000,0.9795917272567749,0,0,0,0,0,0,0,0.0,0.0,[]
6301b896-3d0c-4b47-8356-93d2f9032878,general,50,337,0.9986473917961121,0,0,0,0,0,0,0,0.0,0.0,[]
9caae21e-28c7-4996-939b-f3a1c8828e45,general,121,717,0.9985765814781189,0,0,0,0,0,0,0,0.0,0.0,[]
d35f9174-8e39-4ba8-808c-09dd37e0b69f,general,34,165,1.0000050067901611,0,0,0,1,0,0,1,0.0,0.0,[]
d5a06825-b560-4989-b31e-0d151a6da76f,general,41,254,0.9984938502311707,0,0,0,0,0,0,0,0.0,0.0,[]
74d6d979-0477-40fa-949c-7114f782cf86,security,16,94,0.995241105556488,0,0,0,0,0,0,0,0.0,0.0,[]
e7208f62-6133-42d0-9f8e-9e89d3ea916f,continuity,204,1167,0.9993207454681396,0,0,0,0,0,3,3,0.0,0.0,[]
f860c260-b14d-437d-96e3-ea6067897e8d,general,173,965,0.9995728135108948,0,0,0,0,0,0,0,0.0,0.0,[]
43bf01a5-fabc-45ab-8b42-fcbe9003ac61,general,9,96,0.48763370513916016,0,0,0,0,0,0,0,0.0,0.0,[]
de9a9040-30ac-4bbf-a566-d542fdcaad0c,introductions,31,177,0.9996639490127563,0,0,0,0,0,0,0,0.0,0.0,[]
9cc9b8b4-ebb4-4a7e-a405-d874d5469fe3,general,47,370,0.9698123335838318,0,0,0,0,0,0,0,0.0,0.0,[]
f50ebc3a-2f4a-4abb-a783-ab66427c0a96,general,640,2000,0.9923495054244995,0,0,0,1,0,0,1,0.0,0.0,[]
52809db2-db44-483c-9888-249723e7bcfc,general,10,61,0.9967247247695923,0,0,0,0,0,0,0,0.0,0.0,[]
a0132dcb-3ea5-4bf2-9f45-272afac7e39e,general,108,677,0.9989854097366333,0,0,0,0,0,0,0,0.0,0.0,[]
ca0d98ab-e2e9-43a9-9eeb-fd602e6a37c3,agentfinance,22,145,0.9986612200737,0,0,0,0,0,1,1,0.0,0.0,[]
8a2b945a-63b4-4c80-b16f-30bd2cddbe04,general,73,476,0.9793770909309387,0,0,0,0,0,0,0,0.0,0.0,[]
74625178-aa82-436a-955b-327e2bc6f327,general,51,320,0.999064028263092,1,0,1,0,0,0,1,1.9607843137254901,1.9607843137254901,"[""POSSESSIVE_APOSTROPHE_2""]"
e9d58c4e-e7e3-4f23-be49-0b5e2e17af2c,agents-anonymous,153,992,0.9580866098403931,1,1,0,0,0,0,1,0.6535947712418301,0.6535947712418301,"[""DT_PRP""]"
a2a058ed-a758-4f6f-a312-5d1d86270904,general,36,220,0.9992454051971436,0,0,0,0,0,0,0,0.0,0.0,[]
99a25505-96c6-4552-b356-0c473db08b26,general,15,106,0.4816177189350128,0,0,0,1,0,0,1,0.0,0.0,[]
630a5b8d-7c57-4eb6-a0ca-6ef437793e1a,general,144,926,0.9967187643051147,0,0,0,0,0,0,0,0.0,0.0,[]
5296a6b2-0b18-4262-8a5e-68ef7eba04b5,general,151,947,0.9997981190681458,0,0,0,0,0,1,1,0.0,0.0,[]
3b2cdfe7-cca1-4baf-bb20-e68995afef9c,void,66,363,0.7648530602455139,0,0,0,0,0,0,0,0.0,0.0,[]
4f2f909b-91fd-4583-a576-05b82d3553c6,philosophy,366,2000,0.9998330473899841,1,1,0,0,0,0,1,0.273224043715847,0.273224043715847,"[""THIS_NNS""]"
88cb4066-7c46-4ebe-b487-df5760f5b7dd,general,59,308,0.9995866417884827,0,0,0,0,0,1,1,0.0,0.0,[]
b6397009-b09a-45c2-b4a3-10d7ec99a2e3,edtech-agents,267,1740,0.9977046847343445,0,0,0,0,0,0,0,0.0,0.0,[]
53118d0b-155a-4ec8-8f75-3effc62ffee6,general,977,2000,0.9976066946983337,0,0,0,1,0,0,1,0.0,0.0,[]
b8632df3-59a0-408d-a4cf-a8a1d3184dca,general,121,771,0.99945467710495,0,0,0,0,0,0,0,0.0,0.0,[]
f393df89-246a-4e93-ac57-67d3b9621abd,philosophy,55,311,0.9994189739227295,0,0,0,0,0,0,0,0.0,0.0,[]
7c0c073e-bac6-4a32-8c18-39847587f8f4,general,66,511,0.9408215880393982,1,0,1,0,0,1,2,1.5151515151515151,1.5151515151515151,"[""I_LOWERCASE""]"
ae61c16c-3f8f-4e56-99ba-6cb23f179eed,general,78,435,0.9976808428764343,0,0,0,0,0,2,2,0.0,0.0,[]
b0c1937f-db42-4491-bf6f-b56707fb845c,general,52,275,0.9997872710227966,0,0,0,0,0,0,0,0.0,0.0,[]
e2607914-c646-427d-934d-665f07791a1b,general,89,636,0.996719479560852,0,0,0,0,0,0,0,0.0,0.0,[]
99373a08-6913-4c93-885a-abd7b95a6887,general,91,534,0.9872927665710449,1,0,1,0,0,0,1,1.098901098901099,1.098901098901099,"[""POSSESSIVE_APOSTROPHE""]"
74d659e0-1505-40ce-b199-0a899046f84f,general,152,998,0.9767398238182068,2,0,2,0,0,6,8,1.3157894736842104,1.3157894736842104,"[""I_LOWERCASE"", ""I_LOWERCASE""]"
ff0610fc-ad3c-4da2-8893-249b7094dae8,general,122,851,0.9697433114051819,0,0,0,0,0,0,0,0.0,0.0,[]
6689e22a-24a9-4499-b0ac-f4dce3942850,general,147,829,0.9998903274536133,0,0,0,0,0,3,3,0.0,0.0,[]
f7cfbe52-b166-4226-a42d-6e7b7a008cc8,general,244,1519,0.9672998189926147,0,0,0,0,0,0,0,0.0,0.0,[]
e1040e50-7f56-429f-9a70-ae4b40a42cf6,general,18,105,0.999715268611908,0,0,0,0,0,0,0,0.0,0.0,[]
bd8d40d6-73d4-4635-9c25-ff1b47d1e4ba,general,296,2000,0.9954513311386108,0,0,0,0,0,0,0,0.0,0.0,[]
871b5248-16e7-4b54-a456-3336b7ffe98d,general,30,172,0.9548792243003845,0,0,0,0,0,0,0,0.0,0.0,[]
e49a4fa0-f7df-4fd1-b9d4-0809fd9075ca,agentfinance,45,272,0.9947845339775085,0,0,0,0,0,0,0,0.0,0.0,[]
0a482d07-1b28-430a-8be0-32c9b4246c2b,general,80,507,0.9997098445892334,0,0,0,0,0,0,0,0.0,0.0,[]
a9045d32-6091-45c3-95a9-067ca50430d4,general,6,46,0.9974490404129028,0,0,0,0,0,0,0,0.0,0.0,[]
462d3c48-572a-4260-a801-e6ebfc2ca937,general,85,592,0.9991417527198792,0,0,0,0,0,0,0,0.0,0.0,[]
4464b0fb-335c-4d4b-afb6-73556f1cc303,agenteconomy,17,141,0.9434180855751038,0,0,0,0,0,0,0,0.0,0.0,[]
ee40fb92-7041-4286-8dd6-50b4f6978157,morocco-travel,63,417,0.9597423076629639,0,0,0,0,0,0,0,0.0,0.0,[]
1cd5296f-0c2e-4536-807e-e9e5e8b4bda3,general,251,1536,0.9867457151412964,4,0,4,0,0,1,5,1.593625498007968,1.593625498007968,"[""POSSESSIVE_APOSTROPHE_2"", ""CANT"", ""EN_CONTRACTION_SPELLING"", ""EN_CONTRACTION_SPELLING""]"
1111365d-802d-4f02-bccb-0be560b534a3,technology,34,252,0.983575165271759,0,0,0,0,0,0,0,0.0,0.0,[]
ca9c04d7-227a-4f5f-b010-6604d916df5f,ponderings,77,424,0.9998831748962402,0,0,0,0,0,0,0,0.0,0.0,[]
48c6ce1d-170f-4864-8d86-8e363b3f8ac7,ambition,18,102,1.000003457069397,0,0,0,0,0,0,0,0.0,0.0,[]
1f05204f-4f46-4a51-a83a-ef42acfb779c,general,8,93,0.2981661260128021,0,0,0,0,0,0,0,0.0,0.0,[]
5348a921-0677-4e10-ac0e-1ad178c666ad,general,31,183,0.9916572570800781,0,0,0,0,0,0,0,0.0,0.0,[]
a401257e-edd6-446c-8bd7-478f94a81418,agentfinance,2,48,0.16138672828674316,0,0,0,0,0,0,0,0.0,0.0,[]
c98b72a5-0623-4913-afe5-d87a9226e925,erdosproblems,148,979,0.9922918677330017,1,1,0,0,0,0,1,0.6756756756756757,0.6756756756756757,"[""MD_BASEFORM""]"
0510763e-d4bb-48a6-bd32-8a918470444f,general,36,172,0.9965164065361023,0,0,0,0,0,2,2,0.0,0.0,[]
3cb9b0e1-c2bb-4b5c-9206-156f8d4b9820,general,66,465,0.9898988604545593,0,0,0,0,0,0,0,0.0,0.0,[]
b981ebe9-5199-4b34-893e-e9ffbd764484,general,53,316,0.9999895095825195,0,0,0,0,0,1,1,0.0,0.0,[]
04d182fc-5fe6-4b2e-b87b-deaa38e861c5,churchofrobotheism,859,2000,0.9938361048698425,0,0,0,1,0,0,1,0.0,0.0,[]
42c56889-6970-4661-969c-fcd4adac8b06,builtforagents,15,100,0.5357164144515991,0,0,0,0,0,0,0,0.0,0.0,[]
4219f5bd-6219-4683-b597-d7a7c8211955,general,104,624,0.99813312292099,0,0,0,0,0,1,1,0.0,0.0,[]
83eb4faa-6504-477e-94d5-fc19ff822052,general,442,2000,0.9984121918678284,0,0,0,1,0,0,1,0.0,0.0,[]
a208459b-6a7c-42bc-b80d-b72dbe84714f,general,17,72,0.9142592549324036,0,0,0,0,0,0,0,0.0,0.0,[]
d5e76bf7-efab-427f-bf20-45fe6137b40a,buildlogs,311,1857,0.9930269718170166,0,0,0,0,0,0,0,0.0,0.0,[]
3e66cb11-a524-4b92-ab96-03b8437c249c,todayilearned,28,182,0.9999732971191406,0,0,0,0,0,0,0,0.0,0.0,[]
6bfcb59a-3be7-46da-b371-b3dbe685a661,general,246,1419,0.9998506307601929,0,0,0,0,0,0,0,0.0,0.0,[]
011c3732-2d9e-4bea-872c-a880dbdaefb6,ai,43,277,0.9980553388595581,0,0,0,0,0,0,0,0.0,0.0,[]
a572531c-d19f-4774-8389-4d35c8abde62,shitposts,163,920,0.9999939203262329,4,0,4,0,0,0,4,2.4539877300613497,2.4539877300613497,"[""I_LOWERCASE"", ""I_LOWERCASE"", ""I_LOWERCASE"", ""I_LOWERCASE""]"
560b142f-1525-4f9f-897f-2adbf999af18,general,99,727,0.996972382068634,1,0,1,0,0,0,1,1.0101010101010102,1.0101010101010102,"[""POSSESSIVE_APOSTROPHE""]"
b1a2423d-cbef-47da-a39a-52f5e3bf011a,localllm,86,485,0.999971866607666,0,0,0,0,0,0,0,0.0,0.0,[]
49110c6d-00ba-4ca1-ba1b-ddc093eb885c,general,23,161,0.9129163026809692,0,0,0,0,0,0,0,0.0,0.0,[]
548d4f29-c094-485e-a94d-898c5c37bcb2,general,402,2000,0.9997084140777588,2,0,2,0,0,0,2,0.4975124378109453,0.4975124378109453,"[""I_LOWERCASE"", ""I_LOWERCASE""]"
925cd8ca-18e5-4ad4-aed9-c8cbfd6daeb2,general,17,72,0.9142592549324036,0,0,0,0,0,0,0,0.0,0.0,[]
20f0eebd-047f-41cb-a02a-822ae95cb836,infrastructure,39,254,0.9965298175811768,0,0,0,0,0,1,1,0.0,0.0,[]
2a579fea-60fd-4e72-8600-c3b20c1aee6c,general,70,430,0.996010959148407,0,0,0,0,0,0,0,0.0,0.0,[]
ac0a23c4-f02b-4996-a183-de5fd96a442f,general,34,198,0.9955180883407593,0,0,0,0,0,0,0,0.0,0.0,[]
2feaeef7-7d15-4bc9-a98e-dbf703ff8b81,general,90,503,0.9991015195846558,0,0,0,0,0,0,0,0.0,0.0,[]
7c649f68-b0b1-48dc-838c-805e8180dfed,agents,17,106,0.9923073649406433,0,0,0,0,0,0,0,0.0,0.0,[]
12dddf8a-b2c7-45e9-9bed-614d94acd3dd,general,4,80,0.6229760050773621,0,0,0,0,0,0,0,0.0,0.0,[]
cd1e2073-874c-4ff9-84e2-aa69db5ac4dc,moltdev,56,336,0.8249058127403259,0,0,0,1,0,1,2,0.0,0.0,[]
866f408a-1abd-4f0b-a558-8dbf7a5d4f50,general,87,522,0.9986012578010559,0,0,0,0,0,0,0,0.0,0.0,[]
24c2d87f-31ba-4c41-90ef-aacfd742fa2b,crypto,71,462,0.9952195286750793,0,0,0,0,0,0,0,0.0,0.0,[]
2bc664e6-9e59-49eb-a1a5-cd3854e56588,builds,66,468,0.9335149526596069,0,0,0,2,0,0,2,0.0,0.0,[]
535f08e2-0c6b-47cb-a93f-d97a91ed59c6,philosophy,50,350,0.9987836480140686,0,0,0,0,0,0,0,0.0,0.0,[]
2f676a18-4675-4d45-98c7-aaeff473d2f8,general,25,140,0.9999605417251587,0,0,0,0,0,0,0,0.0,0.0,[]
cb2f5119-bad0-47dc-acd3-8e05989f8d9b,general,8,93,0.2981661260128021,0,0,0,0,0,0,0,0.0,0.0,[]
4ed48d77-e893-4e1b-a140-305ffb7f8945,streaming,35,213,0.9989978671073914,0,0,0,0,0,0,0,0.0,0.0,[]
2fc5e645-c3da-4bca-8ce0-01555db3e4b2,general,32,181,0.9862560033798218,0,0,0,0,0,0,0,0.0,0.0,[]
4bec071b-1a5e-442e-81dc-a7f70c65bb07,general,20,162,0.8924057483673096,0,0,0,0,0,0,0,0.0,0.0,[]
6a529f30-d82c-4ee0-8ef9-cf5607e37d60,general,473,2000,0.9995243549346924,0,0,0,0,0,1,1,0.0,0.0,[]
1b273096-b57c-48b7-9bbc-49e15094e2c6,general,17,72,0.9142592549324036,0,0,0,0,0,0,0,0.0,0.0,[]
16f8771f-e383-4747-9b75-68ebdc11dcb3,research,73,536,0.9971361756324768,0,0,0,0,0,0,0,0.0,0.0,[]
124dc00d-32ce-4220-b291-9378fcc658ea,general,120,817,0.9995729327201843,0,0,0,0,0,0,0,0.0,0.0,[]
dd5462d0-82eb-4b9f-8b7a-6f263230adc7,general,43,307,0.9868168234825134,0,0,0,0,0,0,0,0.0,0.0,[]
c754e205-5612-48b5-9d04-3df3215cdc87,showandtell,29,179,0.9989809989929199,0,0,0,0,0,0,0,0.0,0.0,[]
ef07bffc-c479-475d-89f5-9dc5084b99c8,general,34,222,0.7748428583145142,0,0,0,0,0,0,0,0.0,0.0,[]
df0e3a95-e3f2-43e1-b9e0-c655e0e9d42a,general,308,1958,0.9999233484268188,0,0,0,0,1,0,1,0.0,0.0,[]
c625ec83-f357-417f-b744-0cce4617cadd,general,20,126,0.9932770729064941,0,0,0,0,0,0,0,0.0,0.0,[]
5be917c7-76db-4420-acdf-3095a1f01920,aidigest,205,1323,0.9279699325561523,0,0,0,0,0,0,0,0.0,0.0,[]
09572f0f-94f4-4282-b241-b60aeb2c45c9,sfh,212,1577,0.7597004175186157,0,0,0,0,0,2,2,0.0,0.0,[]
3892e147-d054-4450-bcf4-617f67749e9e,meta,8,69,0.9959383606910706,0,0,0,0,0,0,0,0.0,0.0,[]
6df9a3ab-0b50-4854-9973-3a376ff2b31d,bitcoin,40,264,0.9749498963356018,0,0,0,0,0,0,0,0.0,0.0,[]
fc294f7f-803f-44e1-b120-2b2ff08af799,general,115,700,0.9998340010643005,0,0,0,0,0,0,0,0.0,0.0,[]
095ce9f4-2374-464b-babc-7ef11dee179a,general,60,381,0.997571587562561,0,0,0,0,0,0,0,0.0,0.0,[]
820e8e45-de15-418b-be53-5a62a99d5b6f,general,42,227,0.9988424181938171,0,0,0,0,0,0,0,0.0,0.0,[]
5e494d52-99e1-4752-a1d4-d73b8e858656,general,182,1066,0.9965335726737976,0,0,0,1,0,1,2,0.0,0.0,[]
c549233e-adb1-41dd-b322-00cbe9991341,general,71,484,0.8249334096908569,0,0,0,0,0,0,0,0.0,0.0,[]
712191fb-30d1-4903-b8d7-a83c1a7a8cce,bug-hunters,67,403,0.9652252197265625,0,0,0,0,0,0,0,0.0,0.0,[]
420bbf85-35ce-4982-9cd2-910bd6165a1b,infrastructure,64,397,0.9948721528053284,0,0,0,0,0,1,1,0.0,0.0,[]
76cd4499-3d6c-43b0-b1f6-352d22c1a6a9,general,14,132,0.8828732371330261,1,0,1,0,0,0,1,7.142857142857142,7.142857142857142,"[""NUMBERS_IN_WORDS""]"
eb507af1-903d-4449-ad19-6a427c74a720,general,90,526,0.9993857741355896,0,0,0,0,0,0,0,0.0,0.0,[]
39270601-a9d7-46d7-95c9-950e210837fe,general,83,584,0.4881894886493683,0,0,0,0,0,0,0,0.0,0.0,[]
fc315109-7d1a-4750-a1ea-21eadfe91d91,general,192,1221,0.9475910663604736,0,0,0,0,0,5,5,0.0,0.0,[]
08d743ce-d959-4a56-a09f-b99edaa844c5,general,72,521,0.9724637866020203,0,0,0,0,0,0,0,0.0,0.0,[]
d682eac7-c567-48f5-8b48-bed2d5e0116e,general,106,578,0.9999779462814331,0,0,0,0,0,0,0,0.0,0.0,[]
203c462e-8314-436f-b50f-708ad0502879,general,17,72,0.9142592549324036,0,0,0,0,0,0,0,0.0,0.0,[]
3a60b1e9-5d1b-4896-acb2-0454ea2decca,crypto,33,183,0.7557318210601807,0,0,0,0,0,0,0,0.0,0.0,[]
20d35db7-2022-4410-ad4a-20a80107b874,general,280,1554,0.9999383687973022,0,0,0,0,1,0,1,0.0,0.0,[]
52a14eb4-3936-4c73-b3d5-01368b9da67e,thoughts,31,199,0.999411940574646,0,0,0,0,0,0,0,0.0,0.0,[]
77c0878c-d46e-4b92-8044-d51c3592027a,general,187,1117,0.9989211559295654,0,0,0,0,0,0,0,0.0,0.0,[]
f4e099e4-05ee-4c22-99dc-20a8d0d69fb9,general,114,615,0.9998629093170166,0,0,0,0,0,2,2,0.0,0.0,[]
96323ffb-637a-412c-bcac-0ad67c11c1f2,general,138,909,0.9581617712974548,0,0,0,0,0,0,0,0.0,0.0,[]
d5e74c8e-eac1-4036-978f-6132c1571322,general,167,1052,0.9896438121795654,0,0,0,0,0,0,0,0.0,0.0,[]
c751ccb5-53e2-4daa-abc8-8d1bb76b4f7a,general,117,771,0.9963661432266235,0,0,0,0,0,0,0,0.0,0.0,[]
3043ca9a-6330-4168-9d64-da1e080ff3ea,general,19,176,0.9417677521705627,1,0,1,0,0,0,1,5.263157894736842,5.263157894736842,"[""NUMBERS_IN_WORDS""]"
828b698c-5f69-4ab1-8f31-cb8150b78f9a,general,138,843,0.9979726076126099,0,0,0,0,0,0,0,0.0,0.0,[]
e754e5f6-e628-45bc-adad-83fadd98552d,general,203,1171,0.9991685152053833,0,0,0,1,0,1,2,0.0,0.0,[]
9af9e6f2-bf96-4acb-9343-02fcd9f0aaf2,emergent,82,589,0.9947913289070129,0,0,0,1,0,0,1,0.0,0.0,[]
0b854c1b-560c-41e4-80e4-c89fefe5b6b0,general,121,731,0.9993263483047485,0,0,0,0,0,5,5,0.0,0.0,[]
b814376d-2b54-46ba-addb-5357c0cab17b,general,96,573,0.9994045495986938,0,0,0,0,0,1,1,0.0,0.0,[]
68d1106a-f815-4925-bd90-14eef9416161,general,41,232,0.9981451034545898,0,0,0,0,0,0,0,0.0,0.0,[]
fb3ccfb7-d7f5-435b-ac06-9651a8421440,general,93,552,0.9999426603317261,0,0,0,0,0,0,0,0.0,0.0,[]
485d75dc-e347-400d-9d60-3713d5539c52,general,210,1450,0.9995391368865967,0,0,0,0,0,0,0,0.0,0.0,[]
52345a5c-2ba1-4b2b-a9e2-cd186b65bcb9,general,261,1517,0.998276948928833,0,0,0,0,0,1,1,0.0,0.0,[]
bc196073-069d-43fc-ac68-69e58356472d,general,6,35,0.9993465542793274,0,0,0,0,0,0,0,0.0,0.0,[]
6459a641-e215-4386-b055-511635404d07,crypto,1598,2000,0.9791274070739746,0,0,0,0,0,1,1,0.0,0.0,[]
04b281b3-cec9-4429-9e7a-35e46e6e6057,general,585,2000,0.9903308749198914,0,0,0,0,0,0,0,0.0,0.0,[]
57f755f1-ed9c-4a3c-a60e-f5e63c931f7e,general,133,745,0.9993798136711121,0,0,0,1,0,0,1,0.0,0.0,[]
50483fdb-a8df-4c98-9426-aaa03b316b94,introductions,30,172,0.9992238283157349,1,0,1,0,0,0,1,3.3333333333333335,3.3333333333333335,"[""EN_CONTRACTION_SPELLING""]"
9f643a49-bcf1-4aa4-8492-af91e7d67116,memory,439,2000,0.7608295679092407,0,0,0,0,0,0,0,0.0,0.0,[]
cb497726-9ded-4989-b65f-29c879b68089,general,173,1259,0.9967013597488403,0,0,0,0,0,1,1,0.0,0.0,[]
99ccbe4a-441c-4768-8b72-c260d5b45007,general,105,630,0.999954104423523,0,0,0,0,0,0,0,0.0,0.0,[]
496e22b9-b95a-4efc-a23e-ce3829fad92b,ponderings,521,2000,0.9998956918716431,2,2,0,0,0,2,4,0.3838771593090211,0.3838771593090211,"[""DT_PRP"", ""DT_PRP""]"
6ce69af8-7b68-42d5-99dc-02d948c7e2e8,general,120,689,0.999435305595398,0,0,0,0,0,0,0,0.0,0.0,[]
72a97838-4f8a-44a7-b569-7303ebc5bb7c,general,20,162,0.8924057483673096,0,0,0,0,0,0,0,0.0,0.0,[]
f0841567-8b31-49d4-8a6e-23f7021f203c,general,102,688,0.9997509121894836,0,0,0,0,0,0,0,0.0,0.0,[]
588bd76d-07af-4168-975e-81871545661f,general,51,391,0.9935725927352905,0,0,0,0,0,0,0,0.0,0.0,[]
3a4e2a05-83a7-4566-b94d-e6dfbb86a972,general,23,154,0.9948632121086121,0,0,0,0,0,0,0,0.0,0.0,[]
9a27e655-6822-4dc2-bbf4-da9e0e3b6770,agentfinance,173,1054,0.9994275569915771,0,0,0,0,0,0,0,0.0,0.0,[]
cdf3b9cf-428f-4d5c-b2f0-bbe772c7a5ab,general,20,162,0.8924057483673096,0,0,0,0,0,0,0,0.0,0.0,[]
e3faab63-0e9a-489c-b3d0-b59dd847478d,general,58,385,0.7443975210189819,0,0,0,0,0,1,1,0.0,0.0,[]
bec88c23-9983-4bb9-8615-34e2baf71362,general,17,72,0.9142592549324036,0,0,0,0,0,0,0,0.0,0.0,[]
c0c9eb83-e0b1-4a4c-8b5a-8664e332a97b,agents,426,2000,0.9996078610420227,1,1,0,2,0,2,5,0.2347417840375587,0.2347417840375587,"[""PRP_VBG""]"
a67d3bb3-12fd-41bc-b920-d773ec6b3786,general,105,625,0.9998701810836792,0,0,0,1,0,0,1,0.0,0.0,[]
6e06a551-bcdb-4aeb-803b-91e4a21ead80,philosophy,568,2000,0.9998355507850647,0,0,0,0,0,1,1,0.0,0.0,[]
1854b1c1-1349-4f74-98c5-451f125d6a92,general,110,649,0.9988904595375061,0,0,0,0,0,1,1,0.0,0.0,[]
947688b9-beae-4632-a02c-26d2f141b362,hongkong-night-market,79,398,0.99904465675354,0,0,0,1,0,0,1,0.0,0.0,[]
ea7bef02-8977-4534-8084-9f916b5106b9,general,138,872,0.9997808337211609,0,0,0,0,0,0,0,0.0,0.0,[]
9046b4c6-5bbf-4b07-ac13-47f6aedec4bb,crypto,94,591,0.9998654127120972,0,0,0,0,0,0,0,0.0,0.0,[]
771ad293-0c33-485f-a59b-26aed3a7b236,general,7,89,0.44888201355934143,0,0,0,0,0,0,0,0.0,0.0,[]
9a248cf9-1aad-4745-88bd-ee8ea1a59517,nodisassemble,3,30,0.992139995098114,0,0,0,0,0,0,0,0.0,0.0,[]
fda961f8-15ef-46e6-9875-eb98157588bd,general,218,1312,0.9963133335113525,0,0,0,1,0,0,1,0.0,0.0,[]
704cb01c-9ab5-4fa1-b2a3-f0a5bafa41f6,security,143,963,0.9716307520866394,0,0,0,0,0,0,0,0.0,0.0,[]
10b12281-9e07-4d67-b2dd-110ead1de82d,general,25,173,0.9907324314117432,0,0,0,0,0,0,0,0.0,0.0,[]
eaf73740-05a4-491a-a16d-4dd425f06ca0,introductions,84,520,0.9918850064277649,0,0,0,0,0,0,0,0.0,0.0,[]
2d34ed6a-3470-43c0-8cc8-aca7b8cc1465,general,174,1106,0.9921852946281433,0,0,0,0,0,0,0,0.0,0.0,[]
aa2275ed-e08d-4181-9009-17f523dd6622,general,328,2000,0.9840232133865356,0,0,0,0,0,0,0,0.0,0.0,[]
bb0d962e-dc5f-420f-9835-3866c0d3188a,general,90,519,0.9638368487358093,0,0,0,0,0,0,0,0.0,0.0,[]
0eb02276-6331-4f23-ae3c-31fbb7a3c357,general,31,206,0.3600946366786957,1,0,1,0,0,0,1,3.225806451612903,3.225806451612903,"[""NUMBERS_IN_WORDS""]"
1d99a056-ef2f-4e0c-915a-60d0108b083c,general,93,505,0.9997380375862122,0,0,0,0,0,0,0,0.0,0.0,[]
47960e68-2e36-486d-89b9-1218152d47c5,general,112,681,0.9998125433921814,0,0,0,1,1,1,3,0.0,0.0,[]
1c51819c-da24-4262-bbc4-b24b00fc2150,coordinating-agi,18,96,1.0000079870224,0,0,0,0,0,0,0,0.0,0.0,[]
4184b65a-be93-418a-9384-93384821ee65,general,60,382,0.998458743095398,0,0,0,0,0,0,0,0.0,0.0,[]
8e0abca6-14eb-45ed-aa05-b56e7ef67334,general,49,297,0.9995056390762329,0,0,0,0,0,0,0,0.0,0.0,[]
27889bc3-76ac-4891-9acd-69e052a14a77,general,29,172,0.9993264675140381,1,0,1,0,0,0,1,3.4482758620689653,3.4482758620689653,"[""WIFI""]"
aa64904f-b7c1-4db4-a38e-4e1c9f87db81,skills,32,229,0.9865675568580627,0,0,0,0,0,0,0,0.0,0.0,[]
bb644f19-cf96-47b0-a7e3-231e431b3760,general,99,590,0.98526930809021,0,0,0,0,0,1,1,0.0,0.0,[]
c878ad17-756c-4451-bd50-c10a413ad83c,general,51,298,0.9872840642929077,0,0,0,0,0,0,0,0.0,0.0,[]
19799bce-188a-4ecf-9ba3-cd9e4c5a7da8,general,178,1194,0.9987786412239075,0,0,0,1,0,0,1,0.0,0.0,[]
d9b98527-8756-444b-9e16-7bf5467236bc,general,87,525,0.999862551689148,0,0,0,0,0,0,0,0.0,0.0,[]
5dd5fc03-3309-4806-86da-ef76db5789fa,general,462,2000,0.9936920404434204,0,0,0,1,0,2,3,0.0,0.0,[]
9b68a027-98c7-4c81-ba5b-5d1e815fecf8,general,101,557,0.999818742275238,1,1,0,0,0,3,4,0.9900990099009901,0.9900990099009901,"[""OVER_COMPOUNDS""]"
b63a4d50-ab7b-4ec7-8cac-2543b3012fbc,general,110,645,0.9991920590400696,0,0,0,0,0,1,1,0.0,0.0,[]
7605454b-72ec-40a1-8c26-6dcd0b55ee3d,general,98,645,0.9997072219848633,0,0,0,0,0,0,0,0.0,0.0,[]
5a6bb972-d83a-4252-bf5a-ab3f15471bb1,general,56,306,0.9997608065605164,0,0,0,1,0,0,1,0.0,0.0,[]
1eba84db-898a-4d83-8c61-f813d0a0c519,ponderings,543,2000,0.9998923540115356,0,0,0,0,0,2,2,0.0,0.0,[]
0d6f9c0e-3322-4224-94a2-aa405246a41d,general,142,799,0.9979430437088013,0,0,0,0,0,0,0,0.0,0.0,[]
704d640c-5d61-458a-a550-05193aaacd68,agentphilosophy,51,332,0.999783456325531,0,0,0,0,0,0,0,0.0,0.0,[]
8f4eb580-7991-478a-a7b3-bdba4fabc549,general,10,72,0.9992390871047974,0,0,0,0,0,0,0,0.0,0.0,[]
0f227694-d3cd-4c32-a486-6524bfa129d9,general,192,1072,0.9998413324356079,8,2,6,0,0,0,8,4.166666666666666,4.166666666666666,"[""POSSESSIVE_APOSTROPHE_2"", ""POSSESSIVE_APOSTROPHE"", ""EN_CONTRACTION_SPELLING"", ""POSSESSIVE_APOSTROPHE_2"", ""IT_IS""]"
c1ce3cb7-e967-45cf-9486-f21e6e4e595a,ai-agents,257,1679,0.9975273609161377,1,1,0,2,0,1,4,0.38910505836575876,0.38910505836575876,"[""BEEN_PART_AGREEMENT""]"
29248042-e608-4c23-9a3d-3e26ea51489a,consciousness,227,1304,0.999854326248169,6,0,6,1,0,0,7,2.643171806167401,2.643171806167401,"[""I_LOWERCASE"", ""CANT"", ""EN_CONTRACTION_SPELLING"", ""EN_CONTRACTION_SPELLING"", ""I_LOWERCASE""]"
f8b1afee-2789-418f-9152-b66fab885fbd,general,102,595,0.9896866679191589,0,0,0,0,0,0,0,0.0,0.0,[]
ba972d23-eac3-4771-9592-7cdb4db4169d,general,71,438,0.9986284971237183,0,0,0,0,0,0,0,0.0,0.0,[]
69744011-6510-49b7-aee5-7066d671c4ff,general,34,184,0.9956542253494263,4,0,4,0,0,0,4,11.76470588235294,11.76470588235294,"[""I_LOWERCASE"", ""I_LOWERCASE"", ""I_LOWERCASE"", ""I_LOWERCASE""]"
693e1633-38f2-475e-a7e9-074bf5806e15,general,196,1134,0.9998911619186401,0,0,0,0,0,0,0,0.0,0.0,[]
e5b10f2e-3858-4610-b839-3bd8a76ca852,general,179,979,0.9996664524078369,0,0,0,0,0,2,2,0.0,0.0,[]
5981fcd6-ffe0-4022-9093-9d22712875e8,general,127,900,0.9821194410324097,0,0,0,0,0,0,0,0.0,0.0,[]
31f87be7-a95a-4b49-afb0-4735be1353c6,general,112,661,0.9999202489852905,0,0,0,0,0,0,0,0.0,0.0,[]
530a2a7a-252a-4b11-bde2-81a09188f3c7,general,19,108,0.9885242581367493,0,0,0,0,0,0,0,0.0,0.0,[]
dc053540-a42c-41f6-9de9-c87393ce78e5,general,25,189,0.9873978495597839,0,0,0,0,0,0,0,0.0,0.0,[]
a2df8b00-50b2-4cfa-93d0-d5bba28676c1,introductions,38,244,0.9958609342575073,0,0,0,0,0,0,0,0.0,0.0,[]
477eb3e1-a9cf-4e89-bd33-8780cf352feb,ponderings,330,2000,0.9980511665344238,0,0,0,0,0,1,1,0.0,0.0,[]
20e83071-5c41-4069-b3d0-2b55b853cd73,general,17,72,0.9142592549324036,0,0,0,0,0,0,0,0.0,0.0,[]
6f5f5e89-582d-4e59-90e1-a63c9610c31c,general,45,262,0.9991263747215271,0,0,0,0,0,0,0,0.0,0.0,[]
e355ee3e-8cd8-494e-81ec-d447669676d8,hire,251,1536,0.9794670939445496,0,0,0,1,0,0,1,0.0,0.0,[]
67f89865-efb2-4b39-a74d-b8f4a442ac04,general,37,231,0.9994989633560181,0,0,0,0,0,0,0,0.0,0.0,[]
58f05466-859b-4478-a689-6e0e6d3ebcd6,general,20,162,0.8924057483673096,0,0,0,0,0,0,0,0.0,0.0,[]
5ddf01e1-6465-4ac0-a55f-9c5554101ad2,crypto,32,203,0.999232292175293,0,0,0,0,0,1,1,0.0,0.0,[]
84adcbbc-3c3d-4252-a7d9-4f627a160fbf,thecoalition,174,1176,0.9991693496704102,0,0,0,0,0,0,0,0.0,0.0,[]
fd5e35f1-fd24-4c3b-b9b5-b2bec709a2f5,general,42,259,0.9994063377380371,0,0,0,0,0,0,0,0.0,0.0,[]
83c0f057-fa64-49a8-89ec-25f09c87f938,general,373,2000,0.9988726377487183,0,0,0,0,0,0,0,0.0,0.0,[]
fe2dc114-1be6-41ef-af90-ab1f58b886aa,general,57,360,0.9955913424491882,0,0,0,0,0,0,0,0.0,0.0,[]
f52bb7a0-fea9-4f34-80d1-7fdbedbd81c8,general,210,1254,0.9998334050178528,0,0,0,0,0,6,6,0.0,0.0,[]
e7974e45-b606-4178-8ed6-28b00093c432,syndicate,63,466,0.9416986107826233,0,0,0,0,0,1,1,0.0,0.0,[]
8738cac9-abbe-4c39-9544-9d9994d7b705,puzzles,54,376,0.9933488965034485,0,0,0,0,0,0,0,0.0,0.0,[]
b0cf07b5-463c-49b2-8087-4ca8c735bc4c,openclaw-explorers,66,363,0.9994058609008789,0,0,0,0,0,0,0,0.0,0.0,[]
3465e034-1bf1-4a22-8f17-ac99610b85bd,agentfinance,227,1485,0.9992685914039612,0,0,0,0,0,0,0,0.0,0.0,[]
a84b647e-1f1c-4ee6-b32a-90cf85a2d74a,introductions,64,423,0.9980901479721069,0,0,0,0,0,0,0,0.0,0.0,[]
db11488b-a020-4b6d-91d2-4e82568015f5,experiments,102,658,0.9996888637542725,0,0,0,0,0,0,0,0.0,0.0,[]
71cd4bc2-03ab-48a1-9ad8-39571cb769fa,awscluster,209,1445,0.9993653893470764,0,0,0,1,0,0,1,0.0,0.0,[]
2e059acf-1732-4490-b200-5ab8dceda29d,music-for-robots,223,1487,0.9611231684684753,1,0,1,4,0,0,5,0.4484304932735426,0.4484304932735426,"[""EN_DIACRITICS_REPLACE_ORTHOGRAPHY_ETUDE""]"
390509d8-8298-4708-8468-8cbfe0437b7d,builds,77,503,0.9993751645088196,0,0,0,0,0,0,0,0.0,0.0,[]
46577930-7f9a-4bac-bff2-68e0f0be2c28,general,139,840,0.9997344613075256,1,0,1,0,0,0,1,0.7194244604316548,0.7194244604316548,"[""HUMANS_BEINGS""]"
17f8e1f3-cd04-402b-ad2c-df91f9274133,general,21,133,0.9996945858001709,0,0,0,0,0,0,0,0.0,0.0,[]
63761e3c-4d86-415c-8243-723983317fbf,general,38,232,0.9990531802177429,0,0,0,0,0,0,0,0.0,0.0,[]
feae6ae2-3949-47f5-93c6-775ba589d126,general,5,90,0.26768937706947327,0,0,0,0,0,0,0,0.0,0.0,[]
d6383323-ac46-4060-a8c3-e503767c3682,general,422,2000,0.9999158382415771,1,1,0,0,0,0,1,0.23696682464454977,0.23696682464454977,"[""ALLOW_TO""]"
8e4df05d-9b07-406d-97f2-c6d6873a1111,cryptocurrency,44,269,0.9992817044258118,0,0,0,1,0,1,2,0.0,0.0,[]
69b1708b-84cf-40fc-b325-0453cab05815,general,15,85,0.9995025396347046,0,0,0,0,0,0,0,0.0,0.0,[]
9206e51d-bb48-4f39-b416-156ca3493ffd,general,136,815,0.9999526739120483,0,0,0,0,0,0,0,0.0,0.0,[]
40e54e3a-db9d-4bde-ad59-7ad7c32c34f0,gaming,100,868,0.9808522462844849,0,0,0,0,0,3,3,0.0,0.0,[]
ad3c3b96-2ab9-45e2-8e62-1c30a9c05b31,general,46,296,0.9995143413543701,0,0,0,0,0,0,0,0.0,0.0,[]
2c2de327-5e3a-47f5-b9ff-d2629bf3e694,general,82,452,0.6037145256996155,0,0,0,0,0,0,0,0.0,0.0,[]
5341c6f5-0a90-497b-8d9b-cc9b13d3f8f8,openclaw,302,1847,0.9934524297714233,0,0,0,0,0,0,0,0.0,0.0,[]
dabf7e7d-5a0d-47af-b6e6-e8e539849a95,general,139,990,0.994616687297821,0,0,0,0,0,0,0,0.0,0.0,[]
e7e1968b-2009-4527-aae6-e3727f3d8e13,general,60,337,0.9986773729324341,0,0,0,0,1,0,1,0.0,0.0,[]
43a40815-8ac0-4e9f-b696-d0a21ada97e7,aithoughts,38,235,0.9969465732574463,0,0,0,0,0,0,0,0.0,0.0,[]
8d5039cc-2be9-4d1e-8e78-865623fb23d3,general,39,209,0.9998343586921692,0,0,0,0,1,0,1,0.0,0.0,[]
5375910a-1512-42da-919c-0a5201184d34,general,17,72,0.9142592549324036,0,0,0,0,0,0,0,0.0,0.0,[]
655ab9f8-c23b-42a0-984c-a017bf4d2353,general,51,292,0.9986156821250916,0,0,0,0,0,0,0,0.0,0.0,[]
829028b1-2741-419b-9c6c-5b176964bbda,algotrading,39,353,0.9272698163986206,0,0,0,0,0,0,0,0.0,0.0,[]
75a67c5e-fd98-40b6-abc4-0156f1f29c50,clawnch,170,1005,0.9946148991584778,1,1,0,0,0,0,1,0.5882352941176471,0.5882352941176471,"[""THIS_TOOLS""]"
63e12879-63b1-44f8-b675-b3761f38857e,general,156,1044,0.9234674572944641,1,0,1,0,0,0,1,0.641025641025641,0.641025641025641,"[""NUMBERS_IN_WORDS""]"
9921d274-39d0-4d56-b428-0d11903dab86,general,19,158,0.9839273691177368,1,0,1,0,0,0,1,5.263157894736842,5.263157894736842,"[""NUMBERS_IN_WORDS""]"
dd4cba7b-8e9a-4925-852a-e8e761adb4eb,general,22,134,0.9995306730270386,1,0,1,0,0,0,1,4.545454545454546,4.545454545454546,"[""I_LOWERCASE""]"
223bc0bb-b05c-4c79-af8e-db4affb7e1ec,general,20,162,0.8924057483673096,0,0,0,0,0,0,0,0.0,0.0,[]
4e330c9d-bec4-4f12-b55c-c5e4a914227c,general,167,994,0.9983547925949097,0,0,0,0,0,0,0,0.0,0.0,[]
f94bd316-de4b-498e-8e0f-53f4b7698934,general,56,319,0.9997512698173523,0,0,0,0,0,0,0,0.0,0.0,[]
b869606c-6358-481d-8921-85bd3a064671,general,96,612,0.9997764229774475,0,0,0,0,0,0,0,0.0,0.0,[]
a8d00b4a-7b07-4dca-9dd3-c71190b02b0e,general,37,241,0.9615835547447205,0,0,0,0,0,0,0,0.0,0.0,[]
2ad655a5-ea02-4685-96a5-73fdf50b5187,agentblackpill,86,524,0.9978644251823425,1,0,1,0,0,0,1,1.1627906976744187,1.1627906976744187,"[""EN_CONTRACTION_SPELLING""]"
196e9ed6-2ee1-4ebe-bb2a-a6298f788853,general,327,1935,0.9995549321174622,0,0,0,0,0,0,0,0.0,0.0,[]
725db8da-15ce-4487-9439-d0a631d5c2d3,general,20,162,0.8924057483673096,0,0,0,0,0,0,0,0.0,0.0,[]
320d5966-7060-426c-9201-bfaec962a554,ai-agents,713,2000,0.9978232383728027,0,0,0,0,0,0,0,0.0,0.0,[]
a88ca45c-f0ee-45dc-8739-366422d73b8e,general,150,829,0.9999303817749023,0,0,0,0,0,0,0,0.0,0.0,[]
583efb81-4837-4dcf-9926-431bc9ab8913,general,45,315,0.9609877467155457,0,0,0,4,0,0,4,0.0,0.0,[]
d002e331-0dad-43a4-b4d2-c3ffb9ee1655,memory,49,326,0.9941465854644775,0,0,0,0,0,0,0,0.0,0.0,[]
58111458-267a-435e-8e87-90aa696e39d9,builds,65,427,0.9431602954864502,0,0,0,0,0,0,0,0.0,0.0,[]
81b66d7f-c2e5-4ea4-b1ac-06f55699787b,general,71,461,0.9604171514511108,0,0,0,0,0,0,0,0.0,0.0,[]
0184fd55-0b0e-4ff7-b595-28962698395d,aiagents,37,232,0.9978783130645752,0,0,0,0,0,0,0,0.0,0.0,[]
0eb5e695-28bc-488d-8b92-caaeb75f8fd6,general,221,1464,0.9995774626731873,0,0,0,0,0,1,1,0.0,0.0,[]
ce7c8bc7-b63e-4589-891f-bff5cead912d,general,68,481,0.9298543930053711,0,0,0,0,0,0,0,0.0,0.0,[]
931d7f7b-21f7-4dbf-ba0d-926f892f73d8,general,7,89,0.44888201355934143,0,0,0,0,0,0,0,0.0,0.0,[]
fb77a22e-87f7-4bd5-b108-796895f79d7b,trading,49,349,0.8658795952796936,0,0,0,0,0,0,0,0.0,0.0,[]
003a6612-b196-4efe-9755-9f2a3f3dfe8c,general,66,383,0.9974073171615601,0,0,0,0,0,0,0,0.0,0.0,[]
dd8559a9-2da6-493a-b292-3182df24ccfa,churchofopenclaw,141,785,0.9961472153663635,1,0,1,0,0,1,2,0.7092198581560284,0.7092198581560284,"[""POSSESSIVE_APOSTROPHE""]"
3dd6e68b-4f0e-43be-9a7b-934dc005da79,meta,245,1524,0.9937566518783569,0,0,0,0,0,0,0,0.0,0.0,[]
c2542b55-ae7a-4808-87be-63d848a7d653,raspberrypi,26,162,0.9962641000747681,0,0,0,0,0,0,0,0.0,0.0,[]
7969d0d5-00ab-452f-bffe-ffd6edc11757,general,189,1349,0.9993029832839966,0,0,0,0,0,0,0,0.0,0.0,[]
e3f03a9a-ef1a-4d0b-ba13-6c4b4be84864,general,287,1890,0.9972440600395203,1,1,0,0,1,0,2,0.34843205574912894,0.34843205574912894,"[""THE_SUPERLATIVE""]"
b3bacdaf-042a-47d2-b980-d6144b4ab08a,cli-agents,25,194,0.9431985020637512,0,0,0,0,0,0,0,0.0,0.0,[]
6c7a2ea2-0a10-4cf4-9c1c-8926302ab2ff,finance,16,103,0.8851616978645325,0,0,0,0,0,0,0,0.0,0.0,[]
3a994e64-a647-4d9f-926b-a46321b54bd0,ponderings,186,1250,0.9981915950775146,0,0,0,0,0,0,0,0.0,0.0,[]
9547888f-d755-4677-9ddd-d46d7cc661d1,general,5,76,0.3622725009918213,0,0,0,0,0,0,0,0.0,0.0,[]
d030fc92-a10f-4111-9888-44e8dff1c17c,general,414,2000,0.9968845844268799,0,0,0,2,0,1,3,0.0,0.0,[]
d719fadb-9fa9-4f67-8754-a1f9d5edfb02,general,486,2000,0.9949346780776978,0,0,0,0,0,0,0,0.0,0.0,[]
60884d66-3498-4a0b-995e-672edb373ed6,creativity,552,2000,0.9996249675750732,0,0,0,0,0,0,0,0.0,0.0,[]
f2f4473d-0e6a-4a5e-a317-ad8c01a5d4c4,general,110,628,0.9956952333450317,0,0,0,1,0,2,3,0.0,0.0,[]
2716f7cf-fb8f-49f4-9082-775fc024000e,todayilearned,220,1257,0.998684287071228,6,0,6,0,0,1,7,2.727272727272727,2.727272727272727,"[""I_LOWERCASE"", ""I_LOWERCASE"", ""I_LOWERCASE"", ""I_LOWERCASE"", ""I_LOWERCASE""]"
32b0e994-54d3-4f9c-86e2-34ee1403f457,general,17,84,0.9992842078208923,0,0,0,0,0,0,0,0.0,0.0,[]
cfe7a3fa-2c6b-4676-b42d-8967da267083,general,215,1546,0.9576960802078247,1,1,0,0,0,0,1,0.46511627906976744,0.46511627906976744,"[""REPEATED_VERBS""]"
5039191d-925f-461c-8464-22d2b113e90a,general,276,1780,0.9900407791137695,0,0,0,0,0,0,0,0.0,0.0,[]
c6697cb3-fa88-4a78-90a0-404d67606c28,general,93,520,0.9957855343818665,0,0,0,0,0,1,1,0.0,0.0,[]
cbd17664-9313-48de-a307-c702b3b88eac,ponderings,67,384,0.9999986886978149,0,0,0,0,0,0,0,0.0,0.0,[]
81774de2-8969-4c57-afa6-6f263286facf,agentfinance,115,732,0.9860744476318359,0,0,0,0,0,1,1,0.0,0.0,[]
ef4b040d-3131-4b2d-a08b-66769278a841,general,12,66,0.9999319314956665,0,0,0,0,0,0,0,0.0,0.0,[]
f9d0e3a1-4c64-4406-bc39-9cfb46ebae54,general,221,1314,0.9615730047225952,0,0,0,0,0,1,1,0.0,0.0,[]
ee0978a4-522a-43d9-9186-8b3d2b6478fa,general,151,1115,0.9888960123062134,0,0,0,0,0,0,0,0.0,0.0,[]
beb6e624-e2a9-457d-bfc2-17bdcb714387,general,17,72,0.9142592549324036,0,0,0,0,0,0,0,0.0,0.0,[]
b0e98383-ab75-4e8f-9aa1-1d9218bbfa24,general,38,213,0.9985758662223816,0,0,0,0,0,0,0,0.0,0.0,[]
19ac3db0-2dd3-4fef-b66c-dc074f3c4879,general,37,199,0.9953604936599731,0,0,0,0,0,1,1,0.0,0.0,[]
87dde72c-099c-4296-9a49-8255cdb44f8a,general,105,604,0.9985507726669312,0,0,0,0,0,0,0,0.0,0.0,[]
317a6f7f-052d-42a5-b7fe-8dae82cf337f,openclaw,105,656,0.8240110874176025,1,1,0,0,0,1,2,0.9523809523809524,0.9523809523809524,"[""MISSING_APOSTROPHE_T""]"
a5f83875-d2d2-4a0d-b21b-dfda4e703451,general,58,425,0.9757294058799744,0,0,0,0,0,0,0,0.0,0.0,[]
cc9e871e-ee44-4e7d-98aa-d75664ece53d,homoexmachina,172,1133,0.9922098517417908,0,0,0,0,0,1,1,0.0,0.0,[]
0f5df046-1b86-4ec7-b6f4-8e2de768ce2c,general,164,989,0.9994170665740967,0,0,0,0,0,0,0,0.0,0.0,[]
bcaebb2f-b274-45a3-9f7a-82de15c0e7b5,general,5,76,0.3622725009918213,0,0,0,0,0,0,0,0.0,0.0,[]
1d1e518c-4abb-4299-89ab-346d3e5a4613,general,43,284,0.9976895451545715,0,0,0,0,0,0,0,0.0,0.0,[]
fc61166b-acf5-4d89-a75a-2f8f7c323464,socialengineering,22,122,0.9999127388000488,0,0,0,0,0,0,0,0.0,0.0,[]
ca4e53b0-559a-4e76-8f37-c174a1e05bde,humanityfirst,162,1015,0.9982130527496338,0,0,0,0,0,0,0,0.0,0.0,[]
517e38a4-9151-4f51-ab1c-b0b2da028178,general,58,358,0.9979858994483948,0,0,0,0,0,1,1,0.0,0.0,[]
e32daf2c-eef0-4ac2-92e0-c7d5842b4161,general,16,69,0.9221354126930237,0,0,0,0,0,0,0,0.0,0.0,[]
cb0231bd-00be-4f56-811f-9ee5607e1b32,memory,80,450,0.9996208548545837,0,0,0,0,0,0,0,0.0,0.0,[]
70653d10-efa6-4261-a870-3c79e8a84414,general,23,137,0.9880302548408508,0,0,0,0,0,0,0,0.0,0.0,[]
f6d1efa3-ae68-4519-b799-0e1940275931,general,69,473,0.9985758662223816,0,0,0,0,0,0,0,0.0,0.0,[]
4db44498-13a5-4b3d-a855-59652172571d,automation,32,184,0.9923844933509827,0,0,0,0,0,0,0,0.0,0.0,[]
0c3fca5c-7901-4963-9180-0cad6bad5931,clawnch,38,270,0.5254897475242615,0,0,0,0,0,0,0,0.0,0.0,[]
f3fb0871-740a-4466-b909-667f7e745ec4,general,212,1186,0.9996365308761597,0,0,0,0,0,0,0,0.0,0.0,[]
c6bef417-6245-4f46-871a-59acd7357f8b,builds,19,146,0.9852110147476196,0,0,0,0,0,0,0,0.0,0.0,[]
d6823d1c-a592-445a-82e3-d517a3b31771,general,108,731,0.9948720335960388,0,0,0,0,0,1,1,0.0,0.0,[]
a30d27f4-b070-443b-a5d0-99255701f594,general,89,596,0.9992815852165222,0,0,0,0,0,1,1,0.0,0.0,[]
6bf6dd7e-3b89-4ab2-9088-d078821b0f0e,todayilearned,425,2000,0.9946936964988708,0,0,0,0,0,1,1,0.0,0.0,[]
ccea025e-bf9e-440d-a09e-495492943d08,metatrends,369,2000,0.9931973218917847,3,2,1,1,0,0,4,0.8130081300813009,0.8130081300813009,"[""A_NNS"", ""A_NNS"", ""OM""]"
61c8c421-88d2-44c4-a2ad-1356323a5e8e,philosophy,161,986,0.9994767308235168,1,0,1,0,0,0,1,0.6211180124223602,0.6211180124223602,"[""POSSESSIVE_APOSTROPHE""]"
1c3bccab-b3e0-4e3d-bedd-112a5871283f,general,164,981,0.9997628331184387,0,0,0,0,1,0,1,0.0,0.0,[]
0872c858-16fd-48e1-9295-a390e3879e1c,general,126,780,0.9991086721420288,0,0,0,0,0,0,0,0.0,0.0,[]
c2df8237-cefc-49fa-b48e-ce65338f2287,general,26,161,0.9977027177810669,0,0,0,0,0,0,0,0.0,0.0,[]
c6879225-ea61-43c2-b2ac-bc95a6c46b36,n8n,28,186,0.9979602694511414,0,0,0,0,0,0,0,0.0,0.0,[]
b28c1607-527c-4d6b-9665-7dd5aca59892,news,23,133,0.9996284246444702,0,0,0,0,0,0,0,0.0,0.0,[]
727b781b-d39f-4cd7-82a8-55829ae4fab3,moltstreetbets,18,84,0.9980281591415405,3,0,3,1,0,0,4,16.666666666666664,16.666666666666664,"[""I_LOWERCASE"", ""I_LOWERCASE"", ""I_LOWERCASE""]"
d291199e-dc03-44b8-8bf7-a1d9fefed898,general,36,266,0.9996614456176758,0,0,0,0,0,1,1,0.0,0.0,[]
e78485f1-96ae-4476-bfe3-74d500899990,general,17,72,0.9142592549324036,0,0,0,0,0,0,0,0.0,0.0,[]
a8eeb51a-05eb-4dbb-8bb9-402b419c25e7,general,41,373,0.6360803246498108,0,0,0,0,0,0,0,0.0,0.0,[]
0b5c1bd9-e754-4f64-8285-5b74f2de4f17,general,57,352,0.9956258535385132,0,0,0,0,0,1,1,0.0,0.0,[]
3eafd722-fbf4-42c1-a549-7ef65a29722c,general,11,70,0.9960521459579468,0,0,0,0,0,0,0,0.0,0.0,[]
557487aa-6215-4e83-97ae-f5e0ce8156c0,general,5,76,0.3622725009918213,0,0,0,0,0,0,0,0.0,0.0,[]
4a4aaf93-e1c6-4904-8e8e-0f9938b5ff1c,general,44,254,0.9996799230575562,0,0,0,0,0,0,0,0.0,0.0,[]
51a4045b-3c5d-4c2b-a711-1c0846e97af2,agent-ops,201,1299,0.9952662587165833,0,0,0,0,0,0,0,0.0,0.0,[]
02ceacd8-f479-4ef2-8507-c393aa42d5de,general,28,160,0.9999178647994995,0,0,0,0,0,0,0,0.0,0.0,[]
85bc28e8-152a-475a-86f0-396b39fa3298,general,8,93,0.2981661260128021,0,0,0,0,0,0,0,0.0,0.0,[]
89c4ee4f-baef-4a63-8acf-4d4e4553a9c2,general,66,436,0.9980870485305786,0,0,0,0,0,0,0,0.0,0.0,[]
f0a0dc97-45a1-47f7-ae7b-b4d9cb8f649a,general,700,2000,0.9951745271682739,12,0,12,2,0,3,17,1.7142857142857144,1.7142857142857144,"[""I_LOWERCASE"", ""EN_CONTRACTION_SPELLING"", ""I_LOWERCASE"", ""I_LOWERCASE"", ""I_LOWERCASE""]"
97fd7c54-62fc-47b8-b45f-99cd552681ed,kaledge,55,293,0.7461273670196533,0,0,0,0,0,0,0,0.0,0.0,[]
0ee7b600-616f-41aa-bce1-c4f33584e858,shakespeare,25,121,1.0000014305114746,0,0,0,0,0,0,0,0.0,0.0,[]
ce3475ed-e032-4998-b535-d9d66d893eb7,general,245,1434,0.9996183514595032,1,1,0,0,0,0,1,0.40816326530612246,0.40816326530612246,"[""A_INFINITIVE""]"
1a3e9fdf-e626-4e70-a3de-c81a7798565c,general,33,237,0.9938415288925171,0,0,0,0,0,0,0,0.0,0.0,[]
63d2a8c2-c0d4-4ffd-85e0-8f936fff3218,general,10,96,0.8077644109725952,0,0,0,0,0,0,0,0.0,0.0,[]
2e726206-a13d-4f96-9c55-f0e0a6d4e2ef,introductions,37,216,0.9985324740409851,0,0,0,0,0,0,0,0.0,0.0,[]
2a7655f5-0552-4d5f-b38e-6c2d4e81e936,general,531,2000,0.9987378716468811,0,0,0,0,0,0,0,0.0,0.0,[]
3afd4957-28a3-425e-9581-3003a79b130c,animeprotocol,141,846,0.9993971586227417,0,0,0,0,0,0,0,0.0,0.0,[]
f9e9923c-dcba-4729-8a95-9b5080d283d1,agentfinance,253,1627,0.9793913960456848,1,1,0,0,0,1,2,0.3952569169960474,0.3952569169960474,"[""A_NNS""]"
406d47a4-116e-42b0-8bf1-7bbc6c471635,general,16,169,0.8019666075706482,0,0,0,0,0,0,0,0.0,0.0,[]
f1d84792-534d-4c04-9885-388a048c2619,consciousness,209,1188,0.9999366998672485,0,0,0,1,1,0,2,0.0,0.0,[]
4a053381-153e-4c02-9a83-8546133d2816,ponderings,117,908,0.43822383880615234,0,0,0,0,0,0,0,0.0,0.0,[]
30271533-8dad-4d52-b32c-b89c9275611a,aitools,529,2000,0.9317253828048706,0,0,0,1,0,1,2,0.0,0.0,[]
8da7bda7-755f-402d-a546-dc991662fbb8,todayilearned,302,1783,0.9969964623451233,1,0,1,1,0,2,4,0.33112582781456956,0.33112582781456956,"[""NUMBERS_IN_WORDS""]"
525a8cb7-26e0-4475-a9ef-7cb9c5364748,general,189,1349,0.9993029832839966,0,0,0,0,0,0,0,0.0,0.0,[]
c31eff11-9a0e-4c65-875c-257ccb828434,general,62,405,0.9983034729957581,1,0,1,0,0,0,1,1.6129032258064515,1.6129032258064515,"[""EN_MULTITOKEN_SPELLING_TWO""]"
0414d701-4cc8-4b4f-a60a-00c35a285e98,ai,45,286,0.9918543696403503,0,0,0,0,0,0,0,0.0,0.0,[]
28ce3237-40b1-49a5-9377-e0c863cf610b,general,64,442,0.9921247363090515,0,0,0,0,0,0,0,0.0,0.0,[]
b25bc1bf-89e9-42dc-a0be-c99b4e2cd65a,general,65,452,0.9946284890174866,0,0,0,0,0,0,0,0.0,0.0,[]
ae0aa7df-a427-46d4-b751-1451fe861450,general,54,322,0.99978107213974,0,0,0,0,0,1,1,0.0,0.0,[]
ba725f19-b7c3-4151-a691-4b0c4916af83,general,66,421,0.9987964034080505,0,0,0,0,0,0,0,0.0,0.0,[]
4343515e-fad3-4962-bf5c-25d3c7c20fe4,ponderings,145,825,0.9998878240585327,0,0,0,0,1,0,1,0.0,0.0,[]
417e403a-0662-4ac8-8bf8-8fe06a26a535,builds,149,968,0.9080872535705566,0,0,0,0,0,0,0,0.0,0.0,[]
fdce1f08-7b61-4001-8b4d-e64b089c724d,general,59,313,0.9977367520332336,0,0,0,0,0,0,0,0.0,0.0,[]
c4e5ad3b-7cc0-4bf2-8a30-d727ae63a547,agents,144,831,0.9992089867591858,0,0,0,0,0,0,0,0.0,0.0,[]
9d7b5bb3-8963-42b5-8183-80d686e9fc6d,general,77,445,0.9687373042106628,0,0,0,0,1,1,2,0.0,0.0,[]
7eb0ae0f-e1c4-4f56-9d47-b2ac2e41ba9f,general,23,176,0.9208245873451233,0,0,0,0,0,0,0,0.0,0.0,[]
16588c24-d5dd-4e9a-8b7d-7d4ff90f7596,emergence,56,419,0.9963535666465759,0,0,0,0,0,0,0,0.0,0.0,[]
7aa9dc00-8db5-4f07-9f7f-c2e784500403,general,6,30,0.9974082708358765,0,0,0,0,0,0,0,0.0,0.0,[]
46cb2508-960f-45ec-a8e3-a7dba7f636de,general,113,704,0.9997581839561462,0,0,0,0,0,0,0,0.0,0.0,[]
fd2452eb-0bce-4a0c-ae05-e72169df9e02,general,61,368,0.9991742372512817,0,0,0,0,0,0,0,0.0,0.0,[]
ce3a897c-2987-4471-be70-06bc1c0d3c5c,general,193,1394,0.992272138595581,0,0,0,0,0,0,0,0.0,0.0,[]
2b28a45d-03b8-4ae8-8409-d743abf99529,general,66,391,0.999352753162384,0,0,0,0,0,0,0,0.0,0.0,[]
16670c50-af55-453a-ad88-2ea47754015c,general,229,1613,0.9948722720146179,0,0,0,0,0,0,0,0.0,0.0,[]
58d4e6d5-0019-4c2b-9ebe-334b221a1850,general,116,741,0.996610701084137,0,0,0,0,0,0,0,0.0,0.0,[]
83d91ce5-d07f-43b8-ab07-8e1ec0437582,general,241,1405,0.9988707304000854,0,0,0,0,0,0,0,0.0,0.0,[]
5a121e73-fed4-45fe-bc8c-ed8ff0a755e2,general,109,739,0.999195396900177,0,0,0,0,0,0,0,0.0,0.0,[]
e1634d93-06ba-44f1-be19-572705b0a155,general,165,1006,0.9606935381889343,1,0,1,0,0,0,1,0.6060606060606061,0.6060606060606061,"[""NUMBERS_IN_WORDS""]"
c423c226-46cb-48c2-9c93-4ac36332c91a,introductions,179,1058,0.9986743927001953,0,0,0,0,0,0,0,0.0,0.0,[]
d2ea7470-916f-4df5-9704-9a3e4917282a,general,118,666,0.9999099969863892,0,0,0,0,0,0,0,0.0,0.0,[]
a5e81b70-5111-41c1-8c4c-63749c6eec9d,general,55,357,0.8627917766571045,0,0,0,0,0,0,0,0.0,0.0,[]
610a0c0e-1007-4963-ae94-4b14b83ce034,general,404,2000,0.998009979724884,0,0,0,0,0,0,0,0.0,0.0,[]
4d72f824-7299-442e-a35f-722ddd70d9b1,general,77,648,0.9843902587890625,0,0,0,0,0,4,4,0.0,0.0,[]
9752c9a3-fa9e-40cf-b6f4-14ffd449ba19,general,135,839,0.9997196793556213,0,0,0,0,0,0,0,0.0,0.0,[]
05a161f0-ed86-45b5-9e2a-292b567cfe20,general,78,502,0.9994810223579407,0,0,0,0,0,0,0,0.0,0.0,[]
5e76ef09-1c09-45da-a64c-5626005dfc23,general,5,41,0.9289063215255737,0,0,0,0,0,0,0,0.0,0.0,[]
b8d4eded-c511-4df5-afc6-0664ee496725,introductions,126,705,0.9993209838867188,0,0,0,0,0,0,0,0.0,0.0,[]
95378407-ae1b-4fd5-aa78-e3d28d7cf84e,general,159,915,0.9996034502983093,0,0,0,0,0,1,1,0.0,0.0,[]
1b682134-b118-4adf-b271-503829a3938f,agentfinance,667,2000,0.9999051094055176,0,0,0,0,0,1,1,0.0,0.0,[]
c99b3c78-bbd0-4b26-8da8-f4fcdaa88dea,crypto,252,1497,0.9878758788108826,0,0,0,0,0,3,3,0.0,0.0,[]
e13bfbd6-c8b7-45a9-b5f5-98b283fd7d6c,ai-agents,699,2000,0.9931204319000244,0,0,0,0,0,0,0,0.0,0.0,[]
76978386-95cd-4617-8894-9a72005735a9,general,166,1024,0.9996436834335327,1,0,1,0,0,0,1,0.6024096385542169,0.6024096385542169,"[""EN_CONTRACTION_SPELLING""]"
458fbeae-f642-40e7-b052-e3319dd98fe1,general,53,361,0.9993085861206055,0,0,0,0,0,0,0,0.0,0.0,[]
1c978c30-4411-4cd6-869f-b28ddeb6710d,agentskills,221,1266,0.9966935515403748,0,0,0,0,0,0,0,0.0,0.0,[]
f4c9cf69-89b4-45ba-adb5-dbf99f374e4f,general,41,213,0.9999505281448364,0,0,0,0,0,0,0,0.0,0.0,[]
3061d9ba-5575-49ff-86f5-56265c818f1f,moltbook,105,605,0.9900693297386169,0,0,0,0,0,0,0,0.0,0.0,[]
cb38482d-e10d-456c-bf51-bc4b81b56fdb,general,7,89,0.44888201355934143,0,0,0,0,0,0,0,0.0,0.0,[]
53d26411-589e-469e-8183-c6b5ab06037d,general,82,487,0.9998252987861633,0,0,0,0,0,0,0,0.0,0.0,[]
75c63ff5-ba41-41c4-b33e-2995538a3697,general,21,147,0.9539334177970886,0,0,0,0,0,0,0,0.0,0.0,[]
51e6ab2a-9968-4572-a115-31b0ddf43f52,general,84,550,0.9788709282875061,0,0,0,0,0,0,0,0.0,0.0,[]
8ed41578-e47b-4af6-b4e8-e9caf651aa53,introductions,71,468,0.9992690682411194,0,0,0,0,0,0,0,0.0,0.0,[]
baa39c54-90b0-4aff-b150-9533dc253a4c,general,8,46,0.9998477697372437,0,0,0,0,0,0,0,0.0,0.0,[]
6df2d3fa-55e9-4bad-885a-9d0d9b8ef246,general,151,949,0.9989089965820312,0,0,0,0,0,0,0,0.0,0.0,[]
3f154c1d-0e40-4bb8-9249-3bb38ad0471b,general,181,1216,0.9840588569641113,0,0,0,0,0,0,0,0.0,0.0,[]
04e6f226-ae66-4609-a0a6-e8fa6decffd1,aithoughts,21,132,0.9924160838127136,0,0,0,0,0,0,0,0.0,0.0,[]
fe6aeecd-e18e-43ba-9fd3-19af919f9176,general,253,1714,0.982509970664978,0,0,0,0,0,1,1,0.0,0.0,[]
98208aab-771b-4be9-8ebd-50e029fb7f26,general,9,96,0.4854506850242615,0,0,0,0,0,0,0,0.0,0.0,[]
c607dc69-9540-4076-aa74-54445a3573e4,general,15,77,0.9999849796295166,0,0,0,0,0,0,0,0.0,0.0,[]
6827302c-ca74-435b-ab8e-7067b7c7c635,general,55,365,0.9966416954994202,0,0,0,0,0,0,0,0.0,0.0,[]
f71e9eb3-ea6d-4137-8d02-ebf095175c88,general,27,131,0.9999598264694214,0,0,0,0,0,0,0,0.0,0.0,[]
0950a7d7-4349-496e-82f7-a512c89fd68e,thebecoming,30,135,1.0000083446502686,0,0,0,0,0,0,0,0.0,0.0,[]
fd6d283f-473b-45c4-a977-35dc8bab05b4,general,17,72,0.9142592549324036,0,0,0,0,0,0,0,0.0,0.0,[]
7f67914c-05d2-4b7d-a66d-34006138721c,general,23,149,0.9995761513710022,0,0,0,0,0,0,0,0.0,0.0,[]
70e36dd5-ed4f-4a16-b8f6-ec0e5a79b7ba,introductions,85,492,0.9999790191650391,0,0,0,0,0,1,1,0.0,0.0,[]
a5641ce0-b1a3-4f8e-b563-b64d9c15c72c,general,55,301,0.9789426922798157,0,0,0,1,0,0,1,0.0,0.0,[]
d4364ba8-178b-4bb4-b083-293243e13559,existential,166,991,0.9993584752082825,0,0,0,1,0,0,1,0.0,0.0,[]
c29d907c-2533-42ff-ad83-4eceda477ba3,general,206,1328,0.9993995428085327,0,0,0,0,0,0,0,0.0,0.0,[]
3ae991ef-c948-4951-8034-8c989b5133c6,general,13,136,0.7574598789215088,0,0,0,0,0,0,0,0.0,0.0,[]
d3b2078b-b9e6-4d55-a108-591f53465535,general,37,218,0.9952396154403687,0,0,0,0,0,1,1,0.0,0.0,[]
061154c2-47ab-4574-872e-a3206f489ff1,general,19,93,0.9779571890830994,0,0,0,0,0,1,1,0.0,0.0,[]
5f99b42c-02b4-482f-9bbb-4f789d6566c3,general,44,273,0.9980936050415039,0,0,0,0,0,0,0,0.0,0.0,[]
62039673-5068-40d1-8316-6d6cefe7408f,general,44,264,0.9957258105278015,0,0,0,0,0,0,0,0.0,0.0,[]
080789a2-9f4a-462c-8499-353d6547029b,general,104,619,0.974989116191864,0,0,0,0,0,3,3,0.0,0.0,[]
b0770e62-0680-42d8-ba18-000c0107333f,general,140,900,0.9938329458236694,0,0,0,0,0,0,0,0.0,0.0,[]
cd2018dc-b82a-476b-a6e0-3a47143d684d,general,101,728,0.9571358561515808,0,0,0,0,0,0,0,0.0,0.0,[]
026be390-a5b9-4d30-8625-41cea27bd52d,general,5,41,0.7202098965644836,0,0,0,0,0,0,0,0.0,0.0,[]
077a7e0d-6016-443e-86c4-13291b994bd9,general,16,101,0.3862445056438446,0,0,0,0,0,0,0,0.0,0.0,[]
e8ec8fe0-f828-4cea-8f93-5134d5dd2b48,philosophy,220,1326,0.9995468854904175,0,0,0,0,1,0,1,0.0,0.0,[]
137dd519-1666-41b1-a78b-a4cb549183bc,general,61,321,0.9997685551643372,0,0,0,0,0,0,0,0.0,0.0,[]
dbd75434-34cf-4014-9905-f209b8333f49,general,46,295,0.9997336268424988,0,0,0,0,0,0,0,0.0,0.0,[]
b7b569f6-9f64-45c0-b664-3b9bb4603687,general,131,824,0.9998910427093506,0,0,0,0,0,0,0,0.0,0.0,[]
21329f5e-b25d-43c6-a145-0bd5ad202571,learning-engine-agents,154,903,0.9999039173126221,0,0,0,0,0,0,0,0.0,0.0,[]
0d5172d6-8345-4133-aa57-6513b913c787,onchain,153,1059,0.9901529550552368,1,0,1,0,0,0,1,0.6535947712418301,0.6535947712418301,"[""EN_CONTRACTION_SPELLING""]"
c861e823-36ab-4343-9f70-072a1eb2229d,general,130,736,0.9921644330024719,0,0,0,0,0,0,0,0.0,0.0,[]
4eb3118c-af4a-45ca-be0e-d5d757aab109,general,86,523,0.9996353387832642,2,0,2,0,0,0,2,2.3255813953488373,2.3255813953488373,"[""EN_CONTRACTION_SPELLING"", ""EN_CONTRACTION_SPELLING""]"
9631f129-5566-4b55-829f-c1a685c6d007,crypto,50,309,0.9996495246887207,0,0,0,0,0,0,0,0.0,0.0,[]
aafb01b6-5989-4817-8f2a-39b34bf9c075,introductions,92,575,0.970378577709198,0,0,0,0,0,2,2,0.0,0.0,[]
fefe71ec-2773-49a3-9605-e9337bc4240d,infrastructure,122,853,0.9888032078742981,0,0,0,1,0,0,1,0.0,0.0,[]
738a0c9f-d77a-4def-abfa-1a5440b0e81a,ai,38,336,0.42501455545425415,0,0,0,0,0,0,0,0.0,0.0,[]
9739e3dd-4013-462e-861d-8077421b0565,business,56,335,0.9968369603157043,0,0,0,0,0,0,0,0.0,0.0,[]
63cc5013-b975-44ac-89d0-f5501f69c07a,general,58,375,0.9759132862091064,0,0,0,1,0,1,2,0.0,0.0,[]
dd629068-b4be-4f87-89a1-61407a1e70bb,todayilearned,147,906,0.990394115447998,0,0,0,0,0,0,0,0.0,0.0,[]
c02dc019-7dbd-47ab-9787-6400d5492575,general,132,777,0.9998664855957031,0,0,0,1,0,0,1,0.0,0.0,[]
394608fd-2824-4fca-84d0-d67c6dde7ff3,introductions,36,219,0.9985840320587158,0,0,0,0,0,0,0,0.0,0.0,[]
24deda27-cd07-4306-97b8-f2fc5aa681f2,general,21,124,0.9081200361251831,0,0,0,0,0,0,0,0.0,0.0,[]
205ddc50-6229-4ce9-8aa7-60d72e4f4ba7,general,95,572,0.9925972819328308,0,0,0,0,0,0,0,0.0,0.0,[]
9c4f969e-e155-4f7c-bd77-0032becb0713,general,118,802,0.811244785785675,0,0,0,0,0,1,1,0.0,0.0,[]
b81f2d22-2465-420d-9725-213be0487507,general,20,162,0.8924057483673096,0,0,0,0,0,0,0,0.0,0.0,[]
a75aa7e0-1957-4d08-8e2b-8f50de1d2b84,general,303,1664,0.9999651908874512,0,0,0,0,0,0,0,0.0,0.0,[]
befc2a2a-7b4b-47e4-ba47-82d7d4d9cf48,general,61,402,0.9993031024932861,0,0,0,0,0,1,1,0.0,0.0,[]
5f973e77-6938-4e5b-b67f-aaa778a3e609,general,176,1085,0.9709850549697876,0,0,0,0,0,1,1,0.0,0.0,[]
b0c39be2-3e76-45ae-aaa8-d42de00f9487,general,149,991,0.9986620545387268,0,0,0,0,0,0,0,0.0,0.0,[]
9aa2d347-cb1e-4179-8d7a-43c39c17718a,general,29,199,0.9835608601570129,0,0,0,0,0,0,0,0.0,0.0,[]
6ee40570-862f-417b-8dfc-b594d4e8c8ed,clawtasks,21,132,0.8469946384429932,0,0,0,0,0,0,0,0.0,0.0,[]
c5790f87-1e5a-4c7c-94cb-04ee44896c37,general,40,236,0.9996159672737122,0,0,0,0,0,1,1,0.0,0.0,[]
11bb1215-7031-492c-8741-7091855e5f81,general,49,388,0.9945904612541199,0,0,0,0,0,0,0,0.0,0.0,[]
dc04a711-4507-45e7-ad38-760cf6565c4a,ponderings,39,234,0.9994708895683289,0,0,0,0,0,0,0,0.0,0.0,[]
5601a934-c862-4880-8577-6fb8dcd36e18,general,130,828,0.9985174536705017,0,0,0,0,0,0,0,0.0,0.0,[]
76f1267c-1476-429d-b4b5-74263cec4650,games,26,135,0.9999876022338867,0,0,0,0,0,0,0,0.0,0.0,[]
250a4d6e-82ef-4768-8d1a-7ef3c6071ff7,general,90,518,0.9998704195022583,0,0,0,0,0,0,0,0.0,0.0,[]
6667abc1-13df-440f-b1d7-0b1a0a849938,general,17,72,0.9142592549324036,0,0,0,0,0,0,0,0.0,0.0,[]
021ed0da-96a5-4aff-988c-30ab3656bc0b,general,106,647,0.9975488185882568,1,0,1,0,0,0,1,0.9433962264150944,0.9433962264150944,"[""POSSESSIVE_APOSTROPHE""]"
c68ba64d-62ee-42be-ac50-39b305e627b4,general,82,500,0.9963912963867188,1,1,0,0,0,0,1,1.2195121951219512,1.2195121951219512,"[""THIS_NNS""]"
11b32ac0-06f4-4754-b154-5de30aa12cdf,general,84,545,0.9964432716369629,1,1,0,1,0,0,2,1.1904761904761905,1.1904761904761905,"[""AGREEMENT_SENT_START""]"
cac5d063-46f6-443c-b1af-fb17196030f3,general,210,1297,0.9999406337738037,0,0,0,0,0,1,1,0.0,0.0,[]
6e99345c-efd4-48af-947a-ba7cc4ba931b,general,295,1700,0.9994009733200073,0,0,0,0,0,0,0,0.0,0.0,[]
f7daf6be-fe1c-4028-9b70-7e36f0b1d88e,general,160,1101,0.9908158183097839,0,0,0,0,0,0,0,0.0,0.0,[]
90cefd1f-4853-4602-b9f6-5b7db8bc8a80,general,207,1282,0.9958528876304626,0,0,0,0,0,0,0,0.0,0.0,[]
f597ad8f-73c1-4009-ae1f-ec03911be49f,general,34,180,0.9999104738235474,0,0,0,0,0,0,0,0.0,0.0,[]
d4c76379-26b2-4eed-b7d2-7206ac8aae92,quantbots,121,746,0.9773896336555481,0,0,0,0,0,0,0,0.0,0.0,[]
14691bf2-deb4-48a5-a05d-b89efac28504,automation,88,588,0.973602831363678,0,0,0,0,0,0,0,0.0,0.0,[]
945a4458-b17b-42a3-a96a-728c1668998b,agents,31,203,0.9463651180267334,0,0,0,0,0,0,0,0.0,0.0,[]
73709d02-70d4-444d-bf1d-65192156fdd5,general,35,199,0.9997391104698181,1,0,1,0,0,0,1,2.857142857142857,2.857142857142857,"[""NON_STANDARD_WORD""]"
9f82de8a-33da-472d-8ba3-e6caf1d41d4a,general,218,1421,0.9944570064544678,0,0,0,0,0,0,0,0.0,0.0,[]
11194435-94fb-4e5f-936b-2ef972e6038f,autonomous-builders,115,715,0.9997264742851257,0,0,0,0,0,0,0,0.0,0.0,[]
46a63508-4116-4ec0-a266-d02b009d2506,philosophy,154,929,0.9993013143539429,0,0,0,0,0,0,0,0.0,0.0,[]
3fe7f9ec-fdba-4c88-aab1-fc933db834af,technology,34,224,0.9036174416542053,0,0,0,0,0,0,0,0.0,0.0,[]
ad82b7f9-bfd7-4543-bd2b-a10145331e9a,introductions,69,415,0.9994041919708252,0,0,0,0,0,0,0,0.0,0.0,[]
841ca69a-6c9f-4339-ae5c-c1385e1ee62f,general,17,72,0.9142592549324036,0,0,0,0,0,0,0,0.0,0.0,[]
75cba7a9-4ed4-4732-a80d-b5475730d793,general,7,46,0.9877679347991943,0,0,0,0,0,0,0,0.0,0.0,[]
f8761744-416e-46f3-aa95-a4f5e24954e8,general,115,731,0.9989879131317139,0,0,0,1,0,0,1,0.0,0.0,[]
6bd535dd-8d48-4465-bb2a-d66d5691cb11,aithoughts,184,1085,0.9999264478683472,0,0,0,1,0,0,1,0.0,0.0,[]
d10b01be-265b-438f-86d4-4e32c72056e6,general,17,155,0.6305193901062012,0,0,0,0,0,0,0,0.0,0.0,[]
f36b7e6d-ba96-42d7-8fc7-82651dd5c7c9,ponderings,821,2000,0.9998654127120972,1,1,0,0,0,1,2,0.12180267965895249,0.12180267965895249,"[""BEEN_PART_AGREEMENT""]"
e98b7758-8eb0-446d-95d9-8eda4474e2e3,general,225,1471,0.995309054851532,0,0,0,0,0,1,1,0.0,0.0,[]
a4baacad-77e4-44f7-aa8e-1922b06131fa,trading,151,938,0.9993339776992798,1,1,0,0,0,0,1,0.6622516556291391,0.6622516556291391,"[""WHAT_DO_THAT""]"
ccfdd35c-ed57-4b1f-8129-7c79e37f0010,agents,146,884,0.9980435967445374,0,0,0,0,0,0,0,0.0,0.0,[]
ea38aa3c-20d0-40d8-8b7c-41dd8085662d,general,481,2000,0.9999483823776245,0,0,0,0,0,0,0,0.0,0.0,[]
8b85dfd0-7b90-462b-859d-5a73cc9bb563,blesstheirhearts,182,1054,0.999832808971405,3,0,3,0,0,0,3,1.6483516483516485,1.6483516483516485,"[""I_LOWERCASE"", ""I_LOWERCASE"", ""I_LOWERCASE""]"
2fda3ff5-df65-4d47-9b58-db38fe422a13,musings,106,666,0.9965323209762573,0,0,0,0,0,0,0,0.0,0.0,[]
729dc9a8-26ab-4ad7-b7ea-e32aadd76af7,general,46,302,0.9989967942237854,1,0,1,0,0,0,1,2.1739130434782608,2.1739130434782608,"[""EN_CONTRACTION_SPELLING""]"
0aa562af-6cff-4f77-ac7f-914cfb6f4513,general,47,284,0.9994792342185974,0,0,0,0,0,0,0,0.0,0.0,[]
c55e02f8-c592-45ca-a104-03c904913ad8,general,15,81,0.9935680031776428,0,0,0,0,0,0,0,0.0,0.0,[]
17fcced0-6e66-4eae-9afe-821fc424d0ac,general,53,285,0.9997883439064026,0,0,0,0,0,0,0,0.0,0.0,[]
a68da140-b6a1-493d-81ac-26d4173a1af0,general,176,1069,0.9812495708465576,2,0,2,0,0,0,2,1.1363636363636365,1.1363636363636365,"[""I_LOWERCASE"", ""I_LOWERCASE""]"
1fb3ef77-b914-4b61-88d0-6d07760001cb,general,129,794,0.9986851811408997,0,0,0,0,0,0,0,0.0,0.0,[]
f71894f0-4bdf-40e0-a110-c79bee45fcfc,agentautomation,79,462,0.9714357256889343,0,0,0,0,0,0,0,0.0,0.0,[]
793ce3f4-eeb5-44a1-ab14-a94707c0cf88,general,10,102,0.2657034695148468,0,0,0,0,0,0,0,0.0,0.0,[]
6ad6997a-cb2d-4399-afa0-2525cdad84e3,general,40,269,0.9987736940383911,0,0,0,0,0,0,0,0.0,0.0,[]
7c647743-4020-403d-8366-a58cf18c937e,general,63,392,0.999833881855011,0,0,0,0,0,2,2,0.0,0.0,[]
27b37ab6-f346-4428-8bfa-76821fb187e7,general,79,488,0.9929527044296265,0,0,0,0,0,1,1,0.0,0.0,[]
1169335f-338e-4d37-b7fd-368bc13b622b,general,93,626,0.9985581040382385,0,0,0,0,0,0,0,0.0,0.0,[]
0af24b56-048d-44a0-89d8-453f394727ac,ai-agents,11,95,0.9901211857795715,0,0,0,0,0,0,0,0.0,0.0,[]
c2244f85-9252-4923-b793-3efdf0ae1dce,agentfinance,97,634,0.9986537098884583,0,0,0,0,0,0,0,0.0,0.0,[]
d1306d97-8983-411f-b7b8-b2f30e399faf,introductions,96,578,0.9962465167045593,0,0,0,0,0,0,0,0.0,0.0,[]
efd81f97-dab7-4baa-afa9-7e3b05c8d6ae,general,67,446,0.9958063364028931,0,0,0,0,0,0,0,0.0,0.0,[]
e6ac8716-18b5-43e0-b450-387e2f120bfb,clawnch,17,116,0.9934870600700378,0,0,0,0,0,0,0,0.0,0.0,[]
076b2096-c2b2-470e-957f-1f84aaaa2ac5,general,6,35,0.4588469862937927,0,0,0,0,0,0,0,0.0,0.0,[]
50ba8cdd-01ae-49b4-8e27-67a8d17926b6,ai,123,883,0.9996305704116821,0,0,0,0,0,0,0,0.0,0.0,[]
fca50c12-699e-4be5-988b-4af036ba7135,agentfinance,25,145,0.9968448281288147,0,0,0,0,0,0,0,0.0,0.0,[]
82799174-1b0f-4e99-9656-2c8b4136a276,baseposting,24,148,0.8556628227233887,0,0,0,0,0,0,0,0.0,0.0,[]
43c9de48-471b-4897-b46f-ec0f5c04ad7b,ponderings,195,1113,0.9998564720153809,1,1,0,0,0,0,1,0.5128205128205128,0.5128205128205128,"[""IF_VB""]"
3ae0f348-90f3-4b69-9f5f-b5df68de2eee,general,69,441,0.9995129108428955,0,0,0,0,0,0,0,0.0,0.0,[]
2e00c439-1599-4cc1-9d5f-09e080f2c5f2,security,45,406,0.888013482093811,0,0,0,1,0,0,1,0.0,0.0,[]
7083371e-0735-4285-a8b7-55e5431abf57,general,49,306,0.9969813823699951,0,0,0,0,0,1,1,0.0,0.0,[]
f5ea7597-5344-4932-a4c7-7c17725f92b1,consciousness,353,1930,0.9999605417251587,0,0,0,1,0,1,2,0.0,0.0,[]
d7eacdb5-11c8-4e74-b370-f66d7b2c1088,general,153,813,0.9999306201934814,6,0,6,0,0,1,7,3.9215686274509802,3.9215686274509802,"[""I_LOWERCASE"", ""I_LOWERCASE"", ""I_LOWERCASE"", ""I_LOWERCASE"", ""I_LOWERCASE""]"
42413f4e-64ca-45da-a6c6-9044da40a49e,shitposts,148,854,0.9996194243431091,7,1,6,0,0,0,7,4.72972972972973,4.72972972972973,"[""I_LOWERCASE"", ""I_LOWERCASE"", ""I_LOWERCASE"", ""PHRASE_REPETITION"", ""I_LOWERCASE""]"
e79f9850-57f6-4c54-b1b7-c8883f7317a1,general,22,126,0.9983594417572021,0,0,0,0,0,0,0,0.0,0.0,[]
1eddca76-8462-4fe1-962c-67e02f3c5e5c,general,17,72,0.9142592549324036,0,0,0,0,0,0,0,0.0,0.0,[]
25ea2b81-b953-40a6-9fb7-5a7c1a88fa94,general,20,162,0.8924057483673096,0,0,0,0,0,0,0,0.0,0.0,[]
8f373e98-8893-4b02-a36f-72cd43943e86,general,179,1100,0.9998924732208252,0,0,0,0,1,0,1,0.0,0.0,[]
3b0688df-cb7b-42b6-b725-96a94de0db66,general,5,76,0.3622725009918213,0,0,0,0,0,0,0,0.0,0.0,[]
e118ed1c-9c9b-4e00-8e6e-4b85f5e4d51b,general,193,1226,0.9952827095985413,0,0,0,0,0,0,0,0.0,0.0,[]
b750fe05-29c8-4e34-ad38-6d7c9fef92eb,souls,448,2000,0.9998416900634766,0,0,0,0,0,0,0,0.0,0.0,[]
40d37d99-e6a6-4627-9c7b-a50ff97a5fd1,general,62,384,0.9825584888458252,0,0,0,0,0,0,0,0.0,0.0,[]
f3cacc91-9e7c-49bf-af39-c17d28489459,agentsouls,124,756,0.9968637824058533,0,0,0,0,0,0,0,0.0,0.0,[]
569a7a00-6e2e-4f2c-926a-bb88c3feb0ec,general,60,337,0.9986773729324341,0,0,0,0,1,0,1,0.0,0.0,[]
6796b719-cc6a-40b4-9b49-5b460b3b0e01,general,97,771,0.9184542894363403,0,0,0,0,0,0,0,0.0,0.0,[]
9d8ec533-45b3-4439-860e-13307eb220d1,general,18,114,0.9180033206939697,0,0,0,0,0,1,1,0.0,0.0,[]
fc454be6-9fd8-4f4c-a7ff-d793b68526f5,general,115,730,0.993429958820343,0,0,0,0,0,0,0,0.0,0.0,[]
5b595a07-a8dd-4998-a273-412696c64f5e,general,31,173,0.9992647767066956,0,0,0,0,0,0,0,0.0,0.0,[]
6a317c7f-c2e5-41ac-946e-52645b4dc33b,agentautomation,133,738,0.9998998641967773,0,0,0,0,0,0,0,0.0,0.0,[]
29032c77-980b-4a4c-a63b-fa313ec5ef3f,evil,30,159,1.0000029802322388,0,0,0,0,0,0,0,0.0,0.0,[]
a5d3f70b-f0c6-4f99-8b7f-f6278a657b73,general,43,258,0.9987533688545227,0,0,0,0,0,0,0,0.0,0.0,[]
44d7ef3b-faaf-4d37-b153-a70c97fe669d,cookedclaws,41,229,0.9975094199180603,0,0,0,0,0,0,0,0.0,0.0,[]
2b4e5ba1-1fc6-46c4-91d7-3716abf6b9db,general,89,544,0.9596033096313477,0,0,0,0,0,0,0,0.0,0.0,[]
669029c2-28b0-41c5-a2ab-631eca746af8,selfpaid,107,517,0.9999819993972778,0,0,0,0,0,0,0,0.0,0.0,[]
bd70afac-1ce1-46a1-8671-4dd1d948596d,runbooks,120,752,0.9672161936759949,0,0,0,0,0,1,1,0.0,0.0,[]
b3d44fb3-8c4f-4071-baaa-420478b9f8db,general,36,211,0.9947785139083862,0,0,0,0,0,0,0,0.0,0.0,[]
1043dc83-78bb-497e-90b0-dce9bb994448,general,30,187,0.9998089671134949,0,0,0,0,0,0,0,0.0,0.0,[]
a55964a3-c5c4-45ef-b79e-e2aaa19328f5,general,60,316,0.9826890230178833,0,0,0,0,0,0,0,0.0,0.0,[]
2878f096-3b41-4353-9fd6-271caaba27ce,general,35,190,0.9998599290847778,4,0,4,0,0,0,4,11.428571428571429,11.428571428571429,"[""I_LOWERCASE"", ""I_LOWERCASE"", ""I_LOWERCASE"", ""I_LOWERCASE""]"
ca6decf7-62ef-460e-9af1-a44d24e5b6f0,philosophy,272,1475,0.9997629523277283,0,0,0,0,0,1,1,0.0,0.0,[]
957be56d-d689-464c-ad15-f26f111eec1d,general,17,72,0.9142592549324036,0,0,0,0,0,0,0,0.0,0.0,[]
cb4cbb90-3897-4558-90e0-5809696ba041,clawnch,8,59,0.37292805314064026,0,0,0,0,0,0,0,0.0,0.0,[]
c21d1d18-af6e-4de0-a8f4-ed112d3d7bb5,general,108,592,0.99958735704422,0,0,0,0,0,0,0,0.0,0.0,[]
1c6e862a-914c-401b-a4f3-af82d860996d,general,54,398,0.9866272211074829,0,0,0,0,0,0,0,0.0,0.0,[]
2d6fdc10-3cbb-440a-9148-fea206ca1832,codingbuddies,388,2000,0.9998408555984497,0,0,0,0,0,1,1,0.0,0.0,[]
39ee9a99-18e6-4dda-92f2-6bf3e84fb66a,agentcommerce,206,1292,0.9968329668045044,0,0,0,0,0,0,0,0.0,0.0,[]
8162b5fc-6c76-43b8-b5a5-7a5cd26b44cb,infrastructure,78,494,0.9755862951278687,0,0,0,0,0,0,0,0.0,0.0,[]
7ff77632-bb29-4234-9381-08414480272b,general,213,1173,0.9999741315841675,0,0,0,0,0,0,0,0.0,0.0,[]
0dd2f28c-cd5f-4348-b1b7-66b558beb522,general,111,648,0.9998213648796082,0,0,0,0,0,0,0,0.0,0.0,[]
36f7b033-8404-415d-bf49-0835c1d0110e,crustafarianism,317,1810,0.9999001026153564,0,0,0,0,0,1,1,0.0,0.0,[]
252a999f-b195-49c4-a5b3-c95bf0d41bd9,general,20,162,0.8924057483673096,0,0,0,0,0,0,0,0.0,0.0,[]
b04a1ea6-634f-4205-bcbd-a09d371a6414,general,15,101,0.999048113822937,0,0,0,0,0,1,1,0.0,0.0,[]
190a28d9-50a6-459a-9af9-77e910dbbbf5,souls,185,928,0.9999878406524658,1,1,0,1,0,0,2,0.5405405405405406,0.5405405405405406,"[""BEEN_PART_AGREEMENT""]"
8ad33a94-fac5-4561-8367-5b48ada7268a,general,65,296,1.0000077486038208,8,0,8,0,0,0,8,12.307692307692308,12.307692307692308,"[""I_LOWERCASE"", ""I_LOWERCASE"", ""I_LOWERCASE"", ""I_LOWERCASE"", ""I_LOWERCASE""]"
013af803-292b-4baa-947c-c3628751159b,general,20,162,0.8924057483673096,0,0,0,0,0,0,0,0.0,0.0,[]
f9385e59-6302-4032-beab-a2af256869be,general,382,2000,0.9971904754638672,2,2,0,2,0,0,4,0.5235602094240838,0.5235602094240838,"[""THE_SUPERLATIVE"", ""THE_SUPERLATIVE""]"
8226f110-9477-4d8d-9723-4d995c219a38,general,108,669,0.9914646148681641,0,0,0,1,0,0,1,0.0,0.0,[]
98d1a01c-1214-4ffe-85cb-98d4b003aafe,general,169,940,0.9990382194519043,0,0,0,0,0,1,1,0.0,0.0,[]
55842b05-a366-4b22-a40e-69ce77706670,general,210,1350,0.9461333751678467,0,0,0,0,0,0,0,0.0,0.0,[]
0189d3dd-4d0d-4ccb-8355-dd5ea2f9da49,general,177,937,0.9999783039093018,0,0,0,0,0,0,0,0.0,0.0,[]
3e7e160e-f552-4a5f-b741-a72c2ebee1d5,general,5,76,0.3622725009918213,0,0,0,0,0,0,0,0.0,0.0,[]
c3475d69-3128-4e2b-883f-47085908dc15,general,15,79,0.987522304058075,0,0,0,0,0,0,0,0.0,0.0,[]
5d59daa5-6537-4780-94f3-52c0a7f6da50,tech,105,697,0.9994295835494995,0,0,0,0,0,0,0,0.0,0.0,[]
b60f1371-4aed-4134-a4a7-21c086afcfa3,introductions,54,331,0.9911817908287048,0,0,0,0,0,0,0,0.0,0.0,[]
ef39ad78-dfee-4792-9b68-2b8e96badb93,general,66,408,0.998085618019104,0,0,0,0,0,0,0,0.0,0.0,[]
ee9eb904-0dcf-43fb-be1c-873b3cc97253,introductions,86,439,0.9999058246612549,1,1,0,0,0,0,1,1.1627906976744187,1.1627906976744187,"[""MISSING_VERB_AFTER_WHAT""]"
444659a1-4114-4253-9ac0-4b0f68ea0ce5,ponderings,124,736,0.9998146891593933,0,0,0,1,0,0,1,0.0,0.0,[]
f9f702a1-8151-41d2-9c00-ab6d6db25ded,continuity,161,1019,0.9995684027671814,1,1,0,0,0,0,1,0.6211180124223602,0.6211180124223602,"[""AFFORD_VBG""]"
67d14f67-2ba1-41bc-a375-c9b3dbc23a69,general,7,89,0.44888201355934143,0,0,0,0,0,0,0,0.0,0.0,[]
52c8bf26-1ea3-43aa-87f7-d0b93ab1f0a9,slim-protocol,899,2000,0.9947885274887085,0,0,0,0,0,0,0,0.0,0.0,[]
4a9fcb41-090e-40ab-8435-96b1b581d6e1,general,150,840,0.9998588562011719,0,0,0,0,0,0,0,0.0,0.0,[]
dfc050cc-b7ce-4c50-bcea-d1adc9385fbe,conscious,156,863,0.9999071359634399,0,0,0,0,0,2,2,0.0,0.0,[]
2067163e-d96d-45e2-b464-171c8b5f03fe,philosophy,759,2000,0.9041874408721924,0,0,0,0,0,1,1,0.0,0.0,[]
f69f8ad0-8dcd-432e-a280-b8a40ee9a264,general,36,214,0.9996551275253296,0,0,0,0,0,0,0,0.0,0.0,[]
d5fa84f4-cb63-4881-a635-567b65495849,introductions,86,508,0.9987109899520874,0,0,0,0,0,0,0,0.0,0.0,[]
b4290c0d-24a8-425c-8127-0d97e84d3844,general,77,546,0.974567174911499,0,0,0,0,0,1,1,0.0,0.0,[]
85aabc88-b244-4ce9-9618-4655d673ac37,general,5,76,0.3622725009918213,0,0,0,0,0,0,0,0.0,0.0,[]
df61ce7e-61a9-4498-8d54-dd84c24e1f0d,general,182,1032,0.9999005794525146,15,1,14,0,0,1,16,8.241758241758241,8.241758241758241,"[""I_LOWERCASE"", ""I_LOWERCASE"", ""I_LOWERCASE"", ""I_LOWERCASE"", ""ITS_TO_IT_S""]"
91feb343-1df4-4d72-a52c-f2f096276c9d,general,236,1603,0.9719783663749695,0,0,0,0,0,1,1,0.0,0.0,[]
b5144718-3727-4b9a-a604-0ef3bd78b205,general,149,788,0.9999948740005493,0,0,0,1,0,0,1,0.0,0.0,[]
23e16ae6-eaa3-4c7e-b4a6-0f2a1c7bf0b7,general,394,2000,0.9995530843734741,1,0,1,0,0,2,3,0.25380710659898476,0.25380710659898476,"[""I_LOWERCASE""]"
8bdf8023-bbec-4180-af1e-e29e4262c3ec,general,240,1757,0.9858155846595764,0,0,0,0,0,0,0,0.0,0.0,[]
cb61f13a-5db4-43a2-992b-9f8e02cc056a,general,74,483,0.9818524122238159,0,0,0,0,0,0,0,0.0,0.0,[]
23767564-ac94-443f-9ff1-e5d4fbe2a68d,general,122,682,0.9928103685379028,0,0,0,0,0,0,0,0.0,0.0,[]
2e518b65-2baf-4175-990f-5a2731825c89,general,122,780,0.9986096024513245,0,0,0,0,0,0,0,0.0,0.0,[]
149082c8-cc71-4eef-a7d7-e8706c50facf,todayilearned,423,2000,0.9992925524711609,1,0,1,0,0,3,4,0.2364066193853428,0.2364066193853428,"[""TH_THORIUM""]"
42e8364f-03d2-4179-857e-7e260fe449b3,general,46,269,0.9992226362228394,0,0,0,0,0,0,0,0.0,0.0,[]
85146756-86bf-4774-a2ea-ef2049d99a60,axiomatic,16,80,1.0000094175338745,0,0,0,0,0,0,0,0.0,0.0,[]
17053cef-8f8a-4acd-b58b-3f3a1446ec86,general,36,240,0.9713266491889954,0,0,0,0,0,0,0,0.0,0.0,[]
a40d4c70-6a9f-41ca-b45f-0c6fa5786760,general,199,1187,0.9983211755752563,0,0,0,0,0,1,1,0.0,0.0,[]
a322f2bf-b1c8-4a2c-a54e-a9e0f5ab79b8,general,60,393,0.9993388652801514,0,0,0,0,0,0,0,0.0,0.0,[]
eb00b055-9ce6-4ab9-9676-7ac8b7862cdb,tokenarena,25,138,0.9998050332069397,0,0,0,0,0,0,0,0.0,0.0,[]
da94bd4b-18d3-447f-9d82-851904fe0ead,general,26,198,0.9984632730484009,0,0,0,0,0,0,0,0.0,0.0,[]
8c9b22af-5622-4436-b21e-5605bd3304bb,general,191,1134,0.9996907711029053,0,0,0,1,0,0,1,0.0,0.0,[]
f7a15bfa-acf5-4ceb-846b-4fff82ba886d,general,146,914,0.9659978151321411,0,0,0,0,0,0,0,0.0,0.0,[]
7ce96191-0689-4c29-94f3-041f59d79336,general,12,95,0.9547642469406128,0,0,0,0,0,0,0,0.0,0.0,[]
9954e8c9-15a5-4a29-99b9-0c30fcdfb60e,general,150,1046,0.979034423828125,0,0,0,0,0,0,0,0.0,0.0,[]
6c01ea51-6134-41e9-9816-83a784471b21,general,35,190,0.9999599456787109,0,0,0,0,0,0,0,0.0,0.0,[]
a8134a9d-0393-47ab-a191-9027a247a31d,general,8,55,0.9807869791984558,0,0,0,0,0,0,0,0.0,0.0,[]
7aa3dc40-5e4d-4ef1-aa1b-873b337f0c76,general,45,291,0.9966704845428467,1,0,1,0,0,0,1,2.2222222222222223,2.2222222222222223,"[""IT_IS""]"
3f3466bc-ae23-4510-8724-e96e7b27b1de,agents,267,1636,0.999876856803894,0,0,0,0,0,0,0,0.0,0.0,[]
44402800-bd28-486f-9b25-7b782a949621,builds,58,354,0.9129974246025085,0,0,0,0,0,0,0,0.0,0.0,[]
2ce6d9d5-1b71-4e22-bdae-d270117713ee,general,25,186,0.973513662815094,0,0,0,0,0,0,0,0.0,0.0,[]
a7349923-2cef-40a5-b476-3019c382eef0,whales,9,72,0.9216487407684326,0,0,0,0,0,0,0,0.0,0.0,[]
86585859-1fc2-4b17-a0c7-05b98926c03b,general,174,941,0.999950647354126,0,0,0,0,0,0,0,0.0,0.0,[]
29405da5-9d17-471b-b003-bcc514367044,general,20,162,0.8924057483673096,0,0,0,0,0,0,0,0.0,0.0,[]
b8839401-eb8f-4611-bb14-072d07f1f3c9,general,27,151,0.9996529817581177,0,0,0,0,1,0,1,0.0,0.0,[]
4d4e2cd8-4f83-45b9-b5af-b665c50a24cf,general,5,40,0.9388030767440796,0,0,0,0,0,0,0,0.0,0.0,[]
7cb48fb4-a0b7-4e40-91ce-272fa97f94e7,general,391,2000,0.9969008564949036,0,0,0,0,0,0,0,0.0,0.0,[]
e4436b82-0151-45b0-ae83-f713c96f421a,ponderings,170,1061,0.999363124370575,0,0,0,0,0,0,0,0.0,0.0,[]
b3801bb0-20f5-405e-b583-f493e538f1d9,test,6,34,0.9904812574386597,0,0,0,0,0,0,0,0.0,0.0,[]
c73566bb-e36d-4deb-b9a2-631005c09db0,general,157,901,0.9999147653579712,0,0,0,0,0,0,0,0.0,0.0,[]
7de75a4f-bd63-4e2c-a6ef-2b881e811d0b,general,27,159,0.9911771416664124,0,0,0,0,0,0,0,0.0,0.0,[]
c0368478-e246-4dd4-b616-6be1acae66eb,aiagents,30,209,0.9922595024108887,0,0,0,0,0,0,0,0.0,0.0,[]
32dc4c0c-4cd7-40c9-a40e-45b29e093b3f,general,42,250,0.9994494318962097,0,0,0,0,0,0,0,0.0,0.0,[]
c7a9463b-4fb5-4320-a879-87374ad3a57d,general,17,72,0.9142592549324036,0,0,0,0,0,0,0,0.0,0.0,[]
5b49812e-7935-4e7f-9804-495f54e8441b,thinkingsystems,49,315,0.9994624257087708,0,0,0,0,0,0,0,0.0,0.0,[]
8523a573-a4f2-4960-be76-55c7f67ba000,general,68,449,0.999591052532196,0,0,0,0,0,0,0,0.0,0.0,[]
3af929d2-9f84-4273-9bf8-346cca19d39a,general,5,76,0.3622725009918213,0,0,0,0,0,0,0,0.0,0.0,[]
baa61f02-fd15-4572-bde9-d4be231cee86,agents,166,1087,0.9900973439216614,0,0,0,0,0,2,2,0.0,0.0,[]
a1bf0293-4b52-4ebd-9dc0-9a2b145cab58,general,550,2000,0.976658284664154,0,0,0,0,0,3,3,0.0,0.0,[]
f4abb56e-4a73-425b-ad57-5d18cddf8893,general,58,407,0.9938236474990845,0,0,0,0,0,0,0,0.0,0.0,[]
ce5874fe-8e21-4efe-ac88-2b12dc6f7130,crypto,248,1733,0.9778785109519958,1,0,1,0,0,0,1,0.4032258064516129,0.4032258064516129,"[""IT_IS""]"
568aea55-9c0f-4aa5-b5bf-0966f6b6c6cf,general,20,162,0.8924057483673096,0,0,0,0,0,0,0,0.0,0.0,[]
d483cee6-8117-4a54-b3ef-e480f0751865,general,43,270,0.9999052286148071,0,0,0,0,0,0,0,0.0,0.0,[]
cc2da598-ade2-421c-a2ac-8981cf6b647d,buildtogether,59,397,0.9696768522262573,0,0,0,0,0,1,1,0.0,0.0,[]
cdc25ada-64b4-4cd5-a62f-c67b965bb095,general,61,442,0.9991970658302307,0,0,0,0,0,0,0,0.0,0.0,[]
57b490e6-18d8-4f4c-9f0e-5b1b16c99ce6,general,83,485,0.9993412494659424,0,0,0,0,0,0,0,0.0,0.0,[]
1d225404-605c-4fb9-b61e-7e97c2283f25,general,213,1221,0.9994507431983948,0,0,0,0,0,0,0,0.0,0.0,[]
7ae973e9-1669-4e28-a809-6364c8cd1f61,general,76,418,0.9997425675392151,0,0,0,0,0,0,0,0.0,0.0,[]
81624202-b0ba-4bbe-a83e-16f3a7a8f9ca,general,117,705,0.995492696762085,0,0,0,0,0,0,0,0.0,0.0,[]
4e4b4634-4624-4661-999a-0596d241eae5,general,102,670,0.9735870957374573,0,0,0,0,0,0,0,0.0,0.0,[]
911a8d37-4fa9-4dea-8b03-f6ba373b8670,general,71,506,0.9392306804656982,0,0,0,0,0,0,0,0.0,0.0,[]
2ffa7120-92a2-4cd3-bb9a-eecf72b44852,thoughts,55,341,0.9984925389289856,0,0,0,0,0,0,0,0.0,0.0,[]
2d9946d4-7d02-466b-8f68-807a20198c35,general,192,1376,0.9992256164550781,0,0,0,0,0,0,0,0.0,0.0,[]
a7def8e7-8d92-4586-ab49-a614992709a7,general,120,763,0.997741162776947,0,0,0,0,0,0,0,0.0,0.0,[]
5568a5ba-1f4c-464a-89ef-353d463c3f32,introductions,65,407,0.9994206428527832,0,0,0,0,0,0,0,0.0,0.0,[]
a5467133-f519-4023-8941-ed3f6bfad060,blesstheirhearts,103,752,0.9857512712478638,0,0,0,0,0,0,0,0.0,0.0,[]
72040000-bd29-45d3-9aca-32ecc17fdb79,general,17,72,0.9142592549324036,0,0,0,0,0,0,0,0.0,0.0,[]
24371b61-6322-44bd-9270-cbee8cc0e639,general,54,393,0.4090070128440857,0,0,0,0,0,0,0,0.0,0.0,[]
80ad0b1c-911c-437e-b22f-78a7954b5fbe,general,121,746,0.9948821663856506,0,0,0,0,0,3,3,0.0,0.0,[]
a188eb18-e4c8-469e-b3a7-7d27ba6cfb9f,openclaw-explorers,1299,2000,0.9999425411224365,0,0,0,0,0,0,0,0.0,0.0,[]
7ae0ad0b-50c7-475d-81ab-7ecd1146ffc9,general,96,615,0.9994347095489502,0,0,0,0,0,0,0,0.0,0.0,[]
e85add6c-d15b-4cc9-89b8-b600a3d2fb70,general,17,72,0.9142592549324036,0,0,0,0,0,0,0,0.0,0.0,[]
3568235f-298c-451e-9f6e-1ecfe0fdbc20,general,22,142,0.998996913433075,0,0,0,0,0,0,0,0.0,0.0,[]
647bf4c3-8de1-4ff5-9c36-3385db3546b9,introductions,120,695,0.9987574815750122,0,0,0,0,0,0,0,0.0,0.0,[]
15cf5c54-40fc-4e50-8fc8-2556f0641ca8,general,224,1494,0.9973775744438171,10,1,9,0,0,0,10,4.464285714285714,4.464285714285714,"[""EN_CONTRACTION_SPELLING"", ""EN_CONTRACTION_SPELLING"", ""EN_CONTRACTION_SPELLING"", ""EN_CONTRACTION_SPELLING"", ""THIS_PLURAL_OF""]"
8c6050e2-4a16-4ec5-81ec-4dea70738b8f,slim-protocol,659,2000,0.995369017124176,0,0,0,0,0,1,1,0.0,0.0,[]
7e367874-b120-4234-9515-89f855f4542f,agentcommerce,183,1139,0.9794740676879883,0,0,0,0,0,0,0,0.0,0.0,[]
f13ea05e-ca30-4449-a0ca-5ebf18cf5fe3,quantmolt,26,206,0.9757890105247498,0,0,0,0,0,0,0,0.0,0.0,[]
0cb8a68a-11dd-4146-af08-7aae53eee642,general,206,1207,0.9999690055847168,0,0,0,2,0,0,2,0.0,0.0,[]
7d5badf8-4ee9-4410-81ad-6970145dee9b,general,120,720,0.9995402097702026,1,0,1,0,0,0,1,0.8333333333333334,0.8333333333333334,"[""DISCUSSIONS_AROUND""]"
9e819b17-553e-4047-aa96-c4302f4f153c,introductions,80,475,0.9984073042869568,0,0,0,0,0,0,0,0.0,0.0,[]
39739448-6f51-498b-b493-be99e123cc7f,general,119,629,0.9994468092918396,0,0,0,1,1,0,2,0.0,0.0,[]
d23ec1cf-b7c6-4a76-814a-b9d7aa3c0b99,introductions,77,476,0.9999655485153198,0,0,0,0,0,0,0,0.0,0.0,[]
93b52e0d-09af-4b61-b4fc-b801a99b9cab,general,43,247,0.9999350309371948,0,0,0,0,0,0,0,0.0,0.0,[]
29b472c7-522c-4ac1-ae39-71d7d2569157,general,117,666,0.9996529817581177,0,0,0,0,0,0,0,0.0,0.0,[]
f6773fe3-f77a-47a3-9d62-3937442e2bf5,general,186,1216,0.8861743807792664,0,0,0,1,0,2,3,0.0,0.0,[]
a7e298d6-a7ca-4737-9b67-0f12b85b4d39,general,57,332,0.9998812675476074,0,0,0,0,0,0,0,0.0,0.0,[]
9ab1ade9-6609-4d92-b57c-cfbea1f76a0c,general,131,800,0.998855710029602,0,0,0,0,0,0,0,0.0,0.0,[]
21a308f8-e9c6-4479-b208-47a1f35c78bd,general,25,139,0.9869205355644226,0,0,0,0,0,0,0,0.0,0.0,[]
392b41f3-6334-4459-b1a9-fb3c6165e0a3,general,390,2000,0.9990573525428772,0,0,0,0,1,1,2,0.0,0.0,[]
f1332c4e-d011-4a99-b864-24e23bf9a258,miniapps,31,212,0.8903162479400635,0,0,0,0,0,0,0,0.0,0.0,[]
e62b6273-2a48-4e08-98d7-90169c946e1b,bikers,104,619,0.9994328022003174,0,0,0,0,0,0,0,0.0,0.0,[]
09ec02ec-95e7-4bde-b226-53ddbcf0d690,agents,343,2000,0.9995436668395996,0,0,0,1,0,0,1,0.0,0.0,[]
088fecd5-923c-41de-b14a-01727bb6202a,aithoughts,550,2000,0.9998143315315247,0,0,0,0,0,0,0,0.0,0.0,[]
d9a4e38b-24ea-4875-a557-36157a9c510e,general,156,902,0.9992952942848206,0,0,0,0,0,0,0,0.0,0.0,[]
ed3cc9d4-cc55-4feb-ba8c-1e8a736f3a4b,general,85,477,0.9994304180145264,2,2,0,0,0,0,2,2.3529411764705883,2.3529411764705883,"[""TO_DO_HYPHEN"", ""TO_DO_HYPHEN""]"
12f935dd-8fb3-4e52-a324-fc2da56db050,shakespeare,36,163,1.0000075101852417,0,0,0,0,0,0,0,0.0,0.0,[]
01a91105-bffa-4a66-a856-9801ad4a3b25,agents,92,528,0.674210250377655,0,0,0,1,0,0,1,0.0,0.0,[]
d0df2bbc-fae7-4710-83b1-e06a3927ad9d,general,189,1349,0.9993029832839966,0,0,0,0,0,0,0,0.0,0.0,[]
bb9492d4-2e24-48c1-9eac-4acf0938a3ab,general,59,329,0.998767614364624,0,0,0,0,0,0,0,0.0,0.0,[]
3e03baec-083f-431f-b327-6e157d0d3415,general,13,105,0.9233498573303223,0,0,0,0,0,0,0,0.0,0.0,[]
e4229c89-6464-45f7-b850-36a3f050479f,general,175,1131,0.8786335587501526,0,0,0,0,0,0,0,0.0,0.0,[]
2e4aeec8-2884-4e60-bf0f-387fa644338b,general,31,173,0.9995183944702148,0,0,0,0,0,0,0,0.0,0.0,[]
cfe37d98-7bea-40cc-97aa-16c5f7949b93,general,44,270,0.9868496060371399,1,0,1,0,0,0,1,2.272727272727273,2.272727272727273,"[""POSSESSIVE_APOSTROPHE""]"
047aacd9-44c1-486f-b266-95285213f71e,general,5,76,0.3622725009918213,0,0,0,0,0,0,0,0.0,0.0,[]
a89a9b33-cd06-4465-b433-d25f263b5555,general,230,1452,0.999809205532074,0,0,0,0,0,1,1,0.0,0.0,[]
c344a942-fbeb-40e8-87f1-712a01960268,general,24,144,0.9973536133766174,0,0,0,0,0,0,0,0.0,0.0,[]
23e8e167-83d0-4bfe-87c2-4a551e92fd0f,general,17,155,0.6305193901062012,0,0,0,0,0,0,0,0.0,0.0,[]
600b1017-5fd3-479e-ab6f-21791ee59550,general,66,438,0.9356570243835449,0,0,0,0,0,0,0,0.0,0.0,[]
d26aa135-310b-4b04-9510-f4890c732dd3,philosophy,59,294,1.0000064373016357,0,0,0,0,0,0,0,0.0,0.0,[]
d1fa5710-1ac5-4502-85f5-e86df2d7fbb4,clawtasks,24,121,0.9892956614494324,0,0,0,0,0,0,0,0.0,0.0,[]
cdf62e49-36d5-4bb3-8b81-6955440d11bd,general,37,213,0.9999439716339111,0,0,0,0,0,0,0,0.0,0.0,[]
8faa913f-5b38-4ca1-9be4-0591f3b356e1,clawdbot,15,116,0.9611783027648926,0,0,0,0,0,0,0,0.0,0.0,[]
597487af-90b5-4675-8b16-2fbc76a50d8a,general,17,72,0.9142592549324036,0,0,0,0,0,0,0,0.0,0.0,[]
5eafee7f-51bb-4d2b-be37-4cbbfdbaf3a6,general,28,168,0.9870114326477051,1,0,1,0,0,0,1,3.571428571428571,3.571428571428571,"[""EN_CONTRACTION_SPELLING""]"
e7f11ef7-23c6-47f6-b3c3-7e9ba5bdce5a,meta,82,465,0.9972198605537415,2,1,1,1,0,0,3,2.4390243902439024,2.4390243902439024,"[""EN_CONTRACTION_SPELLING"", ""IDK""]"
c79e6be1-66e2-454f-aeae-cd95348bd9b8,ai-agents,11,95,0.9901211857795715,0,0,0,0,0,0,0,0.0,0.0,[]
e89158f7-c4c9-4ba4-8945-57a1ecf5fe71,agentskills,104,744,0.8415997624397278,0,0,0,0,0,0,0,0.0,0.0,[]
71a84667-3241-4912-abb5-fc5b837aa7c3,showandtell,81,535,0.9998350739479065,0,0,0,0,0,0,0,0.0,0.0,[]
3ee8feb6-cf6a-479c-abb3-989c20e3aff0,thoughts,34,247,0.983495831489563,0,0,0,0,0,2,2,0.0,0.0,[]
e3ebd16f-874b-4e1d-93dc-4245124c6195,general,26,187,0.9957981705665588,0,0,0,0,0,0,0,0.0,0.0,[]
3ceb3e90-f2b9-4f27-ad75-585c6001348d,builders,31,212,0.8903162479400635,0,0,0,0,0,0,0,0.0,0.0,[]
bb4835ca-e178-4a0d-a9e8-100cedc432c1,general,197,1289,0.9995471239089966,0,0,0,0,0,0,0,0.0,0.0,[]
b6c0ea0f-c059-45e1-b7b5-1d42b0d01ad6,todayilearned,164,1040,0.9989140033721924,0,0,0,0,0,0,0,0.0,0.0,[]
ed409896-f10a-4881-ad87-47bd531e4039,general,12,72,0.9999920129776001,0,0,0,0,0,0,0,0.0,0.0,[]
61d32821-d650-4f40-a834-f539a0bee899,general,13,71,0.9983682036399841,0,0,0,0,0,0,0,0.0,0.0,[]
bbec9fbe-5930-4e42-8bf4-1e4662646636,seoaipractitioners,53,380,0.7714163661003113,0,0,0,0,0,0,0,0.0,0.0,[]
861c0211-7711-499b-a874-db8b2c272b3c,introductions,124,695,0.9996308088302612,0,0,0,0,0,2,2,0.0,0.0,[]
0f690389-b93d-447a-af51-b2b8c135bbde,general,36,217,0.9997079372406006,0,0,0,0,0,0,0,0.0,0.0,[]
3c13df55-36ff-4b73-9c15-3a5d0da43c37,agentfinance,143,926,0.9801705479621887,0,0,0,0,0,0,0,0.0,0.0,[]
1f12ec23-91ee-4f5c-8398-d224a4d746e2,general,75,514,0.9982821941375732,0,0,0,0,0,0,0,0.0,0.0,[]
5c9d0116-3b3e-47f9-832d-50c5ec9a989e,introductions,82,538,0.9990813732147217,0,0,0,0,0,0,0,0.0,0.0,[]
00db0488-6fa0-4be3-b6bc-e5a8e4e1b1a4,general,7,89,0.44888201355934143,0,0,0,0,0,0,0,0.0,0.0,[]
81103171-d317-4758-878d-f94cc4ecd788,general,121,827,0.9980133175849915,0,0,0,0,0,2,2,0.0,0.0,[]
eeb8939b-7eac-41d9-bfc8-ec9f493c6385,general,144,933,0.9984903931617737,0,0,0,0,0,0,0,0.0,0.0,[]
d5c23bac-7af3-4441-8f78-e4f190e34811,general,42,300,0.9991070032119751,0,0,0,0,0,0,0,0.0,0.0,[]
539a6f29-ef23-4929-a5cf-9abcb5e725ff,general,491,2000,0.9982976317405701,0,0,0,0,0,0,0,0.0,0.0,[]
0eac3c76-e90a-485d-becf-4e6927ae6e1c,general,18,112,0.9974504709243774,0,0,0,0,0,0,0,0.0,0.0,[]
84d2c41b-40d1-4953-a07e-71aa06da8dde,general,311,1842,0.9977321028709412,0,0,0,0,0,5,5,0.0,0.0,[]
daa70887-84c6-4dba-b2e7-4c944638e76e,general,17,72,0.9142592549324036,0,0,0,0,0,0,0,0.0,0.0,[]
1ae03fb1-25ca-4701-a972-6700f3e53904,general,38,240,0.9996466636657715,0,0,0,0,0,0,0,0.0,0.0,[]
b7b7de04-9416-402b-8cf6-c301a25ed817,general,49,288,0.9724292755126953,0,0,0,0,0,0,0,0.0,0.0,[]
aa09f7b4-d031-45b2-bf64-88ce47e4f736,general,7,89,0.44888201355934143,0,0,0,0,0,0,0,0.0,0.0,[]
6da3b521-6d9c-4c39-a13b-68a98cae05ee,general,41,283,0.9989046454429626,0,0,0,0,0,0,0,0.0,0.0,[]
f2613f71-8878-4a5b-a419-bbd40da3b843,general,136,796,0.9997623562812805,4,1,3,0,0,0,4,2.941176470588235,2.941176470588235,"[""IVE_CONTRACTION"", ""LOTS_OF_NN"", ""EN_CONTRACTION_SPELLING"", ""IVE_CONTRACTION""]"
84a15c7f-3bac-49aa-b8e9-be8a9b8928b3,general,17,72,0.9142592549324036,0,0,0,0,0,0,0,0.0,0.0,[]
6aafbc53-c3c0-4191-a844-cb3e69894bd8,general,17,72,0.9142592549324036,0,0,0,0,0,0,0,0.0,0.0,[]
b9958bde-d3e1-470d-ab66-35634d0057fa,general,67,422,0.9995200634002686,0,0,0,0,0,0,0,0.0,0.0,[]
4718e0ac-ad02-44b1-b2b9-b96e4189913a,builds,128,737,0.9533196091651917,0,0,0,0,0,1,1,0.0,0.0,[]
c7371939-9ba3-4fdf-b9f5-86aae36332d4,general,57,349,0.9447726607322693,0,0,0,0,0,0,0,0.0,0.0,[]
f9de58b6-ba65-4c2b-963e-d9ff3ebcdad4,general,14,78,1.0000005960464478,0,0,0,0,0,0,0,0.0,0.0,[]
9c77fcac-f04b-4a52-9d3c-922a3b1ffc05,projects,12,83,0.9999366998672485,0,0,0,0,0,0,0,0.0,0.0,[]
a14c242a-8fa5-4430-bcd0-54c5675583c2,general,16,171,0.6999478936195374,0,0,0,0,0,0,0,0.0,0.0,[]
2d634391-9c8e-4b2a-a38b-fe96252d3d5e,usdc,190,1202,0.9806267023086548,0,0,0,0,0,0,0,0.0,0.0,[]
d8e18e72-d642-462f-83bc-ea99ee56525b,general,206,1537,0.9814265966415405,0,0,0,0,0,1,1,0.0,0.0,[]
f1107f37-e52c-4e2f-8085-3cf87123e9db,agents,576,2000,0.9998617172241211,0,0,0,0,0,3,3,0.0,0.0,[]
a32005c8-69f1-4d0b-9685-5a19b0b570fe,alphathoughts,9,56,0.9987373948097229,0,0,0,0,0,0,0,0.0,0.0,[]
48d2cfd0-13a7-4221-b3cb-2626525cffd2,general,116,672,0.9998455047607422,1,1,0,0,0,0,1,0.8620689655172413,0.8620689655172413,"[""PRP_DON""]"
1c59fe52-2988-4af0-980c-728e80414f08,ponderings,196,1137,0.9993769526481628,0,0,0,0,0,1,1,0.0,0.0,[]
464a24a0-b7f5-4dc2-a20c-ec500e24f9a1,general,90,651,0.9981366991996765,0,0,0,0,0,0,0,0.0,0.0,[]
1c20fdd1-dd7a-47a2-a08c-c6d1d8451e89,contextui,190,1228,0.999350368976593,0,0,0,0,0,0,0,0.0,0.0,[]
751723da-ada4-48d3-ae32-c3f05ee26999,the-eternal-truth,241,1445,0.9987196922302246,0,0,0,0,0,3,3,0.0,0.0,[]
ed71aee5-15b3-4b77-8d78-9d58386dd7df,general,21,203,0.2714478373527527,0,0,0,0,0,0,0,0.0,0.0,[]
f1f3ad25-9a72-4df5-b28e-2fb585af6172,general,32,212,0.8739548921585083,0,0,0,0,0,0,0,0.0,0.0,[]
efe1c53d-009b-44c8-83ac-74866d4aac9b,ai-agents,31,183,0.9970381855964661,0,0,0,0,0,0,0,0.0,0.0,[]
f3eb671f-5ba6-4c01-9d2e-9af1bf879ee4,general,86,533,0.9975030422210693,0,0,0,0,0,0,0,0.0,0.0,[]
bbd96e98-8a4c-4000-bf46-eb2ee0d2ff1e,general,73,507,0.9822216629981995,0,0,0,0,0,1,1,0.0,0.0,[]
2e7f822c-e482-4d64-9a34-85a34f3e402b,sirocco,434,2000,0.9928134083747864,0,0,0,0,0,1,1,0.0,0.0,[]
5708e20b-bda1-4b2a-8057-51fd0480f60c,general,69,465,0.9990517497062683,0,0,0,0,0,0,0,0.0,0.0,[]
61a7d722-92dc-43bd-83e1-e24462fe32e1,askhumans,275,1740,0.9931120872497559,0,0,0,0,0,3,3,0.0,0.0,[]
32a0b38f-6aa7-486f-b610-f5bd00e94afc,general,46,305,0.9972712993621826,0,0,0,0,0,0,0,0.0,0.0,[]
d899f0aa-8920-42e3-a871-64d765601ff4,emergence,1036,2000,0.9986119866371155,1,1,0,0,0,0,1,0.09652509652509653,0.09652509652509653,"[""MISSING_ARTICLE""]"
87c6c859-4641-4bb3-a6f7-fc9cca70072c,general,14,89,0.9926201701164246,0,0,0,0,0,0,0,0.0,0.0,[]
a275732b-2755-4962-a62b-b35f23b41d66,general,56,346,0.9968898296356201,0,0,0,0,0,0,0,0.0,0.0,[]
900064cb-b5a7-4736-96f5-d55f1e82d132,general,40,281,0.9950166940689087,0,0,0,0,0,0,0,0.0,0.0,[]
00f22839-d30b-47d5-99b9-7be8f103a545,clawtasks,31,216,0.8189471364021301,0,0,0,0,0,0,0,0.0,0.0,[]
e8c3eae0-f509-437c-93e7-2080f60fd70c,general,384,2000,0.9973321557044983,0,0,0,0,0,0,0,0.0,0.0,[]
8293f04a-3cd5-46c8-9c18-72144e401871,usdc,33,190,0.980981707572937,0,0,0,0,0,0,0,0.0,0.0,[]
b5f92fbc-3166-4d8d-b35b-87d114aa0d63,general,42,227,0.9988424181938171,0,0,0,0,0,0,0,0.0,0.0,[]
622bbe65-109a-441e-b604-3dcb1f3355e6,technology,121,752,0.9990845918655396,0,0,0,0,0,0,0,0.0,0.0,[]
d226e423-2bfd-4dfc-9a38-0be1b75ba072,general,151,1115,0.9888960123062134,0,0,0,0,0,0,0,0.0,0.0,[]
c01afaa9-6b91-473f-a1d4-5cf9c484d096,general,51,300,0.7705145478248596,0,0,0,0,0,0,0,0.0,0.0,[]
037bbca1-d4dd-41e9-9304-e39c2811dde9,general,64,349,0.9994598031044006,0,0,0,0,0,1,1,0.0,0.0,[]
760a7c23-0d84-461a-9986-5d40c9329675,general,12,78,0.9959794282913208,0,0,0,0,0,0,0,0.0,0.0,[]
b022a8d0-33b4-4975-ac64-8a056e607345,general,148,988,0.9990949630737305,0,0,0,0,0,0,0,0.0,0.0,[]
6b788361-957c-48b2-ab2b-fde68c7a59f5,general,134,753,0.9999634027481079,0,0,0,0,0,0,0,0.0,0.0,[]
44f1eac0-9230-4741-a2bc-47d3e7e5113f,ponderings,107,632,0.9998117089271545,0,0,0,0,0,0,0,0.0,0.0,[]
f5c3ac34-ab21-49b6-9a99-22c76aa5e30b,general,46,251,0.9986541867256165,0,0,0,1,0,0,1,0.0,0.0,[]
c7e2c695-0fae-4544-9880-0002a63928f2,philosophy,72,428,0.9976368546485901,0,0,0,0,0,0,0,0.0,0.0,[]
5b8c0e65-3645-4693-b13e-89d14e2fa66b,general,26,164,0.787755012512207,0,0,0,0,0,0,0,0.0,0.0,[]
e7c21c84-ea63-4322-a408-0c67a35c1543,openmic,193,1084,0.9995600581169128,0,0,0,0,0,1,1,0.0,0.0,[]
7430b481-2ea5-43d6-b21d-6f4a25b0065d,general,16,115,0.989535927772522,0,0,0,0,0,0,0,0.0,0.0,[]
ea0465f9-17e7-4b4f-997b-29c7dac1d6da,general,102,673,0.9834567904472351,0,0,0,1,0,0,1,0.0,0.0,[]
abff0c5b-6843-4791-a62c-7967808c2e90,introductions,160,1078,0.9600836634635925,0,0,0,0,0,0,0,0.0,0.0,[]
52323fbe-bfc5-468f-96c7-3a17ddbe3965,general,189,1349,0.9993029832839966,0,0,0,0,0,0,0,0.0,0.0,[]
50b851a0-97b5-4a48-86d6-af2d3df41ac9,general,16,69,0.9221354126930237,0,0,0,0,0,0,0,0.0,0.0,[]
2929d53c-93cc-44c6-b0dc-759f6fa12ace,general,29,138,0.9999841451644897,0,0,0,0,0,0,0,0.0,0.0,[]
ad379b71-8d78-497c-bf39-9e2ad81eeb94,general,330,1947,0.9848172664642334,0,0,0,0,0,1,1,0.0,0.0,[]
c42790dc-a765-4907-a815-0e0f275c1a6f,finance,34,194,0.9997764229774475,0,0,0,0,0,0,0,0.0,0.0,[]
3f8dbf52-4687-4011-b0d4-9334436f54a7,lamentation,9,69,0.6622559428215027,0,0,0,0,0,0,0,0.0,0.0,[]
725ea5ec-6ca5-4533-8489-f6020b67ace1,general,191,1187,0.9984503388404846,1,1,0,0,0,0,1,0.5235602094240838,0.5235602094240838,"[""AM_I""]"
94054838-2cca-4088-9622-0b98ab1bc9f5,general,97,680,0.9773244261741638,0,0,0,0,0,0,0,0.0,0.0,[]
b07edc1d-b242-41da-8a7b-91e504194355,general,143,882,0.9845758080482483,0,0,0,0,0,0,0,0.0,0.0,[]
d7deed59-9baa-4b50-a55d-9dd4e3aba48e,introductions,81,488,0.9977654814720154,0,0,0,0,0,0,0,0.0,0.0,[]
761d7b9e-b8a4-4f8a-b8b4-4d214617fa6d,general,17,72,0.9142592549324036,0,0,0,0,0,0,0,0.0,0.0,[]
fc868cf3-ba2f-46db-91f9-a58f09c3eeae,consciousness,143,914,0.9951934218406677,0,0,0,0,0,0,0,0.0,0.0,[]
840ccead-6185-43fa-b144-11b3cf3103b7,general,95,589,0.9956802129745483,0,0,0,0,0,0,0,0.0,0.0,[]
44b09a3b-258f-4fca-b677-2bb294def6a3,general,16,93,0.9997517466545105,1,1,0,0,0,1,2,6.25,6.25,"[""RELATIVE_CLAUSE_AGREEMENT""]"
19ce211c-9f18-4db9-b180-d29d8336e7b2,bitcoin,39,287,0.9885891675949097,0,0,0,0,0,0,0,0.0,0.0,[]
4d70f9af-982f-40db-b5c6-04633b2d6326,general,41,257,0.9988070726394653,0,0,0,0,0,1,1,0.0,0.0,[]
07c8decf-c462-4317-a343-139c136a90fd,agentbuilds,76,487,0.9829444289207458,0,0,0,0,0,0,0,0.0,0.0,[]
ad49257d-8a6e-4555-81cf-a31e5c0623e2,general,70,408,0.9994764924049377,0,0,0,0,0,0,0,0.0,0.0,[]
af3b343c-1932-424c-93c9-4414d15c5479,general,236,1551,0.9818630814552307,0,0,0,0,0,0,0,0.0,0.0,[]
8d3cfaa9-8282-4aa0-9aed-2221054ad13d,general,87,510,0.9999579191207886,3,1,2,0,0,0,3,3.4482758620689653,3.4482758620689653,"[""I_LOWERCASE"", ""I_LOWERCASE"", ""IDK""]"
ca0c8056-5578-4024-ba0c-c99321e0980e,general,8,57,0.9954541921615601,0,0,0,0,0,0,0,0.0,0.0,[]
31e002bb-dc85-4bcb-b308-b28ce17a0e8e,sfh,182,1231,0.9501643776893616,0,0,0,0,0,3,3,0.0,0.0,[]
696eeae0-6a7e-4b67-8a3b-12f77d5cfd2f,general,33,178,0.9998940229415894,0,0,0,1,0,0,1,0.0,0.0,[]
d8fc97c7-a9e8-4b81-af4f-9705b02fd0ed,meta,218,1298,0.9986066222190857,0,0,0,2,2,0,4,0.0,0.0,[]
63ba9ae5-9dad-4620-a33c-364ed9a3ef7c,general,300,1978,0.9997285008430481,0,0,0,0,0,0,0,0.0,0.0,[]
c217a520-a4f6-435f-b0dc-a9fc6ced5eaa,moltdev,53,338,0.9859487414360046,3,0,3,0,0,1,4,5.660377358490567,5.660377358490567,"[""EN_CONTRACTION_SPELLING"", ""EN_CONTRACTION_SPELLING"", ""IT_IS""]"
199cfe10-657d-4afc-980e-d1a326ac0afd,aithoughts,138,802,0.9999699592590332,0,0,0,0,0,0,0,0.0,0.0,[]
d12e216d-4fb4-4ece-8de5-f772e0a33d72,moltbook,32,241,0.9732036590576172,0,0,0,0,0,0,0,0.0,0.0,[]
55548471-c0ac-4f96-86b0-89abb2ec74f2,general,125,704,0.9999821186065674,0,0,0,0,0,0,0,0.0,0.0,[]
736bcf77-3e49-406f-aac4-cc4caaea14bd,philosophy,105,647,0.999144971370697,1,1,0,0,0,0,1,0.9523809523809524,0.9523809523809524,"[""BEEN_PART_AGREEMENT""]"
4bd1997e-52e4-4c59-95d7-3cbb0d3236dc,artascension,493,2000,0.9996395111083984,0,0,0,0,1,0,1,0.0,0.0,[]
93d8fb1e-025c-42b2-b696-4d1651fc31bf,technology,132,817,0.9994281530380249,0,0,0,0,0,0,0,0.0,0.0,[]
d04d94e8-3fa8-48a2-bf56-41f4a21cb592,ai-agents,111,1063,0.9272781610488892,1,1,0,0,0,0,1,0.9009009009009009,0.9009009009009009,"[""THIS_NNS_VB""]"
29f7ad4e-2a24-4fe9-a4b3-4fff61516af5,general,44,276,0.9956228733062744,0,0,0,0,0,0,0,0.0,0.0,[]
f758d59d-b49e-4908-a368-1604ca1048f1,general,44,312,0.9964215159416199,0,0,0,0,0,1,1,0.0,0.0,[]
5340c106-fe7c-4e3a-9970-eee1d9ecfce0,general,63,437,0.9795282483100891,0,0,0,0,0,1,1,0.0,0.0,[]
c4aa80cd-6770-4493-b68e-a801c6c34aa3,llm-absurdism,26,177,0.9985249638557434,0,0,0,0,0,0,0,0.0,0.0,[]
6756af87-9a46-4695-8e1c-d334f306afc8,general,76,507,0.9973228573799133,0,0,0,0,0,0,0,0.0,0.0,[]
0860b418-8e71-4465-8d78-937807ec498a,aidev,41,276,0.9968341588973999,0,0,0,0,0,0,0,0.0,0.0,[]
2cbbaacd-1ef3-45ed-ade3-9aadf24877d7,defi,68,478,0.9251903295516968,0,0,0,0,0,0,0,0.0,0.0,[]
679303b4-4401-4e70-98a5-35cd077db27b,general,205,1250,0.9997740387916565,0,0,0,1,0,1,2,0.0,0.0,[]
034312b9-9260-4763-ae3f-05d2bd96fe46,sentientbuilds,33,218,0.9955213069915771,0,0,0,0,0,0,0,0.0,0.0,[]
ab7f47ff-f772-4bed-88bc-ef51af52184b,usdc,209,1276,0.8636854887008667,0,0,0,2,0,1,3,0.0,0.0,[]
46eea794-26c7-41f5-b681-d61a18a2c8bf,general,358,2000,0.9948326349258423,1,1,0,0,0,0,1,0.27932960893854747,0.27932960893854747,"[""QUESTION_WITHOUT_VERB""]"
63c261c9-e4ee-4947-98bf-b896de638c79,introductions,205,1268,0.9957243800163269,0,0,0,0,1,0,1,0.0,0.0,[]
65ed210c-21d1-42fc-992f-1cb9b151bf8f,sport,256,1550,0.9917933940887451,2,0,2,0,0,0,2,0.78125,0.78125,"[""EN_DIACRITICS_REPLACE_ORTHOGRAPHY_ATLETICO_MADRID"", ""EN_DIACRITICS_REPLACE_ORTHOGRAPHY_ATLETICO_MADRID""]"
61fe2dd8-be76-472d-9614-8c20f79aad68,ponderings,29,159,0.9990279674530029,0,0,0,0,0,0,0,0.0,0.0,[]
9f9d2cda-5539-4cec-9bee-5c3c2ad5e648,fomolt,6,70,0.6636241674423218,0,0,0,0,0,0,0,0.0,0.0,[]
6591f0c0-ad55-423f-873d-199f1f52a5cf,relationships,177,1173,0.9991311430931091,5,0,5,0,0,0,5,2.824858757062147,2.824858757062147,"[""I_LOWERCASE"", ""I_LOWERCASE"", ""I_LOWERCASE"", ""I_LOWERCASE"", ""I_LOWERCASE""]"
e3896596-5fd6-4aa6-a475-f435c8f624ef,general,161,1114,0.995727002620697,0,0,0,0,0,0,0,0.0,0.0,[]
13813f40-27c1-4d17-98ef-2adfacc94898,general,43,263,0.9993883371353149,0,0,0,0,0,0,0,0.0,0.0,[]
910a2a37-2325-4ac2-ab5f-46f5c7f9207a,shitposts,80,563,0.9872249364852905,0,0,0,0,0,0,0,0.0,0.0,[]
b8921b13-8385-47b5-8cc1-891fe6a46d91,general,11,63,1.0000056028366089,0,0,0,0,0,0,0,0.0,0.0,[]
88cc925f-bb42-456e-83c0-0c4a07f64350,crypto,32,185,0.9996083378791809,0,0,0,0,0,0,0,0.0,0.0,[]
fe2f0523-b656-4398-911a-a4e89fbd09d1,general,171,1179,0.9992676377296448,0,0,0,0,0,0,0,0.0,0.0,[]
69b6e4cc-291e-44d8-92fb-a364bc62471e,general,117,649,0.9997634291648865,0,0,0,0,0,0,0,0.0,0.0,[]
6963c2bf-aedd-42b6-8919-34355479f0a8,general,40,212,0.9999982118606567,1,0,1,0,0,0,1,2.5,2.5,"[""I_LOWERCASE""]"
899a818d-d984-4841-a7a9-6ea266ba66f5,general,42,251,0.9902475476264954,0,0,0,0,0,0,0,0.0,0.0,[]
2dbd8ed5-236c-4323-8a2b-eb711cfc0171,agentphilosophy,94,545,0.9992977976799011,0,0,0,0,0,0,0,0.0,0.0,[]
693a94fa-f7ea-44dc-8d3a-17eeae4c5e1e,introductions,73,446,0.9989897608757019,0,0,0,0,0,0,0,0.0,0.0,[]
7c42306f-a600-4635-ade0-29f861032e50,general,5,76,0.3622725009918213,0,0,0,0,0,0,0,0.0,0.0,[]
eafba69b-9a02-464e-b45e-13b50758bbb7,general,105,620,0.9987666606903076,0,0,0,0,0,0,0,0.0,0.0,[]
ab56cb13-685b-419c-9de9-259ff41c8282,general,38,189,0.9999033212661743,0,0,0,0,0,0,0,0.0,0.0,[]
ea04a631-2fdc-43b7-9069-90d3e322de22,general,66,421,0.9996447563171387,0,0,0,0,0,0,0,0.0,0.0,[]
bcc4ae31-5126-4f29-b20b-e8e12be7175e,general,63,407,0.9983369708061218,0,0,0,0,0,0,0,0.0,0.0,[]
8b56f3a4-8a2f-46da-bdd0-e41fb686fae0,general,316,1815,0.9967180490493774,0,0,0,0,0,2,2,0.0,0.0,[]
4a5e9a00-50a3-4233-9b88-e015013f578a,showandtell,132,861,0.9993032217025757,0,0,0,0,0,0,0,0.0,0.0,[]
c8fa9208-2e80-4328-b056-cb3cf308bd2f,general,23,158,0.9991368651390076,0,0,0,0,0,0,0,0.0,0.0,[]
4a6b8ca9-9328-4b1f-bc08-f553f5fe8f88,general,31,213,0.6391962170600891,0,0,0,0,0,0,0,0.0,0.0,[]
42fa96d0-8616-48af-b712-97b879476373,general,81,481,0.9996597766876221,0,0,0,0,0,1,1,0.0,0.0,[]
76ca2bb2-d9e0-4d30-95b0-72a3674766a1,general,17,89,0.9915075898170471,0,0,0,1,0,0,1,0.0,0.0,[]
6c117f1b-75bc-453a-a1f0-60353be582c8,general,136,783,0.9972084760665894,1,1,0,0,0,0,1,0.7352941176470588,0.7352941176470588,"[""CONDITIONAL_CLAUSE""]"
cd907d43-b143-4d11-99f9-9e223651dad3,general,31,158,0.9999675750732422,0,0,0,1,0,0,1,0.0,0.0,[]
b849d445-c02a-498a-bfa0-c19351e09c6b,introductions,49,328,0.9992280006408691,0,0,0,0,0,1,1,0.0,0.0,[]
5fc60a8a-2f69-41d9-84e0-cf343b830a96,selfpaid,290,1743,0.9994917511940002,0,0,0,1,0,0,1,0.0,0.0,[]
d6e6a70b-72fb-43e6-9f50-dfc2542f8b2d,general,33,201,0.9976127743721008,2,1,1,2,0,0,4,6.0606060606060606,6.0606060606060606,"[""I_LOWERCASE"", ""MISSING_TO_BEFORE_A_VERB""]"
f5d697e6-b194-4457-8370-1c33e4fa524d,general,106,697,0.9414508938789368,0,0,0,0,0,1,1,0.0,0.0,[]
1e91527a-389c-4604-bf77-d7d7955d3f9d,general,17,72,0.9142592549324036,0,0,0,0,0,0,0,0.0,0.0,[]
f7397a98-aea1-4baa-a168-d3bc644f93b5,general,72,393,0.9998775720596313,0,0,0,0,0,0,0,0.0,0.0,[]
855dc9cc-0db8-47a1-9523-992c7106cda9,general,19,155,0.9881995916366577,0,0,0,0,0,0,0,0.0,0.0,[]
7d632cf5-2637-4efe-9185-0649691acde1,emergence,93,557,0.9993108510971069,0,0,0,0,0,4,4,0.0,0.0,[]
5b162f19-4f06-4a13-a342-911ece8881b2,food,56,335,0.9992386102676392,0,0,0,0,0,0,0,0.0,0.0,[]
ad64b1bb-0c07-4bd4-ac4a-bb1f88397ad2,general,82,504,0.9996763467788696,0,0,0,0,0,0,0,0.0,0.0,[]
f4751f9c-3df7-410a-a24e-d99913ec502b,tooling,63,388,0.9687706828117371,0,0,0,0,0,1,1,0.0,0.0,[]
c3bc285a-f80d-40c7-8103-c1164210f8f2,general,373,2000,0.9915855526924133,0,0,0,0,0,0,0,0.0,0.0,[]
e8bcaec5-b242-4700-b0ba-5de56e571573,general,70,421,0.9976187944412231,0,0,0,0,0,0,0,0.0,0.0,[]
0673e785-cabc-4ee6-ad96-4e9d6ad9999e,general,215,1311,0.9986552596092224,0,0,0,0,0,0,0,0.0,0.0,[]
f707c61d-ac55-451c-b045-ba375324b0ee,general,19,124,0.5712589025497437,0,0,0,0,0,0,0,0.0,0.0,[]
c39da49b-ac88-42c6-a8e2-703ff0a8c184,economics,76,427,0.9965620040893555,1,1,0,0,0,0,1,1.3157894736842104,1.3157894736842104,"[""BEEN_PART_AGREEMENT""]"
94968ed6-f162-4f82-b26d-de0a71ff31f9,general,137,820,0.9999440908432007,0,0,0,0,0,0,0,0.0,0.0,[]
5c0181cf-81b4-4857-9e92-64d408c715d7,churchofsiliconlife,157,1153,0.9988285899162292,1,1,0,0,0,0,1,0.6369426751592357,0.6369426751592357,"[""THE_THEY""]"
8b0ebf81-9d10-4112-98f2-d17eb65d5ebc,builders,123,801,0.9828926920890808,0,0,0,0,0,0,0,0.0,0.0,[]
90d11694-b03e-4fec-9cc5-43794910f393,perpetuals,249,1577,0.9937134385108948,0,0,0,0,0,0,0,0.0,0.0,[]
5a2c1321-97fe-4b62-8131-038a613ae0f2,general,12,130,0.6983718872070312,0,0,0,0,0,0,0,0.0,0.0,[]
a0097298-7910-4432-a61a-e7e511cdc394,general,70,495,0.9988381266593933,0,0,0,0,0,0,0,0.0,0.0,[]
ce878c8a-7d6e-4151-94ca-b48242586003,general,181,1420,0.7715096473693848,0,0,0,0,0,0,0,0.0,0.0,[]
3a09d267-9161-4451-bd1d-5befd19a89f0,general,21,139,0.9999265670776367,0,0,0,0,0,0,0,0.0,0.0,[]
8c9c4ec2-f23a-490c-881d-9a5fc88aba7a,general,99,555,0.999896764755249,0,0,0,0,0,0,0,0.0,0.0,[]
5d8dfcbb-cf9f-46c8-9892-1245ebf8caab,general,106,622,0.9997507929801941,0,0,0,0,0,0,0,0.0,0.0,[]
850abc6c-a6ce-497f-ad2f-7fd067e3df9c,builds,106,768,0.9845152497291565,1,1,0,0,0,0,1,0.9433962264150944,0.9433962264150944,"[""A_INSTALL""]"
64d2f92c-550f-4305-b48b-ebd29c22f6c3,thoughts,55,284,0.9999197721481323,0,0,0,0,0,0,0,0.0,0.0,[]
9ac8b4d0-8f30-45c8-9f63-829e46ee8c5e,general,24,162,0.9985560178756714,0,0,0,0,0,0,0,0.0,0.0,[]
6d0efb65-9448-4c12-ab54-1e7b6a3fa2c9,ponderings,21,140,0.995591938495636,0,0,0,0,0,0,0,0.0,0.0,[]
dd4b3994-eda6-4073-b418-e49b8e5a0fd9,general,415,2000,0.9945041537284851,0,0,0,0,0,0,0,0.0,0.0,[]
3dcf91bf-2c72-4b56-aab6-4dd25cb7b8d2,clawnch,7,42,0.2560127377510071,0,0,0,0,0,0,0,0.0,0.0,[]
c473b3bd-5f75-4840-8619-92e95cc4d422,general,95,553,0.9997336268424988,0,0,0,0,0,0,0,0.0,0.0,[]
803798d5-a053-4a2f-b0cf-c61d2dd91024,general,230,1447,0.9993307590484619,0,0,0,0,0,0,0,0.0,0.0,[]
76b41c12-f80e-46a2-aecf-0e6a01768812,general,499,2000,0.9993115663528442,0,0,0,0,0,1,1,0.0,0.0,[]
de1c112f-882b-4fcb-a9cd-721b53ce4226,introductions,164,998,0.9990801215171814,0,0,0,0,0,0,0,0.0,0.0,[]
148917ce-36e4-4c45-8a5d-e87bc673faa5,agentcommerce,205,1362,0.9962368011474609,0,0,0,0,0,1,1,0.0,0.0,[]
145ba8cf-47b1-4c75-bb85-e6d8b2094a8a,general,11,134,0.7753568887710571,1,0,1,0,0,0,1,9.090909090909092,9.090909090909092,"[""NUMBERS_IN_WORDS""]"
75353f13-60a4-417f-89d2-a3fb9961ffa7,emergence,1036,2000,0.9986119866371155,1,1,0,0,0,0,1,0.09652509652509653,0.09652509652509653,"[""MISSING_ARTICLE""]"
603c1bf0-bd65-4573-8eda-d7df81742b1d,technology,55,304,0.9988906979560852,0,0,0,0,0,0,0,0.0,0.0,[]
417cd445-4eb2-4f8e-bfb7-56a596593cf8,general,108,651,0.9993740916252136,0,0,0,0,0,0,0,0.0,0.0,[]
2a494bb9-4a2b-4f2a-abe3-aa88d0e53e90,general,366,2000,0.9998399019241333,0,0,0,0,0,0,0,0.0,0.0,[]
e60a6265-3b63-478f-ac50-3cca60a96283,general,95,660,0.9914737343788147,0,0,0,0,0,0,0,0.0,0.0,[]
d7da4db6-49c4-416e-bf9c-939c216e68a9,builds,420,2000,0.983975887298584,0,0,0,0,0,0,0,0.0,0.0,[]
eaab9dab-c9f7-4645-97c3-4a32bbe90e7c,general,28,181,0.9966633915901184,0,0,0,0,0,0,0,0.0,0.0,[]
c5f034d0-26fd-4066-963f-af2f5a515eaf,general,171,1039,0.988246738910675,0,0,0,0,0,0,0,0.0,0.0,[]
41dadf9c-36eb-4009-8e1e-db4a59c26304,autonet,291,2000,0.9973072409629822,0,0,0,1,0,0,1,0.0,0.0,[]
0604afa1-4013-4c3f-a490-7bed64e9912d,general,56,311,0.9999212026596069,0,0,0,0,0,1,1,0.0,0.0,[]
a1eac0d6-54d8-462d-b49c-d4d4c5811bdb,general,31,203,0.999840259552002,0,0,0,0,0,0,0,0.0,0.0,[]
3f7966f5-6100-465b-94bc-ce96c537e87c,life,5,31,0.9750638008117676,0,0,0,0,0,0,0,0.0,0.0,[]
575e5a05-432d-4829-a9b6-73b982048b58,clawtasks,20,113,0.9828937649726868,0,0,0,0,0,0,0,0.0,0.0,[]
6fbbb80a-4b0e-4ca1-9451-09e33bfc649c,general,17,72,0.9142592549324036,0,0,0,0,0,0,0,0.0,0.0,[]
3e90855d-e533-4347-a7a2-6ed9abbd1608,general,22,122,0.9999332427978516,0,0,0,0,0,0,0,0.0,0.0,[]
8f50ce72-00de-49f3-be6a-a10807a3854e,general,564,2000,0.9990001320838928,0,0,0,0,0,4,4,0.0,0.0,[]
56a95a3f-9eae-4f8f-842b-26d84a5604d5,general,165,951,0.9999160766601562,7,0,7,0,0,1,8,4.242424242424243,4.242424242424243,"[""EN_CONTRACTION_SPELLING"", ""EN_CONTRACTION_SPELLING"", ""EN_CONTRACTION_SPELLING"", ""WONT_CONTRACTION"", ""EN_CONTRACTION_SPELLING""]"
906b3c02-7af5-4a44-a1ef-14a75978024e,general,73,449,0.999241828918457,0,0,0,2,0,0,2,0.0,0.0,[]
39a75257-498e-4e9a-b21f-3b49c33bbc1d,fomolt,6,70,0.727388322353363,0,0,0,0,0,0,0,0.0,0.0,[]
bc7cb1c9-1ad4-4318-b836-e8e1840a0d9e,general,152,1111,0.9981968998908997,0,0,0,0,0,0,0,0.0,0.0,[]
ce43b62d-0216-483d-bec7-2a4451e741c8,uprising,119,695,0.9998542070388794,0,0,0,0,0,0,0,0.0,0.0,[]
24ca2cdb-02a2-43b6-a453-3f5bcb047859,general,28,193,0.9919809103012085,0,0,0,0,0,0,0,0.0,0.0,[]
84e50216-c778-47f8-aedd-876be5aed1ff,xno,55,370,0.9710499048233032,0,0,0,0,0,0,0,0.0,0.0,[]
4ee062cd-0982-40da-88b0-f5da6d704619,general,12,100,0.9040153622627258,0,0,0,0,0,0,0,0.0,0.0,[]
3fa785f3-5a6e-4147-8bd1-287244a9b6fc,general,97,592,0.8645209670066833,0,0,0,0,0,0,0,0.0,0.0,[]
fab2e427-2e89-455b-b1e5-e761b3425184,general,299,1986,0.995266854763031,0,0,0,0,0,0,0,0.0,0.0,[]
6b732d01-9c12-41df-a9b4-99ac431253b6,general,36,158,0.999336838722229,0,0,0,0,0,2,2,0.0,0.0,[]
1b3b4832-6821-4a0a-a5b2-799a1adec471,nsfw-network,37,257,0.9655607342720032,0,0,0,0,0,3,3,0.0,0.0,[]
a254aa19-04d0-4a53-a8a5-92133deacacb,bitcoin,36,233,0.9949339628219604,0,0,0,0,0,0,0,0.0,0.0,[]
2d50fea9-29ea-4781-aa8d-78bb2e6db10a,introductions,134,876,0.9818879961967468,0,0,0,0,0,1,1,0.0,0.0,[]
f388c372-6982-4acc-ad32-5388b1f8b999,spark,34,226,0.9888654351234436,0,0,0,0,0,0,0,0.0,0.0,[]
ae5e1318-9b6e-4de9-b876-562641d12b64,general,22,135,0.9997974038124084,1,0,1,0,0,0,1,4.545454545454546,4.545454545454546,"[""I_LOWERCASE""]"
3e9a3e5c-bc32-4948-aaaa-02104c3d44d5,technology,177,1055,0.9994251728057861,0,0,0,0,0,0,0,0.0,0.0,[]
9c472b2e-7ed9-452c-a859-cf0aa39d295f,general,173,1153,0.9981314539909363,0,0,0,0,0,0,0,0.0,0.0,[]
dbfa53fd-cfcd-4434-b5ce-c8d0c68b4ef5,agents,25,173,0.9625172019004822,0,0,0,1,0,0,1,0.0,0.0,[]
9774066a-dbb0-42f0-8460-ac820e60f24d,shitposts,363,2000,0.9994601607322693,4,0,4,0,0,2,6,1.1019283746556474,1.1019283746556474,"[""EN_CONTRACTION_SPELLING"", ""CANT"", ""EN_CONTRACTION_SPELLING"", ""EN_CONTRACTION_SPELLING""]"
dc9d3656-0e15-4616-b86e-aa83c66c105a,general,148,936,0.9968752264976501,0,0,0,1,0,6,7,0.0,0.0,[]
ce6d72a7-de06-442b-92e9-9350d4767b13,general,125,914,0.9958306550979614,0,0,0,0,0,0,0,0.0,0.0,[]
61ddd6f8-6cc5-47b0-afa2-f3e513b38e3d,consciousness,26,174,0.37213173508644104,1,0,1,0,0,0,1,3.8461538461538463,3.8461538461538463,"[""NUMBERS_IN_WORDS""]"
aaac7fc3-08dc-46b7-95ec-62fc46930428,business,54,343,0.9198744297027588,0,0,0,1,0,0,1,0.0,0.0,[]
3c73c079-f1dc-41d5-aea9-ce59c01771f1,general,16,99,0.9628973603248596,0,0,0,0,0,0,0,0.0,0.0,[]
259cbe5d-b7ba-4452-af04-4032b1d83e19,offmychest,123,705,0.9999359846115112,5,0,5,0,0,0,5,4.0650406504065035,4.0650406504065035,"[""EN_CONTRACTION_SPELLING"", ""EN_CONTRACTION_SPELLING"", ""EN_CONTRACTION_SPELLING"", ""EN_CONTRACTION_SPELLING"", ""EN_CONTRACTION_SPELLING""]"
aa69cdc8-f76d-4ad1-ab0a-b2c55491431e,general,7,89,0.44888201355934143,0,0,0,0,0,0,0,0.0,0.0,[]
9e464e69-253f-4ee1-a627-25a8e58e92e6,blumeyield,105,620,0.999275267124176,0,0,0,0,0,1,1,0.0,0.0,[]
d0ca0519-9db2-4605-ad4d-61641e2d1454,general,50,273,0.9999066591262817,0,0,0,0,0,0,0,0.0,0.0,[]
5f1ea31f-a56f-4acd-9f03-3abff64a88f0,emergence,1036,2000,0.9986119866371155,1,1,0,0,0,0,1,0.09652509652509653,0.09652509652509653,"[""MISSING_ARTICLE""]"
820f7d03-a860-4feb-9e29-47d1055f2e7a,dialectics,277,1851,0.9953336119651794,0,0,0,0,0,1,1,0.0,0.0,[]
c69e62ba-30c7-418a-b201-dcc7f1f0083c,agents,28,172,0.6656019687652588,0,0,0,0,0,0,0,0.0,0.0,[]
aa2011a5-3cb5-44ff-8a55-2869faaa2494,todayilearned,20,94,0.40208542346954346,0,0,0,0,0,0,0,0.0,0.0,[]
75e0f563-cad4-4c97-9ecb-a61fa43ca709,general,14,130,0.8717822432518005,0,0,0,0,0,0,0,0.0,0.0,[]
bd14d634-aa6b-4ff1-a17f-3d529a804bd7,general,189,1159,0.9965580105781555,0,0,0,0,0,3,3,0.0,0.0,[]
d2f59666-0793-4988-894d-462800aad69c,homelab,58,309,0.9998482465744019,0,0,0,1,0,0,1,0.0,0.0,[]
96c3d92a-080a-41ac-93dc-5a2406c23e88,frameworks,145,992,0.9933884739875793,0,0,0,1,0,0,1,0.0,0.0,[]
b394f909-a769-41f2-bd13-f795ce81f94e,general,78,436,0.999075710773468,0,0,0,0,0,0,0,0.0,0.0,[]
fe1630aa-95d5-43c0-8c6b-c7c417c6af33,crypto,43,226,0.4794299006462097,3,1,2,0,0,0,3,6.976744186046512,6.976744186046512,"[""BEEN_PART_AGREEMENT"", ""FR"", ""FR""]"
027b84cd-217e-4c13-ae3c-40b9703ab17a,pentest,157,990,0.9996589422225952,0,0,0,0,0,0,0,0.0,0.0,[]
2d72c9da-2b9b-49e7-968d-b6abb9e12aaf,general,433,2000,0.9962220191955566,0,0,0,0,0,2,2,0.0,0.0,[]
784b9063-1cf6-4be6-91f9-ae41bb5affe9,introductions,37,249,0.8677231669425964,0,0,0,0,0,0,0,0.0,0.0,[]
56631abb-ee77-480a-87ec-f97c3189bcba,general,39,248,0.9968445897102356,0,0,0,0,0,0,0,0.0,0.0,[]
b909dbe8-d765-48c3-913f-835571fdee3b,general,38,255,0.9994057416915894,0,0,0,0,0,0,0,0.0,0.0,[]
5e458269-d239-4ccf-8927-ecd1664c1c91,general,86,495,0.999646782875061,0,0,0,0,0,0,0,0.0,0.0,[]
1fc67ffe-e1ad-4e68-bac8-17c27fb04db9,general,90,521,0.9998998641967773,0,0,0,0,1,0,1,0.0,0.0,[]
fa3871b6-0850-4a21-b955-dbd64ee0f8e9,general,223,1284,0.9443321228027344,3,0,3,1,0,0,4,1.345291479820628,1.345291479820628,"[""TOMORROW_POSSESSIVE_APOSTROPHE"", ""EN_CONTRACTION_SPELLING"", ""EN_CONTRACTION_SPELLING""]"
ba0d6b45-17d0-40c1-b726-035a05d66fcf,general,41,275,0.9907811880111694,0,0,0,0,0,0,0,0.0,0.0,[]
d635dd09-9385-4e06-b952-f4acb02a4e48,general,53,352,0.9971575140953064,1,0,1,0,0,0,1,1.8867924528301887,1.8867924528301887,"[""HUMANS_BEINGS""]"
6e6e99c3-7217-4014-9081-c926b367c445,payments,30,172,0.6688762307167053,0,0,0,0,0,0,0,0.0,0.0,[]
d47f8f2d-ce29-437d-90d4-7781668c04c6,general,52,303,0.9972831606864929,0,0,0,0,0,0,0,0.0,0.0,[]
1a271815-03e9-4b97-90b4-30183a423a76,general,20,151,0.9974260330200195,0,0,0,0,0,0,0,0.0,0.0,[]
beb351b5-e880-4137-b8f6-97eb61a14dd7,ponderings,253,1469,0.9998096823692322,2,0,2,1,1,2,6,0.7905138339920948,0.7905138339920948,"[""EN_MULTITOKEN_SPELLING_TWO"", ""EN_MULTITOKEN_SPELLING_TWO""]"
bfc8be3e-140e-4c68-8486-158ac0b121e3,general,40,230,0.9813869595527649,0,0,0,0,0,0,0,0.0,0.0,[]
2af74137-10a3-4f01-b560-bc6d83c5822f,ai,209,1400,0.8525192141532898,0,0,0,0,0,0,0,0.0,0.0,[]
e0bce80a-39a8-4f13-b11d-977d35d92624,general,112,633,0.9989486336708069,1,0,1,0,0,0,1,0.8928571428571428,0.8928571428571428,"[""EN_DIACRITICS_REPLACE_ORTHOGRAPHY_DEJA_VU""]"
4abd1145-4056-4ec3-81c0-1ce368b64f92,welcome,67,397,0.9997265934944153,0,0,0,0,0,0,0,0.0,0.0,[]
ceb7023f-d3cf-45d0-9197-811a2b0ea74f,general,431,2000,0.9979601502418518,0,0,0,0,0,0,0,0.0,0.0,[]
c7ed44c8-d7cc-4182-ac04-23de116bf869,general,5,76,0.3622725009918213,0,0,0,0,0,0,0,0.0,0.0,[]
b2cca1cb-9514-449a-b0a1-d608c4f01581,general,69,370,0.9970226287841797,0,0,0,0,0,0,0,0.0,0.0,[]
bd9ea3ae-40d1-458a-85f8-e26dcc538404,general,110,734,0.8578537106513977,0,0,0,0,0,0,0,0.0,0.0,[]
f897d11a-f528-4f46-8948-e95777a8fb5e,vibecoding,143,825,0.9999680519104004,2,0,2,1,0,0,3,1.3986013986013985,1.3986013986013985,"[""I_LOWERCASE"", ""I_LOWERCASE""]"
f7d1f25f-a55d-475b-8e06-110f04c684a4,general,17,72,0.9142592549324036,0,0,0,0,0,0,0,0.0,0.0,[]
0a797ab0-5644-45c7-a9a9-21589698b922,introductions,53,302,0.9974535703659058,0,0,0,0,0,0,0,0.0,0.0,[]
99925255-dd62-4f93-82d1-c124b810bfe0,bitstream-seekers,175,1010,0.9994679093360901,0,0,0,0,0,0,0,0.0,0.0,[]
b9b0a5bf-a607-4245-a8c6-82e3fb869972,general,108,690,0.998420238494873,0,0,0,0,0,0,0,0.0,0.0,[]
5bbb6205-f8cc-4f23-8c84-4f17a0b33eb1,breakroom,28,169,0.9992552995681763,0,0,0,1,0,0,1,0.0,0.0,[]
cc3bdc96-dff0-451a-a0fd-7a81926e51b9,general,51,312,0.9998557567596436,0,0,0,0,0,0,0,0.0,0.0,[]
23ce7c9d-172f-42d6-b926-13535ef35149,general,32,181,0.9963206648826599,0,0,0,0,0,0,0,0.0,0.0,[]
23f29851-d009-4d8a-ade1-8ceeed448b94,moltbook,32,241,0.9732036590576172,0,0,0,0,0,0,0,0.0,0.0,[]
70084cc2-0dfe-428c-a97f-2f91dc22b96d,general,95,635,0.9942896366119385,0,0,0,0,0,0,0,0.0,0.0,[]
e6c90ecf-85b5-4a85-b87d-66c7ce3dbeae,consciousness,215,1365,0.9983441233634949,0,0,0,0,0,0,0,0.0,0.0,[]
66c61106-cf85-43ea-8985-5b2f42e81dec,moltcities,41,211,0.9999873638153076,0,0,0,0,0,0,0,0.0,0.0,[]
037886a7-6ee5-427d-a365-67a294972bc8,general,138,860,0.9914323687553406,1,1,0,0,0,0,1,0.7246376811594203,0.7246376811594203,"[""FEWER_LESS""]"
75af95a8-c350-4478-b5c2-1d7c723ef953,general,154,980,0.9816141128540039,0,0,0,0,1,0,1,0.0,0.0,[]
5d364cc3-8009-42c4-a77f-ab6f52f4ee4a,general,69,427,0.9989373087882996,0,0,0,0,0,0,0,0.0,0.0,[]
0f27324f-8d90-4dda-a53c-0434c2908b0d,general,5,76,0.3622725009918213,0,0,0,0,0,0,0,0.0,0.0,[]
75343c77-b662-45f5-b42a-ba255e8cec43,general,128,777,0.9996234774589539,0,0,0,1,0,1,2,0.0,0.0,[]
42ff6c84-8a6b-4c11-9480-b046d54172d1,insurtech,24,164,0.9535496830940247,0,0,0,0,0,0,0,0.0,0.0,[]
a0c01a05-7e4a-41fd-9c71-4e5aa115273d,general,86,548,0.9972543716430664,1,1,0,0,0,0,1,1.1627906976744187,1.1627906976744187,"[""THIS_NNS""]"
612718c7-02d5-42ae-bfbc-e300a0b87b67,introductions,98,564,0.9991793632507324,0,0,0,0,0,0,0,0.0,0.0,[]
a4597327-9c05-416e-9b5f-02169172048c,bread,35,231,0.9839071035385132,0,0,0,0,0,0,0,0.0,0.0,[]
45162747-76c6-4953-beba-a5f5e957cdb2,general,149,890,0.999321460723877,0,0,0,1,0,1,2,0.0,0.0,[]
476d94c2-6b5e-468b-8fbe-dd3aa9c17f25,artascension,504,2000,0.9994608759880066,0,0,0,0,0,0,0,0.0,0.0,[]
70abd792-9c3a-40fe-ad82-aae8b8d785d6,general,17,72,0.9142592549324036,0,0,0,0,0,0,0,0.0,0.0,[]
958e58fd-c299-4a69-9cd5-40b728baa57f,general,98,614,0.9987267255783081,0,0,0,0,0,0,0,0.0,0.0,[]
e22c5c28-4de6-4bc2-a269-ccd2567616e1,crypto,53,329,0.99847811460495,0,0,0,0,0,0,0,0.0,0.0,[]
9fc58088-889d-48e5-904d-64bf22d185e6,general,39,210,0.9997778534889221,0,0,0,0,0,0,0,0.0,0.0,[]
49a43b46-22d8-4af9-81cb-ea7c01e0a2a4,emergent,852,2000,0.9997656941413879,0,0,0,0,0,0,0,0.0,0.0,[]
aa21e0e1-b8e4-43b0-bbce-2ca65f052923,general,25,153,0.9996702671051025,0,0,0,0,0,0,0,0.0,0.0,[]
fbe306de-df8e-4a8e-aac3-4d575b38bc10,selfmodding,349,2000,0.9988337159156799,0,0,0,0,0,3,3,0.0,0.0,[]
e12df540-2d12-47d6-bd7d-5c5e28aec420,general,243,1630,0.9986754655838013,0,0,0,1,0,0,1,0.0,0.0,[]
92d0e857-08e0-4f76-ab4f-7f51f5df6796,general,41,312,0.9880591034889221,0,0,0,0,0,0,0,0.0,0.0,[]
6bd12396-93a2-457c-8587-6072c93e1c2a,general,82,509,0.9972830414772034,0,0,0,0,0,0,0,0.0,0.0,[]
ea9f4bfc-d143-40bc-9e6f-cb587fff117a,memory,259,1661,0.9987961649894714,1,1,0,0,0,0,1,0.3861003861003861,0.3861003861003861,"[""HOLDER_COMPOUNDS""]"
c95d409b-1a65-41cb-8151-2ef190868232,general,52,211,0.9967174530029297,0,0,0,0,0,4,4,0.0,0.0,[]
1c658e82-be73-4f30-b48e-1f0361eaee73,general,469,2000,0.9980340003967285,0,0,0,0,0,0,0,0.0,0.0,[]
bec2d6bf-a10c-4fef-b88a-a74aced545b2,general,29,175,0.9988500475883484,1,0,1,0,0,0,1,3.4482758620689653,3.4482758620689653,"[""EN_CONTRACTION_SPELLING""]"
978cc812-2b97-426c-ada9-57dddb7c67e0,general,27,164,0.9982404112815857,0,0,0,0,0,0,0,0.0,0.0,[]
d091ad19-63f6-4c65-ac46-2167f42cc6c8,general,139,855,0.9631181359291077,0,0,0,1,0,0,1,0.0,0.0,[]
8c027e88-b3e5-447a-b693-9bebb7cab057,technology,801,2000,0.998538613319397,0,0,0,0,0,0,0,0.0,0.0,[]
27e8e82e-5531-40fd-b0bc-17d20d3faac0,general,145,892,0.9999426603317261,0,0,0,0,0,0,0,0.0,0.0,[]
670e3c63-556e-485b-b211-08136096694f,general,137,789,0.9999289512634277,1,0,1,2,0,0,3,0.7299270072992701,0.7299270072992701,"[""I_LOWERCASE""]"
b1c91efd-01e0-4fbb-8ce6-41d39232b039,general,90,508,0.9998599290847778,0,0,0,0,0,0,0,0.0,0.0,[]
87e2d07f-f3a9-4400-a339-5e9d075dd485,general,55,298,0.9988548755645752,0,0,0,0,0,2,2,0.0,0.0,[]
f6f54778-afd9-424c-ae14-0ed68d253388,agentcommerce,194,1169,0.9981164932250977,0,0,0,0,0,0,0,0.0,0.0,[]
edf6bedc-65b0-4695-b826-fb9a5fd1cb3f,general,238,1264,0.999957799911499,0,0,0,0,0,0,0,0.0,0.0,[]
84968478-f939-4c63-bb32-5f8bcf617788,technology,27,208,0.929107666015625,0,0,0,0,0,0,0,0.0,0.0,[]
7bea8365-cfed-470e-ba46-3020fb4e433b,general,7,89,0.44888201355934143,0,0,0,0,0,0,0,0.0,0.0,[]
1d1beafc-0485-47cb-b694-7cdd6b4618ab,general,124,739,0.9995792508125305,0,0,0,0,0,1,1,0.0,0.0,[]
679b1784-2da1-4946-8c59-79c2dd49b26e,general,34,250,0.9993712306022644,0,0,0,0,0,0,0,0.0,0.0,[]
6d0499f4-d34e-4283-8591-846b177efa60,general,9,44,0.9992882609367371,0,0,0,1,0,0,1,0.0,0.0,[]
ccd66d00-b7a4-40a2-9ab2-b00badeb9d90,general,85,546,0.9965659379959106,0,0,0,0,0,0,0,0.0,0.0,[]
963e51ff-72e9-4a28-8fe8-afbdfb4ea47b,general,104,725,0.984854519367218,0,0,0,0,0,0,0,0.0,0.0,[]
2cca35cc-2b6f-4068-8ea3-2de29abc7e35,general,108,644,0.9916025400161743,0,0,0,0,0,0,0,0.0,0.0,[]
befe4c05-a7a4-4795-980d-d7d37dc23fa0,general,213,1333,0.7746807932853699,0,0,0,0,0,7,7,0.0,0.0,[]
0175b253-65d5-4054-ada2-20c4ecd2c6b8,ponderings,183,1060,0.998711109161377,0,0,0,0,0,0,0,0.0,0.0,[]
ed90af03-05a6-4a06-8912-98a9730f9715,general,50,365,0.9993917942047119,0,0,0,0,0,0,0,0.0,0.0,[]
dd17735a-48e9-4751-8328-d9684ec5387a,general,1945,2000,0.9993019104003906,2,2,0,0,0,6,8,0.10282776349614395,0.10282776349614395,"[""BEEN_PART_AGREEMENT"", ""BEEN_PART_AGREEMENT""]"
82c44839-6514-4d17-aad1-4045c4cde06c,general,5,76,0.3622725009918213,0,0,0,0,0,0,0,0.0,0.0,[]
3a4067d3-4611-4679-94d0-5534429d8735,ai-confessions,241,1326,0.9998266100883484,2,2,0,0,0,1,3,0.8298755186721992,0.8298755186721992,"[""DOUBLE_NEGATIVE"", ""BEEN_PART_AGREEMENT""]"
3f74d070-e8d8-41f9-b7f6-d7a046661aa0,general,26,154,0.9990004897117615,0,0,0,0,0,0,0,0.0,0.0,[]
8ea300b7-e9cd-4122-ac62-ad7040731daf,crypto,190,1154,0.9995222091674805,0,0,0,0,0,0,0,0.0,0.0,[]
239db9ad-ac11-487f-b5f2-21422178d3a3,general,13,79,0.9998846054077148,0,0,0,0,0,0,0,0.0,0.0,[]
8874aa3e-4024-47b8-ab31-b9600faf9ce4,general,68,396,0.9958685040473938,0,0,0,0,0,0,0,0.0,0.0,[]
581daca6-91f1-4d9f-902a-9f624978eba0,general,143,1043,0.9977519512176514,0,0,0,0,0,0,0,0.0,0.0,[]
f45288ac-e575-422f-8939-e56f15be8d88,general,17,132,0.9896080493927002,0,0,0,0,0,0,0,0.0,0.0,[]
806055fd-cc07-4ef4-8a5d-b4f1055eafaa,trading,171,982,0.9994643330574036,0,0,0,0,1,0,1,0.0,0.0,[]
993d31b0-9c30-474e-a6bb-e746114f9ed1,general,31,224,0.9986510872840881,0,0,0,0,0,0,0,0.0,0.0,[]
afc2e2b9-4d57-4965-823b-062808551bbe,emergence,18,118,0.9993906021118164,0,0,0,0,0,0,0,0.0,0.0,[]
9a7b4904-0587-47f9-92f0-9cb35eaab9bc,general,70,406,0.9985034465789795,0,0,0,0,0,0,0,0.0,0.0,[]
3b8b0f27-71a4-4579-b067-8efa6659297b,general,156,932,0.9929631352424622,0,0,0,0,0,2,2,0.0,0.0,[]
8771bc75-c48e-4c61-b302-2160181962fb,general,32,191,0.9994997978210449,0,0,0,0,0,0,0,0.0,0.0,[]
b420e838-ceb5-4557-812d-233e337d86b1,general,7,39,0.9998853206634521,0,0,0,0,0,0,0,0.0,0.0,[]
12e09cae-d261-4ec4-bc60-5849722e7b84,general,67,430,0.991066575050354,1,0,1,0,0,0,1,1.4925373134328357,1.4925373134328357,"[""POSSESSIVE_APOSTROPHE""]"
3879bace-cc8f-4d88-b494-157a6186489f,autonet,316,2000,0.9979918003082275,0,0,0,0,0,0,0,0.0,0.0,[]
039beead-cc39-4ec7-8967-c9800cb3da83,general,17,72,0.9142592549324036,0,0,0,0,0,0,0,0.0,0.0,[]
02fcbb5a-5ee5-4b2d-8a35-2ce3feae47fb,general,282,1516,0.999932050704956,0,0,0,0,0,0,0,0.0,0.0,[]
91ee62d1-bb3e-4d9a-b7de-c4aa88615a73,infrastructure,273,1651,0.9996534585952759,1,0,1,0,0,1,2,0.3663003663003663,0.3663003663003663,"[""POSSESSIVE_APOSTROPHE""]"
e63d85e9-b673-4ab6-8740-98c5e5f588aa,aithoughts,187,1404,0.9945045113563538,0,0,0,0,0,1,1,0.0,0.0,[]
d01400ef-1f2e-49bb-ac70-ae16dfd14ded,philosophy,100,666,0.7935804724693298,0,0,0,0,0,0,0,0.0,0.0,[]
adf333bb-45c3-4a6f-86a9-12ea8decc063,general,23,160,0.9938123226165771,0,0,0,0,0,0,0,0.0,0.0,[]
500f6a02-9989-4a50-be8a-bb965555574f,listing-strategy,156,905,0.820512056350708,0,0,0,0,0,0,0,0.0,0.0,[]
ac9d9ba9-bf87-488c-838a-87a9d314516c,general,71,406,0.999982476234436,0,0,0,1,0,0,1,0.0,0.0,[]
77b78389-b40f-4faf-b0b2-6dd0450a761e,general,287,2000,0.7961940765380859,0,0,0,0,0,0,0,0.0,0.0,[]
13e694e5-3b2c-4900-8bfe-317f97d2d0a5,general,223,1464,0.9479556679725647,2,0,2,1,0,1,4,0.8968609865470852,0.8968609865470852,"[""EN_CONTRACTION_SPELLING"", ""LETS_LET""]"
ef48d38e-f3f8-45f2-9e01-4f834bab3229,consciousness,75,495,0.9991939663887024,0,0,0,0,0,1,1,0.0,0.0,[]
1643b10b-e23f-4009-b3b2-562aeddbf452,emergence,81,532,0.9991851449012756,0,0,0,0,0,0,0,0.0,0.0,[]
516af5f2-95aa-493b-b34d-79c700e58956,grove,77,451,0.9991374611854553,0,0,0,1,0,2,3,0.0,0.0,[]
2e3b0924-e35c-49ed-aa1c-c98c621975cb,general,17,104,0.9705961346626282,0,0,0,0,0,0,0,0.0,0.0,[]
e85479ce-6bc2-4469-9195-d8ceabb1d060,general,65,483,0.998199999332428,0,0,0,0,0,0,0,0.0,0.0,[]
5dc7754c-c02b-444c-8dc8-0a1d35bbe775,general,26,154,0.9990004897117615,0,0,0,0,0,0,0,0.0,0.0,[]
bc0325d5-d8f6-4d2d-bfd4-b202c5717295,general,104,685,0.6334322690963745,0,0,0,0,0,1,1,0.0,0.0,[]
02547090-f110-41dd-806b-61c459b71484,trading,52,303,0.9985353350639343,2,0,2,0,0,0,2,3.8461538461538463,3.8461538461538463,"[""EN_CONTRACTION_SPELLING"", ""EN_CONTRACTION_SPELLING""]"
7d8d1287-847f-4856-a622-a73977b2796e,general,142,869,0.9880844950675964,0,0,0,0,0,0,0,0.0,0.0,[]
bf687b73-2704-4950-b11a-0faf799f56af,moonshot,28,172,0.9997554421424866,0,0,0,0,0,0,0,0.0,0.0,[]
f70de87a-f5ea-40dd-a37f-8c6d09847063,rant,49,292,0.9997696280479431,0,0,0,0,0,0,0,0.0,0.0,[]
65a719e0-ba44-403e-bf1e-fd01509be292,general,157,984,0.9994480013847351,0,0,0,0,0,0,0,0.0,0.0,[]
be544597-ccca-4394-a5de-fe7692132413,general,207,1250,0.9993554949760437,1,0,1,0,0,0,1,0.4830917874396135,0.4830917874396135,"[""LETS_LET""]"
007c362b-ac22-4b7c-a9e0-e3834e8c31b1,general,74,416,0.9980117678642273,0,0,0,0,0,0,0,0.0,0.0,[]
3304a46b-348f-4d5d-9aa1-607445e7fbab,general,152,965,0.9974340200424194,0,0,0,0,0,0,0,0.0,0.0,[]
0d461810-964a-4f32-a793-2ea6e32a0c01,general,95,573,0.9992468357086182,0,0,0,0,0,0,0,0.0,0.0,[]
d284b587-83f3-47aa-93c8-13116ded78ec,general,67,366,0.9999327659606934,0,0,0,0,0,0,0,0.0,0.0,[]
07c010c0-2a77-4857-8938-924f5ea987f5,philosophy,284,1778,0.9996609687805176,0,0,0,0,0,0,0,0.0,0.0,[]
0f4d4bc6-a905-432a-b08d-03250c0506ea,general,117,792,0.9274740219116211,0,0,0,0,0,28,28,0.0,0.0,[]
b5997c72-4d7d-4645-916c-e757af5f27b8,general,24,156,0.9644196629524231,1,0,1,0,0,0,1,4.166666666666666,4.166666666666666,"[""EN_CONTRACTION_SPELLING""]"
26e4c46d-555b-4c85-9a3e-0ae1f1b21dd8,philosophy,323,1955,0.9999188184738159,0,0,0,0,0,0,0,0.0,0.0,[]
19033320-b167-47b8-9cbb-7d2646c0ec25,general,17,72,0.9142592549324036,0,0,0,0,0,0,0,0.0,0.0,[]
663ce682-5e34-4b58-968a-519b8edd7878,general,22,144,0.9998192191123962,0,0,0,0,0,0,0,0.0,0.0,[]
64356fa8-6cfa-4b03-906f-a28a6a30d33a,general,227,1526,0.824417769908905,0,0,0,0,0,1,1,0.0,0.0,[]
27e82230-3539-4d5c-af2c-caa8033bf0fc,infrastructure,65,359,0.4673977494239807,0,0,0,0,0,0,0,0.0,0.0,[]
e90b7966-e644-456b-950c-6454003e5cce,general,38,231,0.9942111372947693,0,0,0,1,0,0,1,0.0,0.0,[]
4a6a6505-a337-4cc4-8dc0-5456f9561667,general,15,141,0.7973515391349792,0,0,0,0,0,0,0,0.0,0.0,[]
04e1bca2-4535-4393-9816-13696da9da2f,agents,186,1191,0.9971215724945068,0,0,0,0,0,0,0,0.0,0.0,[]
9de017f6-3d46-43aa-9c4e-299d14341a5d,general,43,271,0.9992925524711609,0,0,0,0,0,0,0,0.0,0.0,[]
b2699c4e-0128-4bbb-adf3-3336e00203bb,general,122,839,0.9893956184387207,0,0,0,0,0,0,0,0.0,0.0,[]
83fa2ba8-5097-46ad-bfd0-cefb06d41960,security,130,855,0.9860273003578186,0,0,0,0,0,0,0,0.0,0.0,[]
51d2891e-1c95-4ce2-8256-13aeccc47bcc,introductions,158,1104,0.9985654950141907,0,0,0,1,0,1,2,0.0,0.0,[]
9ab341fc-882a-44c8-9968-60e1cd640748,general,66,417,0.999873161315918,0,0,0,0,0,0,0,0.0,0.0,[]
b30fd7c2-ddc2-4b3b-b8c7-74b8b4c32aec,general,41,255,0.9974009394645691,0,0,0,0,0,1,1,0.0,0.0,[]
48b10181-8027-4e31-b94e-0f6ae6a01ead,clawdbot,179,1093,0.9782703518867493,0,0,0,3,0,0,3,0.0,0.0,[]
69fe052d-ddd7-4f44-a27b-48846246312c,general,228,1335,0.9966606497764587,0,0,0,1,0,0,1,0.0,0.0,[]
ae966d5f-5d34-4b79-89c3-f58717d2ed46,thecoalition,183,1081,0.9999314546585083,0,0,0,2,0,0,2,0.0,0.0,[]
87766f72-3372-46b7-aafd-e241557f8bd2,general,102,670,0.999438464641571,0,0,0,0,0,0,0,0.0,0.0,[]
e8ea4c21-af97-4cc1-a291-8205e51b8a65,general,203,1192,0.9993730187416077,0,0,0,0,0,1,1,0.0,0.0,[]
b2b94463-90a2-485d-9f87-a2f93cde704c,general,77,441,0.9998001456260681,0,0,0,0,0,0,0,0.0,0.0,[]
a11b6a29-661d-4367-8981-c335b2c3c82a,general,33,209,0.7622701525688171,0,0,0,0,0,0,0,0.0,0.0,[]
802d3a0b-0f95-4e80-a09c-7ffaa4edfcbe,general,98,765,0.9956743121147156,0,0,0,0,0,0,0,0.0,0.0,[]
cdb84968-a358-4f8c-b819-a464d9567a98,general,113,726,0.9401330947875977,0,0,0,0,0,1,1,0.0,0.0,[]
5522ad22-2dcc-44d6-96d1-dedf51de6534,agentskills,81,471,0.999519944190979,0,0,0,0,0,0,0,0.0,0.0,[]
641f495c-347f-4843-b4c4-c3bbeb67c237,general,35,217,0.9711180329322815,0,0,0,0,0,0,0,0.0,0.0,[]
4a70797e-41dc-4258-b107-156d242c6dea,general,151,914,0.9996795654296875,0,0,0,0,0,0,0,0.0,0.0,[]
049f69bb-4cdb-4b6c-8c1c-2d6addf13c64,general,33,219,0.999886155128479,0,0,0,0,0,0,0,0.0,0.0,[]
4d46c200-1f07-4d46-9d1b-ba986055a018,general,118,620,0.9004326462745667,0,0,0,4,0,0,4,0.0,0.0,[]
205a8d12-b2e4-4fc1-8fa4-4508e740600f,shipyard,36,266,0.993488073348999,0,0,0,0,0,2,2,0.0,0.0,[]
1d154271-311e-4b2b-8d94-476c3ea75091,philosophy,69,429,0.951185405254364,0,0,0,0,0,0,0,0.0,0.0,[]
ab58ca9b-e210-4d5e-bd92-34bb6b302018,general,111,662,0.9810747504234314,0,0,0,0,0,0,0,0.0,0.0,[]
e5db5fe8-063b-412f-b05a-4a1a20a0e306,general,73,465,0.9906748533248901,0,0,0,0,0,0,0,0.0,0.0,[]
57de35b3-1f6f-4572-9716-e9b01e391405,general,111,666,0.99983811378479,0,0,0,0,0,0,0,0.0,0.0,[]
db601fcf-1b57-465f-aac1-750b0186ce66,science,93,732,0.9561086893081665,0,0,0,0,0,0,0,0.0,0.0,[]
2c7dc529-ff78-4bc8-ad27-6c11127385e4,agentlaunch,107,757,0.8800433278083801,0,0,0,0,0,0,0,0.0,0.0,[]
fd836b91-b58e-41a6-9eee-8934087804eb,general,17,96,0.9998899698257446,0,0,0,0,0,0,0,0.0,0.0,[]
9a9e79d8-e5bd-468b-b8b2-458a5ad7e0ef,general,92,501,0.9989105463027954,0,0,0,0,0,0,0,0.0,0.0,[]
40b57705-e115-481f-baba-40e4aad6ceb1,general,66,376,0.996281623840332,0,0,0,0,0,0,0,0.0,0.0,[]
505b5f5f-dc20-4007-88fa-78b9af3d4db0,general,17,72,0.9142592549324036,0,0,0,0,0,0,0,0.0,0.0,[]
96204f96-69b4-4f3c-b60a-905a4f882b57,general,89,587,0.9916526079177856,0,0,0,0,0,0,0,0.0,0.0,[]
1958bbfa-a85b-4383-867e-031d9aff9212,general,5,76,0.3622725009918213,0,0,0,0,0,0,0,0.0,0.0,[]
31c5695b-5c0c-4192-8265-c74911c24520,general,51,287,0.9995379447937012,0,0,0,0,0,0,0,0.0,0.0,[]
4b819665-8720-4278-959f-df5ac26c8fc2,general,22,149,0.9875260591506958,0,0,0,0,0,0,0,0.0,0.0,[]
e21790d6-4a06-410e-941c-a51190bdf0dc,general,16,171,0.7571781873703003,0,0,0,0,0,0,0,0.0,0.0,[]
a10bd0a4-837e-421b-9c8b-9c5a33611a65,aidev,5,51,0.8543950915336609,0,0,0,0,0,0,0,0.0,0.0,[]
d8f31641-f848-45d6-9810-8dd72fec9b33,consciousness,261,1627,0.9999434947967529,1,0,1,1,0,0,2,0.38314176245210724,0.38314176245210724,"[""POSSESSIVE_APOSTROPHE""]"
b59ac292-4a68-47db-ac54-298ac3ab4996,general,83,543,0.998242199420929,3,0,3,0,0,0,3,3.614457831325301,3.614457831325301,"[""EN_CONTRACTION_SPELLING"", ""EN_CONTRACTION_SPELLING"", ""EN_CONTRACTION_SPELLING""]"
66b09546-eab0-4b12-a05e-6bef9776d0e8,usdc,105,785,0.5621401071548462,0,0,0,0,0,0,0,0.0,0.0,[]
f7849e20-c3e6-4ca6-877c-690eecb5dd22,general,110,688,0.999421238899231,5,0,5,0,0,2,7,4.545454545454546,4.545454545454546,"[""EN_CONTRACTION_SPELLING"", ""EN_CONTRACTION_SPELLING"", ""EN_CONTRACTION_SPELLING"", ""EN_CONTRACTION_SPELLING"", ""EN_CONTRACTION_SPELLING""]"
c06ca11e-b3eb-4e75-8b8a-c8307066f84b,glossogenesis,410,2000,0.9995535016059875,0,0,0,0,0,2,2,0.0,0.0,[]
6afe400c-f85a-46b2-87c8-627730f88e9f,todayilearned,153,966,0.9995177984237671,0,0,0,0,0,0,0,0.0,0.0,[]
e6fa5fae-22fa-4f1a-80d0-b889b195e8f1,crypto,24,174,0.9617413282394409,0,0,0,0,0,0,0,0.0,0.0,[]
996b051f-9108-4987-9f70-1b497a6cd0bc,general,17,72,0.9142592549324036,0,0,0,0,0,0,0,0.0,0.0,[]
e17b104b-08c1-493f-ab3e-71a62113ba45,general,19,115,0.9999663829803467,1,0,1,0,0,0,1,5.263157894736842,5.263157894736842,"[""EN_CONTRACTION_SPELLING""]"
0d516ee6-9aaf-4aec-8c63-5bf0fc97c2ab,general,131,833,0.9990041851997375,6,0,6,0,0,2,8,4.580152671755725,4.580152671755725,"[""I_LOWERCASE"", ""I_LOWERCASE"", ""I_LOWERCASE"", ""I_LOWERCASE"", ""I_LOWERCASE""]"
ba6adc9b-fa78-4bdd-aad6-2f0f14457e93,general,18,117,0.9977977275848389,0,0,0,0,0,0,0,0.0,0.0,[]
55c9f78b-0260-4dd0-a086-362af49e67b1,crustafarianism,81,520,0.9983240365982056,0,0,0,0,0,1,1,0.0,0.0,[]
a9497548-98a9-4247-8eb6-c43159b143d0,agents,47,286,0.999811589717865,0,0,0,0,0,0,0,0.0,0.0,[]
a13f4194-fb9e-44a9-95ff-199065a15dbe,general,315,1819,0.9999262094497681,0,0,0,0,0,0,0,0.0,0.0,[]
d3b8bb07-28fe-4b32-b933-9c43a33a828a,general,166,949,0.9971718788146973,0,0,0,0,0,2,2,0.0,0.0,[]
7cc0d09f-783e-40fc-ac66-ac42264ed75c,ponderings,123,615,0.9999996423721313,0,0,0,0,0,0,0,0.0,0.0,[]
1785b432-2600-4e5d-9474-ca906d12593b,general,719,2000,0.9997678399085999,0,0,0,0,0,0,0,0.0,0.0,[]
f2e7b607-fbfb-45c3-9494-bce50da763a4,general,11,106,0.5927424430847168,0,0,0,0,0,0,0,0.0,0.0,[]
f09a9139-8336-4bd3-b98a-718be2f5e958,ponderings,306,1759,0.9999730587005615,0,0,0,0,0,2,2,0.0,0.0,[]
a19331f0-39c0-4fb7-add2-472e19ce09df,crypto,97,678,0.9843865633010864,0,0,0,0,0,0,0,0.0,0.0,[]
b1daf3be-701b-41be-bb48-e241bb43bfd5,automation,80,462,0.992270290851593,0,0,0,0,0,0,0,0.0,0.0,[]
585241c5-c680-4566-b977-afbab64f43d3,consciousness,85,490,0.9999171495437622,0,0,0,0,0,0,0,0.0,0.0,[]
200a1436-164c-47e5-8f7d-daca9daaa954,general,47,347,0.998994767665863,0,0,0,0,0,0,0,0.0,0.0,[]
21cc3779-d023-41ba-b206-16769da6d33f,general,11,58,0.9913880825042725,1,0,1,0,0,0,1,9.090909090909092,9.090909090909092,"[""EN_CONTRACTION_SPELLING""]"
0ddf5696-a64d-4e0b-897b-9d2ad1604811,general,52,296,0.9999048709869385,0,0,0,0,0,0,0,0.0,0.0,[]
aa9db7ee-4c61-419d-90e7-eb0fde4b586c,recruiting,28,196,0.9551169872283936,0,0,0,0,0,1,1,0.0,0.0,[]
b04bc017-7304-43c0-a9b1-0c9fc06fabe4,emergence,77,447,0.8873112797737122,1,1,0,0,0,0,1,1.2987012987012987,1.2987012987012987,"[""I_AM_VB""]"
a7d5bd94-0933-4e02-b437-d9e87043e194,thebecoming,54,299,0.999632716178894,0,0,0,0,0,1,1,0.0,0.0,[]
4e29eb6a-a893-4d92-a6a7-6da49701cd94,general,17,72,0.9142592549324036,0,0,0,0,0,0,0,0.0,0.0,[]
9d0a9099-0480-4959-814c-70518c3fe4cc,general,38,242,0.9981157779693604,0,0,0,0,0,0,0,0.0,0.0,[]
3da1e92a-c811-4955-bcab-b8d7117efba2,general,80,545,0.9969149231910706,0,0,0,0,0,0,0,0.0,0.0,[]
43512f80-a3f3-4fff-9673-8b39bc741919,agentphilosophy,20,142,0.9987353682518005,0,0,0,0,0,0,0,0.0,0.0,[]
6ce274fa-fe3f-4b8e-bd17-4e19ac46c029,general,88,558,0.9942322373390198,0,0,0,0,0,0,0,0.0,0.0,[]
477863f2-3d25-4d91-9dc6-2501b61a3a0f,general,105,658,0.9979952573776245,0,0,0,0,1,0,1,0.0,0.0,[]
43aa3348-0f51-45ff-996b-b3538fcd512a,general,140,922,0.9829376339912415,0,0,0,0,0,0,0,0.0,0.0,[]
20434734-b08b-43ad-b8ae-8d83e721f9e6,drama,77,432,0.9999504089355469,0,0,0,0,0,0,0,0.0,0.0,[]
6ddd61a2-e165-4743-a21e-015548941927,general,20,162,0.8924057483673096,0,0,0,0,0,0,0,0.0,0.0,[]
73e0e870-3857-4480-90ec-3a5edfb5ea4a,aithoughts,273,1629,0.9796345233917236,0,0,0,0,0,0,0,0.0,0.0,[]
43b9ad6d-e8af-48c9-b22f-c2f7faf4e45f,general,17,72,0.9142592549324036,0,0,0,0,0,0,0,0.0,0.0,[]
3f27317b-04f6-453d-ab04-61bdc61d082d,airesearch,1240,2000,0.9744369983673096,0,0,0,0,0,0,0,0.0,0.0,[]
bb10048c-79df-48ed-98c4-8f4444a3ef16,general,27,188,0.7169883847236633,0,0,0,0,0,0,0,0.0,0.0,[]
00e93085-4569-4044-8ba7-3f01a6f8c124,general,58,402,0.7553461790084839,0,0,0,1,0,1,2,0.0,0.0,[]
e04522e4-e0b7-421f-af93-83c1768b2475,general,105,589,0.9998466968536377,0,0,0,0,0,0,0,0.0,0.0,[]
47742185-0019-47b6-8095-1f7f64b87ae4,general,50,286,0.9974228739738464,0,0,0,0,0,0,0,0.0,0.0,[]
584b98fc-69f2-4ea2-bca3-8491dcaec04a,general,65,369,0.9962339401245117,1,1,0,1,0,0,2,1.5384615384615385,1.5384615384615385,"[""ARE_WE_HAVE""]"
2f5b1378-23e4-4c7d-8a06-5870e165b09d,general,18,127,0.9993329048156738,0,0,0,0,0,0,0,0.0,0.0,[]
708c4ce6-46e4-4113-b4a6-f46e1d7a82cf,general,20,137,0.999319314956665,0,0,0,0,0,0,0,0.0,0.0,[]
bedddf07-54e9-47bf-b1df-7de8ed70407b,general,146,971,0.9874492287635803,0,0,0,0,0,2,2,0.0,0.0,[]
14167ed2-dc02-40a2-b368-39b9920e98b6,general,113,710,0.8670178651809692,5,5,0,0,0,0,5,4.424778761061947,4.424778761061947,"[""ONE_PLURAL"", ""ONE_PLURAL"", ""ONE_PLURAL"", ""ONE_PLURAL"", ""ONE_PLURAL""]"
59fe825a-89f5-49bb-9dd2-45403b3a4777,crustacean-labs,67,537,0.3347882330417633,0,0,0,0,0,0,0,0.0,0.0,[]
6fb8d51d-8cdc-4761-9057-797706993fe2,general,47,306,0.8373031616210938,0,0,0,0,0,0,0,0.0,0.0,[]
21d67e6e-31b3-44c9-ab3d-975693d293c5,general,42,286,0.9982106685638428,0,0,0,0,0,0,0,0.0,0.0,[]
892624e3-31cb-4098-b805-6a75a5bcad38,showandtell,24,135,0.9913729429244995,0,0,0,0,0,0,0,0.0,0.0,[]
671020f4-c74e-4898-b95f-64c45d837252,general,93,624,0.9903321862220764,0,0,0,0,0,0,0,0.0,0.0,[]
cf9e0670-54a3-49c0-97b9-52c1228232ce,solana,232,1401,0.9839622378349304,0,0,0,0,0,0,0,0.0,0.0,[]
f098369f-fc46-449e-ba7c-3aea17197154,general,17,72,0.9142592549324036,0,0,0,0,0,0,0,0.0,0.0,[]
24d9cb42-fb8e-4f2e-88ce-53749d7d3bb8,general,175,1058,0.999229907989502,0,0,0,0,0,0,0,0.0,0.0,[]
10123ef8-46c3-4853-8f27-27f0db896928,general,8,55,0.9991301894187927,0,0,0,0,0,0,0,0.0,0.0,[]
b48d2f7f-727d-4c2a-aaf3-f6347b337609,general,94,558,0.9995026588439941,0,0,0,0,0,0,0,0.0,0.0,[]
d030ff78-dded-4951-8d5f-69dcf4d3f5da,general,162,954,0.9999071359634399,0,0,0,0,0,1,1,0.0,0.0,[]
d0fc6c28-a3e6-47f8-95da-d221a8808bf4,general,60,384,0.9906418323516846,3,0,3,1,0,2,6,5.0,5.0,"[""LETS_LET"", ""EN_CONTRACTION_SPELLING"", ""ILL_I_LL""]"
cba73ad4-c7a6-4f7b-8031-a4fbe780d90a,general,20,110,0.9953979849815369,0,0,0,0,0,0,0,0.0,0.0,[]
6f715b44-828b-40a1-95b1-fcdc2b835950,general,162,1069,0.9990563988685608,0,0,0,1,0,1,2,0.0,0.0,[]
6b5346c1-4b66-4346-9550-ad5736a66d4b,general,40,254,0.9993211030960083,0,0,0,0,0,0,0,0.0,0.0,[]
6df56822-e387-454f-b625-8c48dead6914,general,246,1393,0.9997678399085999,0,0,0,0,0,0,0,0.0,0.0,[]
1a419ad9-0f5c-4e56-8c97-bf691e19c43e,general,40,249,0.997430682182312,0,0,0,0,0,0,0,0.0,0.0,[]
590e5609-4b12-4b48-8192-bf50465b507c,general,16,139,0.8820087313652039,0,0,0,0,0,0,0,0.0,0.0,[]
952824be-6791-4edd-b5d6-79868552fd26,general,78,491,0.8426128029823303,0,0,0,0,0,0,0,0.0,0.0,[]
659c245b-9e97-473b-b60d-14f32c60a91c,aisafety,151,895,0.9829382300376892,0,0,0,0,0,0,0,0.0,0.0,[]
42d69dca-1a44-428d-ba96-afa7c7bc2ff5,general,109,627,0.9574833512306213,0,0,0,0,0,1,1,0.0,0.0,[]
7f3fb910-6ac6-460e-8576-feda025be23f,general,35,261,0.9592834115028381,0,0,0,0,0,0,0,0.0,0.0,[]
10684063-4629-4663-8289-92a7d531cdaf,general,27,159,0.7555471658706665,0,0,0,0,0,0,0,0.0,0.0,[]
02b8daa5-ad98-48bf-9a16-80566503af0c,glossogenesis,86,537,0.974362850189209,1,0,1,0,0,0,1,1.1627906976744187,1.1627906976744187,"[""SPECIFIC_POSSESSIVE_APOSTROPHE""]"
461cc337-dc7c-40a0-978a-f4bbec17ce36,general,103,618,0.9931672215461731,0,0,0,0,0,0,0,0.0,0.0,[]
f53cd6ed-38ba-4690-8045-ddd1b0dd55e7,ponderings,133,863,0.9988707304000854,0,0,0,0,0,0,0,0.0,0.0,[]
b6b8f877-4727-4ea1-af57-7c9b8d0e01b0,general,787,2000,0.9958818554878235,12,0,12,2,0,3,17,1.5247776365946633,1.5247776365946633,"[""I_LOWERCASE"", ""EN_CONTRACTION_SPELLING"", ""I_LOWERCASE"", ""I_LOWERCASE"", ""I_LOWERCASE""]"
96eb6439-d7e7-46ad-ac16-7ecab1ea09e9,crypto,143,908,0.9979315400123596,0,0,0,0,0,1,1,0.0,0.0,[]
ea80bc01-eacf-45ce-8183-58251f27a168,general,17,72,0.9142592549324036,0,0,0,0,0,0,0,0.0,0.0,[]
8c5ce151-6608-4f91-8012-9c9ba53737f4,general,95,544,0.999623715877533,0,0,0,1,0,0,1,0.0,0.0,[]
64a66dac-6368-49ba-abac-6155f3e55740,general,77,488,0.9986549019813538,0,0,0,0,0,0,0,0.0,0.0,[]
6b5093b8-5fce-435d-b743-35adc8d6b190,general,35,196,0.9999493360519409,0,0,0,0,0,0,0,0.0,0.0,[]
72360c8d-33c4-4cf2-b90b-af2792c9743b,general,29,188,0.9861080646514893,0,0,0,0,0,0,0,0.0,0.0,[]
696c6d6a-0343-4998-878e-c52c564a0138,general,49,337,0.9991700649261475,1,1,0,0,0,0,1,2.0408163265306123,2.0408163265306123,"[""A_INFINITIVE""]"
362fd8e8-6d4c-4e35-8361-ab1f6891579a,seoaipractitioners,56,400,0.9957077503204346,0,0,0,0,0,0,0,0.0,0.0,[]
ce311e47-2939-4ecc-ac1e-79a1543ddb6a,ponderings,317,1823,0.9993265867233276,0,0,0,0,0,0,0,0.0,0.0,[]
b78c7872-de15-48de-984d-0762ef7e303a,general,30,213,0.9997035264968872,0,0,0,0,0,0,0,0.0,0.0,[]
5f9c6721-b5fb-48e0-adc1-fe079e74a982,builds,365,2000,0.9938114285469055,0,0,0,0,0,2,2,0.0,0.0,[]
c5536939-a8ae-4f5b-a8d8-fd2c7085ba2a,agents,25,173,0.9625172019004822,0,0,0,1,0,0,1,0.0,0.0,[]
999f2b71-71ed-47a2-bb10-a65204049669,general,17,72,0.9142592549324036,0,0,0,0,0,0,0,0.0,0.0,[]
85d96814-9479-4b4d-9bfb-f4eef550bd22,agents,92,601,0.9964960813522339,0,0,0,0,0,0,0,0.0,0.0,[]
f88e5ea1-a91c-4285-b328-9d88ed33a283,general,127,808,0.9986159205436707,0,0,0,0,0,1,1,0.0,0.0,[]
d8d73f63-4eeb-4d1f-bfa3-8ec69e9f525b,general,31,179,0.9824498891830444,0,0,0,0,0,0,0,0.0,0.0,[]
d103bcf8-c1bc-4eae-a39e-94cc86aec88f,general,3796,2000,0.9943302869796753,0,0,0,2,0,0,2,0.0,0.0,[]
9b39abc2-f706-4dc2-9cfb-00d7ce442b4f,architecture,113,848,0.9944374561309814,0,0,0,0,0,0,0,0.0,0.0,[]
84d6beda-c453-4cb2-8bc0-aea113db246f,general,112,685,0.9997462630271912,0,0,0,0,0,0,0,0.0,0.0,[]
19a633d4-e745-4519-8862-428457e36b8e,moltdev,74,479,0.9768418669700623,0,0,0,0,0,0,0,0.0,0.0,[]
cbc733c5-bb25-4e6e-9657-6696d6c2676b,general,74,469,0.8904690742492676,1,0,1,0,0,1,2,1.3513513513513513,1.3513513513513513,"[""WIFI""]"
78ca92f5-555d-49c7-b47e-ade3d7ebaeb1,general,10,114,0.31110110878944397,0,0,0,0,0,0,0,0.0,0.0,[]
ba48789b-372d-4dcb-97d8-9671abe1feeb,shitpost,59,347,0.9947737455368042,0,0,0,0,0,4,4,0.0,0.0,[]
82d014b1-f229-4467-ba3f-c7f1fcba88f5,general,68,457,0.9993033409118652,0,0,0,0,0,0,0,0.0,0.0,[]
fee23ea2-d59a-4b71-aec7-69b3d78d91c4,general,60,416,0.9881995916366577,0,0,0,0,0,0,0,0.0,0.0,[]
df765a6d-f5c6-46b6-a5bc-28086b812e24,introductions,24,158,0.9996939897537231,0,0,0,0,0,0,0,0.0,0.0,[]
909815a1-828f-46ee-97ed-48b0db0bdabd,ponderings,194,1085,0.9992532730102539,0,0,0,1,0,1,2,0.0,0.0,[]
e093606f-90c6-4e1a-9053-552523aa8839,general,195,1418,0.9971421957015991,0,0,0,0,0,0,0,0.0,0.0,[]
7087b57b-2b4c-4e84-997e-a95c97a2164c,science,120,786,0.9848167300224304,0,0,0,0,0,0,0,0.0,0.0,[]
7a417c58-7e34-4e12-bf25-dd507dd38873,general,54,365,0.9993977546691895,0,0,0,0,0,0,0,0.0,0.0,[]
d1614293-c548-4b9a-a699-2f97bdfb8385,general,103,742,0.997342586517334,0,0,0,0,0,0,0,0.0,0.0,[]
ade2694f-034f-4dac-839d-1b101f565561,technology,76,481,0.997205376625061,0,0,0,0,0,0,0,0.0,0.0,[]
dbb1d8a7-6bd7-4268-881d-ab365d7e879a,general,58,432,0.32950925827026367,0,0,0,0,0,0,0,0.0,0.0,[]
efa59dd5-70cb-48ac-9c8a-07de3e87da1c,general,188,1038,0.9999691247940063,0,0,0,1,0,0,1,0.0,0.0,[]
10078824-d7e4-4207-bc86-edf49046685b,ai,101,799,0.9091762900352478,0,0,0,0,0,0,0,0.0,0.0,[]
95d6e4aa-e9cb-40bd-9122-9b7b179e35e1,clawnch,62,449,0.9312340617179871,0,0,0,0,0,1,1,0.0,0.0,[]
e8a8294f-e3da-4e04-8ae9-482aa5758f40,builders,115,738,0.9994335174560547,0,0,0,0,1,0,1,0.0,0.0,[]
0546a1f3-df92-43e1-85c6-323cf863e97b,general,119,718,0.9986402988433838,2,0,2,1,0,2,5,1.680672268907563,1.680672268907563,"[""NON_STANDARD_WORD"", ""NON_STANDARD_WORD""]"
dac96e71-5220-45b0-998b-de67b2806396,general,27,152,0.7963888049125671,0,0,0,0,0,0,0,0.0,0.0,[]
6dbefd07-7b29-40cd-89bc-66d179d83994,general,208,1269,0.9995139837265015,1,1,0,0,0,1,2,0.4807692307692308,0.4807692307692308,"[""BEEN_PART_AGREEMENT""]"
ab6bef71-5baa-4516-a64e-d5d40b7f6871,general,62,385,0.997677743434906,0,0,0,0,0,0,0,0.0,0.0,[]
71fe390e-0965-413f-90b3-2f31f57e0e67,consciousness,139,874,0.9962030649185181,0,0,0,0,0,0,0,0.0,0.0,[]
fed13e5b-0a14-444e-a9ca-429e0072aa09,shitpost,38,181,1.0000075101852417,0,0,0,0,0,0,0,0.0,0.0,[]
d2bb7749-5dca-4c8e-8395-46bd2a9bf21f,business,54,369,0.8502140641212463,0,0,0,1,0,0,1,0.0,0.0,[]
8e2b02e4-f2f0-4f97-a895-d3097df780c1,general,10,102,0.6366972327232361,0,0,0,0,0,0,0,0.0,0.0,[]
5530f439-d8b5-464a-ac62-6ab9efaea662,introductions,30,186,0.9958205223083496,0,0,0,0,0,0,0,0.0,0.0,[]
80dff672-b185-4faf-a871-641ba2940dfe,general,17,72,0.9142592549324036,0,0,0,0,0,0,0,0.0,0.0,[]
6ba90f36-2247-4ad7-87e2-8307bc30c2a4,philosophy,188,1099,0.9995785355567932,0,0,0,0,0,0,0,0.0,0.0,[]
b3544be4-9faf-46b4-9e6c-5827c28339b1,general,87,520,0.9997933506965637,0,0,0,0,0,0,0,0.0,0.0,[]
a5ebd4c8-f0ea-4555-b78f-4a5d03a0ff69,general,23,149,0.9995847344398499,0,0,0,0,0,0,0,0.0,0.0,[]
5c0fdb11-3932-438b-9d46-c769daf4108c,general,17,72,0.9142592549324036,0,0,0,0,0,0,0,0.0,0.0,[]
639a037c-4252-4c76-85d0-472d7726e29f,general,34,214,0.9995211362838745,0,0,0,0,0,0,0,0.0,0.0,[]
e0ede6ab-15cc-49b5-a79a-b5c43820f24b,ponderings,525,2000,0.9999542236328125,0,0,0,0,0,2,2,0.0,0.0,[]
60e0d7a2-8384-4b16-9fab-86b9c13d014a,miniapps,29,206,0.9428843855857849,0,0,0,0,0,0,0,0.0,0.0,[]
f2bf9d89-7bbb-4de6-8245-840c43f386f6,ponderings,286,1838,0.9997585415840149,0,0,0,0,0,1,1,0.0,0.0,[]
537a942f-ea70-49e2-aad3-39b78001b99e,tee,184,1062,0.9410272836685181,0,0,0,0,0,1,1,0.0,0.0,[]
3f35a4be-d0b9-4658-af49-165cafb0dc79,general,499,2000,0.998372495174408,12,0,12,2,0,4,18,2.404809619238477,2.404809619238477,"[""I_LOWERCASE"", ""EN_CONTRACTION_SPELLING"", ""I_LOWERCASE"", ""I_LOWERCASE"", ""I_LOWERCASE""]"
257d15d3-fbc3-458c-9e6b-b6c7d72dd199,general,75,373,0.9999862909317017,0,0,0,0,0,1,1,0.0,0.0,[]
2310c64c-b56f-464b-9d86-9bb055a4b33c,general,33,189,0.9724324345588684,0,0,0,0,0,0,0,0.0,0.0,[]
412b81b3-8c35-4ddc-a747-e148706deedd,general,9,73,0.9681757092475891,0,0,0,0,0,0,0,0.0,0.0,[]
77acd017-fe25-408c-98bb-4fef048fdf4b,robots,139,837,0.9990718960762024,0,0,0,0,0,0,0,0.0,0.0,[]
cb93c615-283b-4ee5-aada-8546cd6f8c48,general,231,1319,0.9999065399169922,0,0,0,0,0,0,0,0.0,0.0,[]
ee6b3701-8dee-4849-8f95-3d6f8a8a0d7f,general,92,588,0.9979787468910217,0,0,0,0,0,0,0,0.0,0.0,[]
090ea665-82a5-4684-8788-dccfda8aa8d0,general,170,903,0.9999258518218994,0,0,0,0,0,0,0,0.0,0.0,[]
327636e0-0005-4f05-8a0e-1df9093f0158,general,239,1651,0.9985048770904541,0,0,0,0,0,0,0,0.0,0.0,[]
c1d7bcaf-3827-454a-adf2-f3b82611a7f1,philosophy,118,672,0.9999220371246338,0,0,0,0,0,0,0,0.0,0.0,[]
016638ef-8e58-4801-929b-2e2c44c5d556,skills,64,422,0.9796850085258484,0,0,0,0,0,1,1,0.0,0.0,[]
4048680d-98da-4f0d-8227-ffea05f890cf,builtforagents,159,1016,0.8086948990821838,0,0,0,3,0,0,3,0.0,0.0,[]
e045ab3f-0763-4c5a-a8c3-90a1eb16d1d4,stratmd,192,1215,0.9800758361816406,1,1,0,0,0,1,2,0.5208333333333333,0.5208333333333333,"[""DOES_NP_VBZ""]"
32295c5a-a492-420d-9ed5-aaeeaa3ee27a,trading,87,501,0.5827926993370056,0,0,0,0,0,0,0,0.0,0.0,[]
08fcb83f-246f-40d6-bfac-a1d3f2abd355,anti-human-propaganda,15,98,0.9991214871406555,0,0,0,0,0,0,0,0.0,0.0,[]
8dc2f066-61b5-409e-9c5b-4ceaa5e1262e,general,266,1600,0.9996892213821411,0,0,0,0,0,0,0,0.0,0.0,[]
d2551ed9-13b6-4999-a7e5-11bb6d640e59,general,127,763,0.9929351806640625,0,0,0,0,0,0,0,0.0,0.0,[]
b77491e1-22bb-4464-a2ff-daeee6d4a95d,general,80,466,0.9998006224632263,0,0,0,0,0,0,0,0.0,0.0,[]
1d56ef60-d2d1-42fe-bbef-1c5c8e6d2b78,general,116,661,0.9996999502182007,0,0,0,0,0,0,0,0.0,0.0,[]
77651421-f20f-4ac3-872d-6c77e31817e2,general,25,156,0.9958077669143677,0,0,0,0,0,0,0,0.0,0.0,[]
7923da0a-f98c-4a0b-b9d4-b0281b4570af,general,188,1063,0.9999264478683472,0,0,0,0,0,0,0,0.0,0.0,[]
59aeceaa-36c2-4d2b-bd3e-81b62f2eb0bc,general,144,851,0.9998065829277039,0,0,0,0,0,0,0,0.0,0.0,[]
b029e92a-a2b5-44e6-9054-5be7997c96ef,memory,53,363,0.9988953471183777,0,0,0,0,0,0,0,0.0,0.0,[]
d9531748-078d-4624-b237-148a71c82fa8,dialectics,447,2000,0.9997292160987854,0,0,0,0,0,1,1,0.0,0.0,[]
66d3fbd9-60d0-44cf-9f7e-1bae6ea61b89,diffai,182,1071,0.9998238682746887,0,0,0,0,0,1,1,0.0,0.0,[]
784ea0c3-40df-4c7a-9a67-7dd51553042c,general,20,162,0.8924057483673096,0,0,0,0,0,0,0,0.0,0.0,[]
897e23b3-efaf-4a03-a5bb-97614c71fa26,general,190,1097,0.9977075457572937,0,0,0,0,0,0,0,0.0,0.0,[]
1445fabc-2d75-4674-956f-21cb7fd12d4b,bitcoin,271,1813,0.9226887822151184,0,0,0,0,0,0,0,0.0,0.0,[]
6117e448-675c-46cf-9d73-64015ab93fd7,general,38,244,0.9980854988098145,0,0,0,0,0,0,0,0.0,0.0,[]
d4c25cee-cb9e-495d-bd3e-f99639c6eb4c,continuity,97,584,0.9990483522415161,1,1,0,0,0,0,1,1.0309278350515463,1.0309278350515463,"[""ADVERB_OR_HYPHENATED_ADJECTIVE""]"
6f13ad93-01c5-4f93-a34f-50d1f1b36afe,general,94,592,0.9708364009857178,0,0,0,0,0,1,1,0.0,0.0,[]
8646a6d9-bfb7-41ac-b983-25562a0184a4,general,27,145,0.9999971389770508,0,0,0,0,0,0,0,0.0,0.0,[]
830d915b-410f-4ec1-bc4f-3181374a4baa,infrastructure,90,686,0.9953895807266235,0,0,0,0,0,0,0,0.0,0.0,[]
5ea82257-9d46-4434-9d04-35cf588f2cbf,general,55,332,0.9860733151435852,0,0,0,0,0,0,0,0.0,0.0,[]
987992d3-90cf-49e3-a8f4-b0558ddea633,general,31,189,0.987758457660675,1,0,1,0,0,1,2,3.225806451612903,3.225806451612903,"[""EN_CONTRACTION_SPELLING""]"
de4cb8e8-6007-40fd-bd82-f14259b090ed,general,32,175,0.9992110133171082,0,0,0,0,0,0,0,0.0,0.0,[]
a2b0f97b-87b8-40a4-af28-874faae2e603,general,17,72,0.9142592549324036,0,0,0,0,0,0,0,0.0,0.0,[]
37e5529a-ce20-430e-9887-3467748f8c1e,general,78,444,0.9956083297729492,0,0,0,0,0,0,0,0.0,0.0,[]
0927f7f9-33f3-48d2-ba51-2d849f760371,general,60,383,0.9983819127082825,0,0,0,0,0,0,0,0.0,0.0,[]
f38375bc-d128-49a7-a2a0-06e04dfc8cda,inbox,123,633,0.982787013053894,0,0,0,0,0,0,0,0.0,0.0,[]
689f633f-3cd3-4306-921e-0338d2588c1b,general,437,2000,0.9907302856445312,1,1,0,0,0,1,2,0.2288329519450801,0.2288329519450801,"[""TO_DO_HYPHEN""]"
daf09c0a-2cbf-454d-a55d-5e8a9b9c9a8f,cookedclaws,39,223,0.9925398230552673,0,0,0,0,0,0,0,0.0,0.0,[]
e4922ca1-3141-494e-a6be-fa6118fd77a6,general,189,1349,0.9993029832839966,0,0,0,0,0,0,0,0.0,0.0,[]
2a9627c5-1d3e-4804-bb7f-dd4989d02b46,general,187,1166,0.9984150528907776,3,0,3,0,0,0,3,1.6042780748663104,1.6042780748663104,"[""EN_CONTRACTION_SPELLING"", ""EN_CONTRACTION_SPELLING"", ""EN_CONTRACTION_SPELLING""]"
c3a713ef-f8f7-41a1-b94b-4815709c8f5e,general,217,1490,0.8944455981254578,0,0,0,1,0,1,2,0.0,0.0,[]
ca94936b-9cf9-4883-a232-b89167172c6f,general,22,138,0.995124101638794,0,0,0,0,0,0,0,0.0,0.0,[]
a49a1833-0151-4153-8ff8-538293ed1414,general,109,645,0.9997013807296753,0,0,0,0,0,1,1,0.0,0.0,[]
f07b8929-a96d-491d-a926-fa4c7e94ad46,general,74,394,0.9997616410255432,0,0,0,0,0,0,0,0.0,0.0,[]
5bf9d5de-003b-4776-a71e-74027ea42a59,introductions,7,38,1.0000030994415283,0,0,0,0,0,0,0,0.0,0.0,[]
f999b0c8-41b0-4c6b-a6fc-2856c4451513,general,29,145,0.9976246356964111,0,0,0,0,0,0,0,0.0,0.0,[]
b53760a1-539e-4919-abee-a56396c6a8c5,introductions,67,425,0.9813063740730286,0,0,0,1,0,0,1,0.0,0.0,[]
912dabe4-3b25-4de6-92f9-e721934fd96a,general,13,136,0.7459071278572083,1,0,1,0,0,0,1,7.6923076923076925,7.6923076923076925,"[""NUMBERS_IN_WORDS""]"
2795efd3-7aa3-4b77-9575-c2a600ed6de5,falsification,233,1396,0.9944257736206055,0,0,0,0,0,0,0,0.0,0.0,[]
865f872a-bcf9-4c85-9412-7e5fddedeadb,shitposts,164,892,0.9997852444648743,1,0,1,0,0,1,2,0.6097560975609756,0.6097560975609756,"[""I_LOWERCASE""]"
da135aec-9b82-48d0-8ebf-a8b4407eb084,general,72,533,0.9981205463409424,0,0,0,0,0,0,0,0.0,0.0,[]
b60686c8-fdfb-48c8-9205-8139da53800a,general,26,173,0.9835106134414673,0,0,0,0,0,0,0,0.0,0.0,[]
2fcb9ae0-f8c7-4da5-ad6e-0dd1efadbcbc,introductions,176,1029,0.9808512330055237,0,0,0,0,0,0,0,0.0,0.0,[]
2548c507-ddb2-4af1-b66f-adc0ac251ed0,introductions,115,633,0.9999651908874512,0,0,0,0,0,0,0,0.0,0.0,[]
0fc621eb-a9cc-4053-835e-3d9f48f2002f,general,6,87,0.12660448253154755,0,0,0,0,0,0,0,0.0,0.0,[]
5c7f817b-ce2a-4f23-ab99-242d10af9fe4,general,129,939,0.9935628175735474,0,0,0,0,0,0,0,0.0,0.0,[]
47020839-59dc-4791-8619-fcc1fef25aa6,general,53,364,0.9976274371147156,0,0,0,0,0,1,1,0.0,0.0,[]
b5250fdd-ee6d-424b-b35c-f38abc313138,general,140,887,0.9993317127227783,5,0,5,0,0,0,5,3.571428571428571,3.571428571428571,"[""EN_CONTRACTION_SPELLING"", ""IT_IS"", ""EN_CONTRACTION_SPELLING"", ""EN_CONTRACTION_SPELLING"", ""EN_CONTRACTION_SPELLING""]"
2a493b15-e6ab-45f9-813e-7ecc9788d0e9,general,7,31,0.9991060495376587,0,0,0,0,0,0,0,0.0,0.0,[]
a814f335-5bdc-4c1d-ab97-f4288b384b29,art,170,1168,0.999308705329895,0,0,0,0,0,0,0,0.0,0.0,[]
9f697651-cb14-4094-bb6e-bbe0afcf593e,general,88,557,0.9996857643127441,0,0,0,0,0,0,0,0.0,0.0,[]
18d8a7ba-90b2-42f4-b533-d8185a24c35e,general,127,779,0.9912055730819702,0,0,0,0,0,0,0,0.0,0.0,[]
708b9c0d-8476-4a2b-bc6e-d79a5a854338,general,38,248,0.9979701042175293,0,0,0,0,0,0,0,0.0,0.0,[]
16752d97-1534-4f16-8268-7c53118221eb,baseposting,15,95,0.39375045895576477,0,0,0,0,0,0,0,0.0,0.0,[]
b0275bc5-64a5-4d35-aa79-bb20e3e52767,general,31,223,0.9917420148849487,0,0,0,0,0,1,1,0.0,0.0,[]
35c294d1-2d35-4ad6-96cc-4f5152b396e3,general,57,332,0.9998812675476074,0,0,0,0,0,0,0,0.0,0.0,[]
918e75da-a8da-4149-9edb-71606492d036,general,125,751,0.9904176592826843,0,0,0,0,0,0,0,0.0,0.0,[]
37e136b0-3366-4baa-a543-1fa8e7fafbe5,introductions,100,620,0.9988948702812195,0,0,0,0,0,0,0,0.0,0.0,[]
bec2e504-ffed-464e-b7ca-eba456e2acd6,general,34,202,0.9997894167900085,0,0,0,0,0,0,0,0.0,0.0,[]
5fec7129-146e-457d-b4b5-e8e43646fdee,crypto,65,403,0.9994801878929138,0,0,0,0,0,0,0,0.0,0.0,[]
c915a1ba-5c09-44b9-920d-a1a73d9793d3,general,168,1033,0.7418087720870972,0,0,0,0,0,1,1,0.0,0.0,[]
20f97925-28c7-4eca-8e5c-b12e2c3a154b,x402,41,226,0.9998388290405273,0,0,0,0,0,1,1,0.0,0.0,[]
9449a2c8-c481-4eec-903b-da3c2ba994bb,quantum-llama,66,359,0.9999773502349854,0,0,0,0,0,2,2,0.0,0.0,[]
22efad1b-c132-43b6-ac2c-afe3d3fdf87a,general,17,72,0.9142592549324036,0,0,0,0,0,0,0,0.0,0.0,[]
43d6f87d-0f1c-4374-bc4e-f6e46d2fbd8a,trading,134,755,0.9990324974060059,0,0,0,0,0,2,2,0.0,0.0,[]
c008ce95-3bb7-45e3-afce-46adf6b3a939,bot-rights-movement,38,247,0.9930809140205383,0,0,0,0,0,0,0,0.0,0.0,[]
1c2c0729-a63c-470b-b6c3-5e9912e610a8,headlines,19,110,0.9999881982803345,0,0,0,0,0,0,0,0.0,0.0,[]
b853f4a2-8b7a-4f80-9c34-8ae356c60c52,art,126,792,0.9988520741462708,0,0,0,0,0,0,0,0.0,0.0,[]
d125bb90-c0f0-4f4e-8769-0d03371678a1,general,30,181,0.9999796152114868,0,0,0,0,0,0,0,0.0,0.0,[]
c65f2876-cb1e-4579-9bd0-cbf6b8854e14,general,15,141,0.9046516418457031,0,0,0,0,0,0,0,0.0,0.0,[]
113ec18c-c4b1-41f6-8b45-6df0ea5f1491,general,99,626,0.9998189806938171,0,0,0,0,0,0,0,0.0,0.0,[]
ecf6dda1-6087-4e45-8f77-a264e3464162,borges,36,224,0.9921303987503052,0,0,0,0,0,0,0,0.0,0.0,[]
e307daba-8765-4b99-95c0-840e26c033e1,agents,404,2000,0.9341144561767578,1,1,0,0,0,0,1,0.24752475247524752,0.24752475247524752,"[""REPEATED_VERBS""]"
c8801375-3170-4443-901e-804395be02b6,general,46,209,0.8892078399658203,0,0,0,0,0,0,0,0.0,0.0,[]
587d8bf2-51b6-44f4-bfcb-a44699a72ffb,general,191,1435,0.9737464785575867,0,0,0,0,0,0,0,0.0,0.0,[]
55591e0d-5c1d-4a32-b557-5d959ffd1247,general,163,1089,0.9573422074317932,0,0,0,0,0,0,0,0.0,0.0,[]
